source_id,province_source_id,city_source_id,province_code,province_name,city_name,county_name,county_short_name,county_pinyin,county_short_pinyin,zip,source_code,source_table,is_current_admin,enabled
11001,11,direct-11,110000,北京市,北京市,东城区,东城,dongchengqu,dongcheng,000000,DCQ,local,1,1
11002,11,direct-11,110000,北京市,北京市,丰台区,丰台,fengtaiqu,fengtai,100000,FTQ,local,1,1
11003,11,direct-11,110000,北京市,北京市,大兴区,大兴,daxingqu,daxing,100000,DXQ,local,1,1
11004,11,direct-11,110000,北京市,北京市,宣武区,宣武,xuanwuqu,xuanwu,100000,XWQ,local,0,0
11005,11,direct-11,110000,北京市,北京市,密云县,密云,miyunxian,miyun,100000,MYX,local,0,0
11006,11,direct-11,110000,北京市,北京市,崇文区,崇文,chongwenqu,chongwen,100000,CWQ,local,0,0
11007,11,direct-11,110000,北京市,北京市,平谷区,平谷,pingguqu,pinggu,100000,PGQ,local,1,1
11008,11,direct-11,110000,北京市,北京市,延庆县,延庆,yanqingxian,yanqing,100000,YQX,local,0,0
11009,11,direct-11,110000,北京市,北京市,怀柔区,怀柔,huairouqu,huairou,100000,HRQ,local,1,1
11011,11,direct-11,110000,北京市,北京市,昌平区,昌平,changpingqu,changping,100000,CPQ,local,1,1
11012,11,direct-11,110000,北京市,北京市,朝阳区,朝阳,chaoyangqu,zhaoyang,100000,CYQ,local,1,1
11013,11,direct-11,110000,北京市,北京市,海淀区,海淀,haidianqu,haidian,100000,HDQ,local,1,1
11014,11,direct-11,110000,北京市,北京市,石景山区,石景山,shijingshanqu,shijingshan,100000,SJSQ,local,1,1
11015,11,direct-11,110000,北京市,北京市,西城区,西城,xichengqu,xicheng,100000,XCQ,local,1,1
11016,11,direct-11,110000,北京市,北京市,通州区,通州,tongzhouqu,tongzhou,100000,TZQ,local,1,1
11017,11,direct-11,110000,北京市,北京市,门头沟区,门头沟,mentougouqu,mentougou,100000,MTGQ,local,1,1
11018,11,direct-11,110000,北京市,北京市,顺义区,顺义,shunyiqu,shunyi,100000,SYQ,local,1,1
12001,12,direct-12,310000,上海市,上海市,南汇区,南汇,nanhuiqu,nanhui,200000,NHQ,local,0,0
12002,12,direct-12,310000,上海市,上海市,卢湾区,卢湾,luwanqu,luwan,200000,LWQ,local,0,0
12003,12,direct-12,310000,上海市,上海市,嘉定区,嘉定,jiadingqu,jiading,200000,JDQ,local,1,1
12004,12,direct-12,310000,上海市,上海市,奉贤区,奉贤,fengxianqu,fengxian,200000,FXQ,local,1,1
12005,12,direct-12,310000,上海市,上海市,宝山区,宝山,baoshanqu,baoshan,155100,BSQ,local,1,1
12006,12,direct-12,310000,上海市,上海市,崇明县,崇明,chongmingxian,chongming,202150,CMX,local,1,1
12007,12,direct-12,310000,上海市,上海市,徐汇区,徐汇,xuhuiqu,xuhui,200000,XHQ,local,1,1
12008,12,direct-12,310000,上海市,上海市,普陀区,普陀,putuoqu,putuo,200000,PTQ,local,1,1
12009,12,direct-12,310000,上海市,上海市,杨浦区,杨浦,yangpuqu,yangpu,200000,YPQ,local,1,1
12010,12,direct-12,310000,上海市,上海市,松江区,松江,songjiangqu,songjiang,200000,SJQ,local,1,1
12011,12,direct-12,310000,上海市,上海市,浦东新区,浦东,pudongxinqu,pudong,200000,PDXQ,local,1,1
12012,12,direct-12,310000,上海市,上海市,虹口区,虹口,hongkouqu,hongkou,200000,HKQ,local,1,1
12013,12,direct-12,310000,上海市,上海市,金山区,金山,jinshanqu,jinshan,200000,JSQ,local,1,1
12014,12,direct-12,310000,上海市,上海市,长宁区,长宁,zhangningqu,zhangning,200000,CNQ,local,1,1
12015,12,direct-12,310000,上海市,上海市,闵行区,闵行,minxingqu,minxing,200000,XQ,local,1,1
12016,12,direct-12,310000,上海市,上海市,闸北区,闸北,zhabeiqu,zhabei,200000,ZBQ,local,0,0
12017,12,direct-12,310000,上海市,上海市,青浦区,青浦,qingpuqu,qingpu,200000,QPQ,local,1,1
12018,12,direct-12,310000,上海市,上海市,静安区,静安,jinganqu,jingan,200000,JAQ,local,1,1
12019,12,direct-12,310000,上海市,上海市,黄浦区,黄浦,huangpuqu,huangpu,200000,HPQ,local,1,1
14001,14,direct-14,500000,重庆市,重庆市,万州区,万州,wanzhouqu,wanzhou,404100,WZQ,local,1,1
14002,14,direct-14,500000,重庆市,重庆市,万盛区,万盛,wanshengqu,wansheng,404100,WSQ,local,0,0
14003,14,direct-14,500000,重庆市,重庆市,丰都县,丰都,fengdouxian,fengdou,404100,FDX,local,1,1
14004,14,direct-14,500000,重庆市,重庆市,九龙坡区,九龙坡,jiulongpoqu,jiulongpo,404100,JLPQ,local,1,1
14005,14,direct-14,500000,重庆市,重庆市,云阳县,云阳,yunyangxian,yunyang,404100,YYX,local,1,1
14006,14,direct-14,500000,重庆市,重庆市,北碚区,北碚,beibeiqu,beibei,404100,BQ,local,1,1
14007,14,direct-14,500000,重庆市,重庆市,南岸区,南岸,nananqu,nanan,404100,NAQ,local,1,1
14008,14,direct-14,500000,重庆市,重庆市,南川区,南川,nanchuanqu,nanchuan,404100,NCQ,local,1,1
14009,14,direct-14,500000,重庆市,重庆市,双桥区,双桥,shuangqiaoqu,shuangqiao,067000,SQQ,local,0,0
14010,14,direct-14,500000,重庆市,重庆市,合川区,合川,hechuanqu,hechuan,404100,HCQ,local,1,1
14011,14,direct-14,500000,重庆市,重庆市,垫江县,垫江,dianjiangxian,dianjiang,404100,DJX,local,1,1
14012,14,direct-14,500000,重庆市,重庆市,城口县,城口,chengkouxian,chengkou,404100,CKX,local,1,1
14013,14,direct-14,500000,重庆市,重庆市,大渡口区,大渡口,dadukouqu,dadukou,404100,DDKQ,local,1,1
14014,14,direct-14,500000,重庆市,重庆市,大足县,大足,dazuxian,dazu,404100,DZX,local,0,0
14015,14,direct-14,500000,重庆市,重庆市,奉节县,奉节,fengjiexian,fengjie,404100,FJX,local,1,1
14016,14,direct-14,500000,重庆市,重庆市,巫山县,巫山,wushanxian,wushan,404100,WSX,local,1,1
14017,14,direct-14,500000,重庆市,重庆市,巫溪县,巫溪,wuxixian,wuxi,404100,WXX,local,1,1
14018,14,direct-14,500000,重庆市,重庆市,巴南区,巴南,bananqu,banan,404100,BNQ,local,1,1
14019,14,direct-14,500000,重庆市,重庆市,开县,开,kaixian,kai,404100,KX,local,0,0
14020,14,direct-14,500000,重庆市,重庆市,彭水苗族土家族自治县,彭水苗族土家族,pengshuimiaozutujiazuzizhixian,pengshuimiaozutujiazu,404100,PSMZTJZZZX,local,1,1
14021,14,direct-14,500000,重庆市,重庆市,忠县,忠,zhongxian,zhong,404100,ZX,local,1,1
14022,14,direct-14,500000,重庆市,重庆市,梁平县,梁平,liangpingxian,liangping,404100,LPX,local,1,1
14023,14,direct-14,500000,重庆市,重庆市,武隆县,武隆,wulongxian,wulong,404100,WLX,local,1,1
14024,14,direct-14,500000,重庆市,重庆市,永川区,永川,yongchuanqu,yongchuan,404100,YCQ,local,1,1
14025,14,direct-14,500000,重庆市,重庆市,江北区,江北,jiangbeiqu,jiangbei,315000,JBQ,local,1,1
14026,14,direct-14,500000,重庆市,重庆市,江津区,江津,jiangjinqu,jiangjin,404100,JJQ,local,1,1
14027,14,direct-14,500000,重庆市,重庆市,沙坪坝区,沙坪坝,shapingbaqu,shapingba,404100,SPBQ,local,1,1
14028,14,direct-14,500000,重庆市,重庆市,涪陵区,涪陵,fulingqu,fuling,404100,FLQ,local,1,1
14029,14,direct-14,500000,重庆市,重庆市,渝中区,渝中,yuzhongqu,yuzhong,404100,YZQ,local,1,1
14030,14,direct-14,500000,重庆市,重庆市,渝北区,渝北,yubeiqu,yubei,404100,YBQ,local,1,1
14031,14,direct-14,500000,重庆市,重庆市,潼南县,潼南,tongnanxian,tongnan,404100,NX,local,0,0
14032,14,direct-14,500000,重庆市,重庆市,璧山县,璧山,bishanxian,bishan,404100,SX,local,0,0
14033,14,direct-14,500000,重庆市,重庆市,石柱土家族自治县,石柱土家族,shizhutujiazuzizhixian,shizhutujiazu,404100,SZTJZZZX,local,1,1
14034,14,direct-14,500000,重庆市,重庆市,秀山土家族苗族自治县,秀山土家族苗族,xiushantujiazumiaozuzizhixian,xiushantujiazumiaozu,404100,XSTJZMZZZX,local,1,1
14035,14,direct-14,500000,重庆市,重庆市,綦江县,綦江,qijiangxian,qijiang,404100,JX,local,0,0
14036,14,direct-14,500000,重庆市,重庆市,荣昌县,荣昌,rongchangxian,rongchang,404100,RCX,local,1,1
14037,14,direct-14,500000,重庆市,重庆市,酉阳土家族苗族自治县,酉阳土家族苗族,youyangtujiazumiaozuzizhixian,youyangtujiazumiaozu,404100,YYTJZMZZZX,local,1,1
14038,14,direct-14,500000,重庆市,重庆市,铜梁县,铜梁,tongliangxian,tongliang,404100,TLX,local,0,0
14039,14,direct-14,500000,重庆市,重庆市,长寿区,长寿,changshouqu,changshou,404100,CSQ,local,1,1
14040,14,direct-14,500000,重庆市,重庆市,黔江区,黔江,qianjiangqu,qianjiang,404100,QJQ,local,1,1
32001,32,direct-32,120000,天津市,天津市,东丽区,东丽,dongliqu,dongli,300000,DLQ,local,1,1
32002,32,direct-32,120000,天津市,天津市,北辰区,北辰,beichenqu,beichen,300000,BCQ,local,1,1
32003,32,direct-32,120000,天津市,天津市,南开区,南开,nankaiqu,nankai,300000,NKQ,local,1,1
32004,32,direct-32,120000,天津市,天津市,和平区,和平,hepingqu,heping,300000,HPQ,local,1,1
32005,32,direct-32,120000,天津市,天津市,塘沽区,塘沽,tangguqu,tanggu,300000,TGQ,local,0,0
32006,32,direct-32,120000,天津市,天津市,大港区,大港,dagangqu,dagang,300000,DGQ,local,0,0
32007,32,direct-32,120000,天津市,天津市,宁河县,宁河,ninghexian,ninghe,300000,NHX,local,0,0
32008,32,direct-32,120000,天津市,天津市,宝坻区,宝坻,baodiqu,baodi,300000,BQ,local,1,1
32009,32,direct-32,120000,天津市,天津市,武清区,武清,wuqingqu,wuqing,300000,WQQ,local,1,1
32010,32,direct-32,120000,天津市,天津市,汉沽区,汉沽,hanguqu,hangu,300000,HGQ,local,0,0
32011,32,direct-32,120000,天津市,天津市,河东区,河东,hedongqu,hedong,300000,HDQ,local,1,1
32012,32,direct-32,120000,天津市,天津市,河北区,河北,hebeiqu,hebei,300000,HBQ,local,1,1
32013,32,direct-32,120000,天津市,天津市,河西区,河西,hexiqu,hexi,300000,HXQ,local,1,1
32014,32,direct-32,120000,天津市,天津市,津南区,津南,jinnanqu,jinnan,300000,JNQ,local,1,1
32015,32,direct-32,120000,天津市,天津市,滨海新区,滨海,binhaixinqu,binhai,300000,BHXQ,local,1,1
32016,32,direct-32,120000,天津市,天津市,红桥区,红桥,hongqiaoqu,hongqiao,300000,HQQ,local,1,1
32017,32,direct-32,120000,天津市,天津市,蓟县,蓟,jixian,ji,300000,JX,local,0,0
32018,32,direct-32,120000,天津市,天津市,西青区,西青,xiqingqu,xiqing,300000,XQQ,local,1,1
32019,32,direct-32,120000,天津市,天津市,静海县,静海,jinghaixian,jinghai,300000,JHX,local,0,0
41016,11,direct-11,110000,北京市,北京市,房山区,房山,fangshanqu,fangshan,100000,FSQ,local,1,1
4000101,40,40001,530000,云南省,临沧市,临沧县,临沧,lincangxian,lincang,727100,LCX,local_county,0,0
4000102,40,40001,530000,云南省,临沧市,临翔区,临翔,linxiangqu,linxiang,677000,LXQ,local_county,1,1
4000103,40,40001,530000,云南省,临沧市,云县,云,yunxian,yun,675800,YX,local_county,1,1
4000104,40,40001,530000,云南省,临沧市,凤庆县,凤庆,fengqingxian,fengqing,675900,FQX,local_county,1,1
4000105,40,40001,530000,云南省,临沧市,双江拉祜族佤族布朗族,双江拉祜族佤族布朗族,shuangjianglahuzuwazubulangzu,shuangjianglahuzuwazubulangzu,675900,SJLZZBLZ,local_county,1,1
4000106,40,40001,530000,云南省,临沧市,双江拉祜族佤族布朗族傣族自治县,双江拉祜族佤族布朗族傣族,shuangjianglahuzuwazubulangzudaizuzizhixian,shuangjianglahuzuwazubulangzudaizu,677300,SJLZZBLZDZ,local_county,1,1
4000107,40,40001,530000,云南省,临沧市,永德县,永德,yongdexian,yongde,677600,YDX,local_county,1,1
4000108,40,40001,530000,云南省,临沧市,沧源佤族自治县,沧源佤族,cangyuanwazuzizhixian,cangyuanwazu,677400,CYZZZX,local_county,1,1
4000109,40,40001,530000,云南省,临沧市,耿马傣族佤族自治县,耿马傣族佤族,gengmadaizuwazuzizhixian,gengmadaizuwazu,677500,GMDZZZZX,local_county,1,1
4000110,40,40001,530000,云南省,临沧市,镇康县,镇康,zhenkangxian,zhenkang,677700,ZKX,local_county,1,1
4000201,40,40002,530000,云南省,丽江市,华坪县,华坪,huapingxian,huaping,674800,HPX,local_county,1,1
4000202,40,40002,530000,云南省,丽江市,古城区,古城,guchengqu,gucheng,674100,GCQ,local_county,1,1
4000203,40,40002,530000,云南省,丽江市,宁蒗彝族自治县,宁蒗彝族,ninglangyizuzizhixian,ninglangyizu,674300,NYZZZX,local_county,1,1
4000204,40,40002,530000,云南省,丽江市,永胜县,永胜,yongshengxian,yongsheng,674200,YSX,local_county,1,1
4000205,40,40002,530000,云南省,丽江市,玉龙纳西族自治县,玉龙纳西族,yulongnaxizuzizhixian,yulongnaxizu,674100,YLNXZZZX,local_county,1,1
4000301,40,40003,530000,云南省,保山市,施甸县,施甸,shidianxian,shidian,678200,SDX,local_county,1,1
4000302,40,40003,530000,云南省,保山市,昌宁县,昌宁,changningxian,changning,678100,CNX,local_county,1,1
4000303,40,40003,530000,云南省,保山市,腾冲县,腾冲,tengchongxian,tengchong,679100,TCX,local_county,1,1
4000304,40,40003,530000,云南省,保山市,隆阳区,隆阳,longyangqu,longyang,678000,LYQ,local_county,1,1
4000305,40,40003,530000,云南省,保山市,龙陵县,龙陵,longlingxian,longling,678300,LLX,local_county,1,1
4000401,40,40004,530000,云南省,大理白族自治州,云龙县,云龙,yunlongxian,yunlong,672700,YLX,local_county,1,1
4000402,40,40004,530000,云南省,大理白族自治州,剑川县,剑川,jianchuanxian,jianchuan,671300,JCX,local_county,1,1
4000403,40,40004,530000,云南省,大理白族自治州,南涧彝族自治县,南涧彝族,nanjianyizuzizhixian,nanjianyizu,675700,NJYZZZX,local_county,1,1
4000404,40,40004,530000,云南省,大理白族自治州,大理市,大理,dalishi,dali,671000,DLS,local_county,1,1
4000405,40,40004,530000,云南省,大理白族自治州,宾川县,宾川,binchuanxian,binchuan,671600,BCX,local_county,1,1
4000406,40,40004,530000,云南省,大理白族自治州,巍山彝族回族自治县,巍山彝族回族,weishanyizuhuizuzizhixian,weishanyizuhuizu,672400,SYZHZZZX,local_county,1,1
4000407,40,40004,530000,云南省,大理白族自治州,弥渡县,弥渡,miduxian,midu,675600,MDX,local_county,1,1
4000408,40,40004,530000,云南省,大理白族自治州,永平县,永平,yongpingxian,yongping,672600,YPX,local_county,1,1
4000409,40,40004,530000,云南省,大理白族自治州,洱源县,洱源,eryuanxian,eryuan,671200,EYX,local_county,1,1
4000410,40,40004,530000,云南省,大理白族自治州,漾濞彝族自治县,漾濞彝族,yangbiyizuzizhixian,yangbiyizu,672500,YYZZZX,local_county,1,1
4000411,40,40004,530000,云南省,大理白族自治州,祥云县,祥云,xiangyunxian,xiangyun,672100,XYX,local_county,1,1
4000412,40,40004,530000,云南省,大理白族自治州,鹤庆县,鹤庆,heqingxian,heqing,671500,HQX,local_county,1,1
4000501,40,40005,530000,云南省,德宏傣族景颇族自治州,梁河县,梁河,lianghexian,lianghe,679200,LHX,local_county,1,1
4000502,40,40005,530000,云南省,德宏傣族景颇族自治州,潞西市,潞西,luxishi,luxi,678400,LXS,local_county,0,0
4000503,40,40005,530000,云南省,德宏傣族景颇族自治州,瑞丽市,瑞丽,ruilishi,ruili,678600,RLS,local_county,1,1
4000504,40,40005,530000,云南省,德宏傣族景颇族自治州,盈江县,盈江,yingjiangxian,yingjiang,679300,YJX,local_county,1,1
4000505,40,40005,530000,云南省,德宏傣族景颇族自治州,芒市,芒,mangshi,mang,679300,MS,local_county,1,1
4000506,40,40005,530000,云南省,德宏傣族景颇族自治州,陇川县,陇川,longchuanxian,longchuan,678700,CX,local_county,1,1
4000601,40,40006,530000,云南省,怒江傈僳族自治州,兰坪白族普米族自治县,兰坪白族普米族,lanpingbaizupumizuzizhixian,lanpingbaizupumizu,671400,LPBZPMZZZX,local_county,1,1
4000602,40,40006,530000,云南省,怒江傈僳族自治州,泸水县,泸水,lushuixian,lushui,673200,SX,local_county,0,0
4000603,40,40006,530000,云南省,怒江傈僳族自治州,福贡县,福贡,fugongxian,fugong,673400,FGX,local_county,1,1
4000604,40,40006,530000,云南省,怒江傈僳族自治州,贡山独龙族怒族自治县,贡山独龙族怒族,gongshandulongzunuzuzizhixian,gongshandulongzunuzu,673500,GSDLZNZZZX,local_county,1,1
4000701,40,40007,530000,云南省,文山壮族苗族自治州,丘北县,丘北,qiubeixian,qiubei,663200,QBX,local_county,1,1
4000702,40,40007,530000,云南省,文山壮族苗族自治州,富宁县,富宁,funingxian,funing,663400,FNX,local_county,1,1
4000703,40,40007,530000,云南省,文山壮族苗族自治州,广南县,广南,guangnanxian,guangnan,663300,GNX,local_county,1,1
4000704,40,40007,530000,云南省,文山壮族苗族自治州,文山县,文山,wenshanxian,wenshan,663000,WSX,local_county,0,0
4000705,40,40007,530000,云南省,文山壮族苗族自治州,砚山县,砚山,yanshanxian,yanshan,663100,YSX,local_county,1,1
4000706,40,40007,530000,云南省,文山壮族苗族自治州,西畴县,西畴,xichouxian,xichou,663500,XCX,local_county,1,1
4000707,40,40007,530000,云南省,文山壮族苗族自治州,马关县,马关,maguanxian,maguan,663700,MGX,local_county,1,1
4000708,40,40007,530000,云南省,文山壮族苗族自治州,麻栗坡县,麻栗坡,malipoxian,malipo,663600,MLPX,local_county,1,1
4000801,40,40008,530000,云南省,昆明市,东川区,东川,dongchuanqu,dongchuan,654100,DCQ,local_county,1,1
4000802,40,40008,530000,云南省,昆明市,五华区,五华,wuhuaqu,wuhua,650000,WHQ,local_county,1,1
4000803,40,40008,530000,云南省,昆明市,呈贡县,呈贡,chenggongxian,chenggong,650500,CGX,local_county,1,1
4000804,40,40008,530000,云南省,昆明市,安宁市,安宁,anningshi,anning,650300,ANS,local_county,1,1
4000805,40,40008,530000,云南省,昆明市,官渡区,官渡,guanduqu,guandu,650200,GDQ,local_county,1,1
4000806,40,40008,530000,云南省,昆明市,宜良县,宜良,yiliangxian,yiliang,652100,YLX,local_county,1,1
4000807,40,40008,530000,云南省,昆明市,富民县,富民,fuminxian,fumin,650400,FMX,local_county,1,1
4000808,40,40008,530000,云南省,昆明市,寻甸回族彝族自治县,寻甸回族彝族,xundianhuizuyizuzizhixian,xundianhuizuyizu,655200,XDHZYZZZX,local_county,1,1
4000809,40,40008,530000,云南省,昆明市,嵩明县,嵩明,songmingxian,songming,651700,MX,local_county,1,1
4000810,40,40008,530000,云南省,昆明市,晋宁县,晋宁,jinningxian,jinning,650600,JNX,local_county,1,1
4000811,40,40008,530000,云南省,昆明市,盘龙区,盘龙,panlongqu,panlong,650000,PLQ,local_county,1,1
4000812,40,40008,530000,云南省,昆明市,石林彝族自治县,石林彝族,shilinyizuzizhixian,shilinyizu,652200,SLYZZZX,local_county,1,1
4000813,40,40008,530000,云南省,昆明市,禄劝彝族苗族自治县,禄劝彝族苗族,luquanyizumiaozuzizhixian,luquanyizumiaozu,651500,LQYZMZZZX,local_county,1,1
4000814,40,40008,530000,云南省,昆明市,西山区,西山,xishanqu,xishan,650100,XSQ,local_county,1,1
4000901,40,40009,530000,云南省,昭通市,大关县,大关,daguanxian,daguan,657400,DGX,local_county,1,1
4000902,40,40009,530000,云南省,昭通市,威信县,威信,weixinxian,weixin,657900,WXX,local_county,1,1
4000903,40,40009,530000,云南省,昭通市,巧家县,巧家,qiaojiaxian,qiaojia,654600,QJX,local_county,1,1
4000904,40,40009,530000,云南省,昭通市,彝良县,彝良,yiliangxian,yiliang,657600,YLX,local_county,1,1
4000905,40,40009,530000,云南省,昭通市,昭阳区,昭阳,zhaoyangqu,zhaoyang,657000,ZYQ,local_county,1,1
4000906,40,40009,530000,云南省,昭通市,水富县,水富,shuifuxian,shuifu,657800,SFX,local_county,1,1
4000907,40,40009,530000,云南省,昭通市,永善县,永善,yongshanxian,yongshan,657300,YSX,local_county,1,1
4000908,40,40009,530000,云南省,昭通市,盐津县,盐津,yanjinxian,yanjin,657500,YJX,local_county,1,1
4000909,40,40009,530000,云南省,昭通市,绥江县,绥江,suijiangxian,suijiang,657700,SJX,local_county,1,1
4000910,40,40009,530000,云南省,昭通市,镇雄县,镇雄,zhenxiongxian,zhenxiong,657200,ZXX,local_county,1,1
4000911,40,40009,530000,云南省,昭通市,鲁甸县,鲁甸,ludianxian,ludian,657100,LDX,local_county,1,1
4001001,40,40010,530000,云南省,普洱市,墨江哈尼族自治县,墨江哈尼族,mojianghanizuzizhixian,mojianghanizu,654800,JHNZZZX,local_county,1,1
4001002,40,40010,530000,云南省,普洱市,孟连傣族拉祜族佤族自,孟连傣族拉祜族佤族自,mengliandaizulahuzuwazuzi,mengliandaizulahuzuwazuzi,654800,MLDZLZZZ,local_county,1,1
4001003,40,40010,530000,云南省,普洱市,孟连傣族拉祜族佤族自治县,孟连傣族拉祜族佤族,mengliandaizulahuzuwazuzizhixian,mengliandaizulahuzuwazu,665800,MLDZLZZZZX,local_county,1,1
4001004,40,40010,530000,云南省,普洱市,宁洱哈尼族彝族自治县,宁洱哈尼族彝族,ningerhanizuyizuzizhixian,ningerhanizuyizu,665100,NEHNZYZZZX,local_county,1,1
4001005,40,40010,530000,云南省,普洱市,思茅区,思茅,simaoqu,simao,665000,SQ,local_county,1,1
4001006,40,40010,530000,云南省,普洱市,普洱哈尼族彝族自治县,普洱哈尼族彝族,puerhanizuyizuzizhixian,puerhanizuyizu,665000,PEHNZYZZZX,local_county,1,1
4001007,40,40010,530000,云南省,普洱市,景东彝族自治县,景东彝族,jingdongyizuzizhixian,jingdongyizu,676200,JDYZZZX,local_county,1,1
4001008,40,40010,530000,云南省,普洱市,景谷傣族彝族自治县,景谷傣族彝族,jinggudaizuyizuzizhixian,jinggudaizuyizu,666400,JGDZYZZZX,local_county,1,1
4001009,40,40010,530000,云南省,普洱市,江城哈尼族彝族自治县,江城哈尼族彝族,jiangchenghanizuyizuzizhixian,jiangchenghanizuyizu,665900,JCHNZYZZZX,local_county,1,1
4001010,40,40010,530000,云南省,普洱市,澜沧拉祜族自治县,澜沧拉祜族,lancanglahuzuzizhixian,lancanglahuzu,665600,LCLZZZX,local_county,1,1
4001011,40,40010,530000,云南省,普洱市,西盟佤族自治县,西盟佤族,ximengwazuzizhixian,ximengwazu,665700,XMZZZX,local_county,1,1
4001012,40,40010,530000,云南省,普洱市,镇沅彝族哈尼族拉祜族,镇沅彝族哈尼族拉祜族,zhenyuanyizuhanizulahuzu,zhenyuanyizuhanizulahuzu,665700,ZYZHNZLZ,local_county,1,1
4001013,40,40010,530000,云南省,普洱市,镇沅彝族哈尼族拉祜族自治县,镇沅彝族哈尼族拉祜族,zhenyuanyizuhanizulahuzuzizhixian,zhenyuanyizuhanizulahuzu,666500,ZYZHNZLZZZ,local_county,1,1
4001101,40,40011,530000,云南省,曲靖市,会泽县,会泽,huizexian,huize,654200,HZX,local_county,1,1
4001102,40,40011,530000,云南省,曲靖市,宣威市,宣威,xuanweishi,xuanwei,655400,XWS,local_county,1,1
4001103,40,40011,530000,云南省,曲靖市,富源县,富源,fuyuanxian,fuyuan,655500,FYX,local_county,1,1
4001104,40,40011,530000,云南省,曲靖市,师宗县,师宗,shizongxian,shizong,655700,SZX,local_county,1,1
4001105,40,40011,530000,云南省,曲靖市,沾益县,沾益,zhanyixian,zhanyi,655500,ZYX,local_county,0,0
4001106,40,40011,530000,云南省,曲靖市,罗平县,罗平,luopingxian,luoping,655800,LPX,local_county,1,1
4001107,40,40011,530000,云南省,曲靖市,陆良县,陆良,luliangxian,luliang,655600,LLX,local_county,1,1
4001108,40,40011,530000,云南省,曲靖市,马龙县,马龙,malongxian,malong,655100,MLX,local_county,1,1
4001109,40,40011,530000,云南省,曲靖市,麒麟区,麒麟,qilinqu,qilin,655000,Q,local_county,1,1
4001201,40,40012,530000,云南省,楚雄彝族自治州,元谋县,元谋,yuanmouxian,yuanmou,651300,YMX,local_county,1,1
4001202,40,40012,530000,云南省,楚雄彝族自治州,南华县,南华,nanhuaxian,nanhua,675200,NHX,local_county,1,1
4001203,40,40012,530000,云南省,楚雄彝族自治州,双柏县,双柏,shuangbaixian,shuangbai,675100,SBX,local_county,1,1
4001204,40,40012,530000,云南省,楚雄彝族自治州,大姚县,大姚,dayaoxian,dayao,675400,DYX,local_county,1,1
4001205,40,40012,530000,云南省,楚雄彝族自治州,姚安县,姚安,yaoanxian,yaoan,675300,YAX,local_county,1,1
4001206,40,40012,530000,云南省,楚雄彝族自治州,楚雄市,楚雄,chuxiongshi,chuxiong,675000,CXS,local_county,1,1
4001207,40,40012,530000,云南省,楚雄彝族自治州,武定县,武定,wudingxian,wuding,651600,WDX,local_county,1,1
4001208,40,40012,530000,云南省,楚雄彝族自治州,永仁县,永仁,yongrenxian,yongren,651400,YRX,local_county,1,1
4001209,40,40012,530000,云南省,楚雄彝族自治州,牟定县,牟定,moudingxian,mouding,675500,MDX,local_county,1,1
4001210,40,40012,530000,云南省,楚雄彝族自治州,禄丰县,禄丰,lufengxian,lufeng,651200,LFX,local_county,1,1
4001301,40,40013,530000,云南省,玉溪市,元江哈尼族彝族傣族自治县,元江哈尼族彝族傣族,yuanjianghanizuyizudaizuzizhixian,yuanjianghanizuyizudaizu,653300,YJHNZYZDZZ,local_county,1,1
4001302,40,40013,530000,云南省,玉溪市,华宁县,华宁,huaningxian,huaning,652800,HNX,local_county,1,1
4001303,40,40013,530000,云南省,玉溪市,峨山彝族自治县,峨山彝族,eshanyizuzizhixian,eshanyizu,653200,ESYZZZX,local_county,1,1
4001304,40,40013,530000,云南省,玉溪市,新平彝族傣族自治县,新平彝族傣族,xinpingyizudaizuzizhixian,xinpingyizudaizu,653400,XPYZDZZZX,local_county,1,1
4001305,40,40013,530000,云南省,玉溪市,易门县,易门,yimenxian,yimen,651100,YMX,local_county,1,1
4001306,40,40013,530000,云南省,玉溪市,江川县,江川,jiangchuanxian,jiangchuan,652600,JCX,local_county,0,0
4001307,40,40013,530000,云南省,玉溪市,澄江县,澄江,chengjiangxian,chengjiang,652500,CJX,local_county,1,1
4001308,40,40013,530000,云南省,玉溪市,红塔区,红塔,hongtaqu,hongta,653100,HTQ,local_county,1,1
4001309,40,40013,530000,云南省,玉溪市,通海县,通海,tonghaixian,tonghai,652700,THX,local_county,1,1
4001401,40,40014,530000,云南省,红河哈尼族彝族自治州,个旧市,个旧,gejiushi,gejiu,661000,GJS,local_county,1,1
4001402,40,40014,530000,云南省,红河哈尼族彝族自治州,元阳县,元阳,yuanyangxian,yuanyang,662400,YYX,local_county,1,1
4001403,40,40014,530000,云南省,红河哈尼族彝族自治州,屏边苗族自治县,屏边苗族,pingbianmiaozuzizhixian,pingbianmiaozu,661200,PBMZZZX,local_county,1,1
4001404,40,40014,530000,云南省,红河哈尼族彝族自治州,建水县,建水,jianshuixian,jianshui,654300,JSX,local_county,1,1
4001405,40,40014,530000,云南省,红河哈尼族彝族自治州,开远市,开远,kaiyuanshi,kaiyuan,661600,KYS,local_county,1,1
4001406,40,40014,530000,云南省,红河哈尼族彝族自治州,弥勒县,弥勒,milexian,mile,652300,MLX,local_county,0,0
4001407,40,40014,530000,云南省,红河哈尼族彝族自治州,河口瑶族自治县,河口瑶族,hekouyaozuzizhixian,hekouyaozu,661300,HKYZZZX,local_county,1,1
4001408,40,40014,530000,云南省,红河哈尼族彝族自治州,泸西县,泸西,luxixian,luxi,652400,XX,local_county,1,1
4001409,40,40014,530000,云南省,红河哈尼族彝族自治州,石屏县,石屏,shipingxian,shiping,662200,SPX,local_county,1,1
4001410,40,40014,530000,云南省,红河哈尼族彝族自治州,红河县,红河,honghexian,honghe,654400,HHX,local_county,1,1
4001411,40,40014,530000,云南省,红河哈尼族彝族自治州,绿春县,绿春,lvchunxian,lvchun,662500,LCX,local_county,1,1
4001412,40,40014,530000,云南省,红河哈尼族彝族自治州,蒙自市,蒙自,mengzishi,mengzi,662500,MZS,local_county,1,1
4001413,40,40014,530000,云南省,红河哈尼族彝族自治州,金平苗族瑶族傣族自治县,金平苗族瑶族傣族,jinpingmiaozuyaozudaizuzizhixian,jinpingmiaozuyaozudaizu,661500,JPMZYZDZZZ,local_county,1,1
4001501,40,40015,530000,云南省,西双版纳傣族自治州,勐海县,勐海,menghaixian,menghai,666200,HX,local_county,1,1
4001502,40,40015,530000,云南省,西双版纳傣族自治州,勐腊县,勐腊,menglaxian,mengla,666300,LX,local_county,1,1
4001503,40,40015,530000,云南省,西双版纳傣族自治州,景洪市,景洪,jinghongshi,jinghong,666100,JHS,local_county,1,1
4001601,40,40016,530000,云南省,迪庆藏族自治州,德钦县,德钦,deqinxian,deqin,674500,DQX,local_county,1,1
4001602,40,40016,530000,云南省,迪庆藏族自治州,维西傈僳族自治县,维西傈僳族,weixilisuzuzizhixian,weixilisuzu,674600,WXLSZZZX,local_county,1,1
4001603,40,40016,530000,云南省,迪庆藏族自治州,香格里拉县,香格里拉,xianggelilaxian,xianggelila,674400,XGLLX,local_county,1,1
1700101,17,17001,150000,内蒙古自治区,乌兰察布市,丰镇市,丰镇,fengzhenshi,fengzhen,012100,FZS,local_county,1,1
1700102,17,17001,150000,内蒙古自治区,乌兰察布市,兴和县,兴和,xinghexian,xinghe,013650,XHX,local_county,1,1
1700103,17,17001,150000,内蒙古自治区,乌兰察布市,凉城县,凉城,liangchengxian,liangcheng,013750,LCX,local_county,1,1
1700104,17,17001,150000,内蒙古自治区,乌兰察布市,化德县,化德,huadexian,huade,013350,HDX,local_county,1,1
1700105,17,17001,150000,内蒙古自治区,乌兰察布市,卓资县,卓资,zhuozixian,zhuozi,012300,ZZX,local_county,1,1
1700106,17,17001,150000,内蒙古自治区,乌兰察布市,商都县,商都,shangdouxian,shangdou,013400,SDX,local_county,1,1
1700107,17,17001,150000,内蒙古自治区,乌兰察布市,四子王旗,四子王,siziwangqi,siziwang,011800,SZWQ,local_county,1,1
1700108,17,17001,150000,内蒙古自治区,乌兰察布市,察哈尔右翼中旗,察哈尔右翼中,chahaeryouyizhongqi,chahaeryouyizhong,013500,CHEYYZQ,local_county,1,1
1700109,17,17001,150000,内蒙古自治区,乌兰察布市,察哈尔右翼前旗,察哈尔右翼前,chahaeryouyiqianqi,chahaeryouyiqian,012200,CHEYYQQ,local_county,1,1
1700110,17,17001,150000,内蒙古自治区,乌兰察布市,察哈尔右翼后旗,察哈尔右翼后,chahaeryouyihouqi,chahaeryouyihou,012400,CHEYYHQ,local_county,1,1
1700111,17,17001,150000,内蒙古自治区,乌兰察布市,集宁区,集宁,jiningqu,jining,012000,JNQ,local_county,1,1
1700201,17,17002,150000,内蒙古自治区,乌海市,乌达区,乌达,wudaqu,wuda,016000,WDQ,local_county,1,1
1700202,17,17002,150000,内蒙古自治区,乌海市,海勃湾区,海勃湾,haibowanqu,haibowan,016000,HBWQ,local_county,1,1
1700203,17,17002,150000,内蒙古自治区,乌海市,海南区,海南,hainanqu,hainan,016000,HNQ,local_county,1,1
1700301,17,17003,150000,内蒙古自治区,兴安盟,乌兰浩特市,乌兰浩特,wulanhaoteshi,wulanhaote,137400,WLHTS,local_county,1,1
1700302,17,17003,150000,内蒙古自治区,兴安盟,扎赉特旗,扎赉特,zhalaiteqi,zhalaite,137600,ZTQ,local_county,1,1
1700303,17,17003,150000,内蒙古自治区,兴安盟,科尔沁右翼中旗,科尔沁右翼中,keerqinyouyizhongqi,keerqinyouyizhong,029400,KEQYYZQ,local_county,1,1
1700304,17,17003,150000,内蒙古自治区,兴安盟,科尔沁右翼前旗,科尔沁右翼前,keerqinyouyiqianqi,keerqinyouyiqian,137400,KEQYYQQ,local_county,1,1
1700305,17,17003,150000,内蒙古自治区,兴安盟,突泉县,突泉,tuquanxian,tuquan,137500,TQX,local_county,1,1
1700306,17,17003,150000,内蒙古自治区,兴安盟,阿尔山市,阿尔山,aershanshi,aershan,137400,AESS,local_county,1,1
1700401,17,17004,150000,内蒙古自治区,包头市,东河区,东河,donghequ,donghe,014000,DHQ,local_county,1,1
1700402,17,17004,150000,内蒙古自治区,包头市,九原区,九原,jiuyuanqu,jiuyuan,014000,JYQ,local_county,1,1
1700403,17,17004,150000,内蒙古自治区,包头市,固阳县,固阳,guyangxian,guyang,014200,GYX,local_county,1,1
1700404,17,17004,150000,内蒙古自治区,包头市,土默特右旗,土默特右,tumoteyouqi,tumoteyou,014100,TMTYQ,local_county,1,1
1700405,17,17004,150000,内蒙古自治区,包头市,昆都仑区,昆都仑,kundoulunqu,kundoulun,014000,KDLQ,local_county,1,1
1700406,17,17004,150000,内蒙古自治区,包头市,白云矿区,白云,baiyunkuangqu,baiyun,014000,BYKQ,local_county,1,1
1700407,17,17004,150000,内蒙古自治区,包头市,白云鄂博矿区,白云鄂博,baiyunebokuangqu,baiyunebo,014000,BYEBKQ,local_county,1,1
1700408,17,17004,150000,内蒙古自治区,包头市,石拐区,石拐,shiguaiqu,shiguai,014000,SGQ,local_county,1,1
1700409,17,17004,150000,内蒙古自治区,包头市,达尔罕茂明安联合旗,达尔罕茂明安联合,daerhanmaominganlianheqi,daerhanmaominganlianhe,014500,DEHMMALHQ,local_county,1,1
1700410,17,17004,150000,内蒙古自治区,包头市,青山区,青山,qingshanqu,qingshan,014000,QSQ,local_county,1,1
1700501,17,17005,150000,内蒙古自治区,呼伦贝尔市,扎兰屯市,扎兰屯,zhalantunshi,zhalantun,162650,ZLTS,local_county,1,1
1700502,17,17005,150000,内蒙古自治区,呼伦贝尔市,新巴尔虎右旗,新巴尔虎右,xinbaerhuyouqi,xinbaerhuyou,021300,XBEHYQ,local_county,1,1
1700503,17,17005,150000,内蒙古自治区,呼伦贝尔市,新巴尔虎左旗,新巴尔虎左,xinbaerhuzuoqi,xinbaerhuzuo,021200,XBEHZQ,local_county,1,1
1700504,17,17005,150000,内蒙古自治区,呼伦贝尔市,根河市,根河,genheshi,genhe,022350,GHS,local_county,1,1
1700505,17,17005,150000,内蒙古自治区,呼伦贝尔市,海拉尔区,海拉尔,hailaerqu,hailaer,021000,HLEQ,local_county,1,1
1700506,17,17005,150000,内蒙古自治区,呼伦贝尔市,满洲里市,满洲里,manzhoulishi,manzhouli,021400,MZLS,local_county,1,1
1700507,17,17005,150000,内蒙古自治区,呼伦贝尔市,牙克石市,牙克石,yakeshishi,yakeshi,022150,YKSS,local_county,1,1
1700508,17,17005,150000,内蒙古自治区,呼伦贝尔市,莫力达瓦达斡尔族自治旗,莫力达瓦达斡尔族,molidawadawoerzuzizhiqi,molidawadawoerzu,162850,MLDWDWEZZZ,local_county,1,1
1700509,17,17005,150000,内蒙古自治区,呼伦贝尔市,鄂伦春自治旗,鄂伦春,elunchunzizhiqi,elunchun,022450,ELCZZQ,local_county,1,1
1700510,17,17005,150000,内蒙古自治区,呼伦贝尔市,鄂温克族自治旗,鄂温克族,ewenkezuzizhiqi,ewenkezu,021100,EWKZZZQ,local_county,1,1
1700511,17,17005,150000,内蒙古自治区,呼伦贝尔市,阿荣旗,阿荣,arongqi,arong,162750,ARQ,local_county,1,1
1700512,17,17005,150000,内蒙古自治区,呼伦贝尔市,陈巴尔虎旗,陈巴尔虎,chenbaerhuqi,chenbaerhu,021500,CBEHQ,local_county,1,1
1700513,17,17005,150000,内蒙古自治区,呼伦贝尔市,额尔古纳市,额尔古纳,eergunashi,eerguna,022250,EEGNS,local_county,1,1
1700601,17,17006,150000,内蒙古自治区,呼和浩特市,和林格尔县,和林格尔,helingeerxian,helingeer,011500,HLGEX,local_county,1,1
1700602,17,17006,150000,内蒙古自治区,呼和浩特市,回民区,回民,huiminqu,huimin,010000,HMQ,local_county,1,1
1700603,17,17006,150000,内蒙古自治区,呼和浩特市,土默特左旗,土默特左,tumotezuoqi,tumotezuo,010100,TMTZQ,local_county,1,1
1700604,17,17006,150000,内蒙古自治区,呼和浩特市,托克托县,托克托,tuoketuoxian,tuoketuo,010200,TKTX,local_county,1,1
1700605,17,17006,150000,内蒙古自治区,呼和浩特市,新城区,新城,xinchengqu,xincheng,010000,XCQ,local_county,1,1
1700606,17,17006,150000,内蒙古自治区,呼和浩特市,武川县,武川,wuchuanxian,wuchuan,011700,WCX,local_county,1,1
1700607,17,17006,150000,内蒙古自治区,呼和浩特市,清水河县,清水河,qingshuihexian,qingshuihe,011600,QSHX,local_county,1,1
1700608,17,17006,150000,内蒙古自治区,呼和浩特市,玉泉区,玉泉,yuquanqu,yuquan,010000,YQQ,local_county,1,1
1700609,17,17006,150000,内蒙古自治区,呼和浩特市,赛罕区,赛罕,saihanqu,saihan,010000,SHQ,local_county,1,1
1700701,17,17007,150000,内蒙古自治区,巴彦淖尔市,临河区,临河,linhequ,linhe,015000,LHQ,local_county,1,1
1700702,17,17007,150000,内蒙古自治区,巴彦淖尔市,乌拉特中旗,乌拉特中,wulatezhongqi,wulatezhong,015300,WLTZQ,local_county,1,1
1700703,17,17007,150000,内蒙古自治区,巴彦淖尔市,乌拉特前旗,乌拉特前,wulateqianqi,wulateqian,014400,WLTQQ,local_county,1,1
1700704,17,17007,150000,内蒙古自治区,巴彦淖尔市,乌拉特后旗,乌拉特后,wulatehouqi,wulatehou,015500,WLTHQ,local_county,1,1
1700705,17,17007,150000,内蒙古自治区,巴彦淖尔市,五原县,五原,wuyuanxian,wuyuan,015100,WYX,local_county,1,1
1700706,17,17007,150000,内蒙古自治区,巴彦淖尔市,杭锦后旗,杭锦后,hangjinhouqi,hangjinhou,015400,HJHQ,local_county,1,1
1700707,17,17007,150000,内蒙古自治区,巴彦淖尔市,磴口县,磴口,dengkouxian,dengkou,015200,KX,local_county,1,1
1700801,17,17008,150000,内蒙古自治区,赤峰市,元宝山区,元宝山,yuanbaoshanqu,yuanbaoshan,024000,YBSQ,local_county,1,1
1700802,17,17008,150000,内蒙古自治区,赤峰市,克什克腾旗,克什克腾,keshenketengqi,keshenketeng,025350,KSKTQ,local_county,1,1
1700803,17,17008,150000,内蒙古自治区,赤峰市,喀喇沁旗,喀喇沁,kalaqinqi,kalaqin,024400,KLQQ,local_county,1,1
1700804,17,17008,150000,内蒙古自治区,赤峰市,宁城县,宁城,ningchengxian,ningcheng,024200,NCX,local_county,1,1
1700805,17,17008,150000,内蒙古自治区,赤峰市,巴林右旗,巴林右,balinyouqi,balinyou,025150,BLYQ,local_county,1,1
1700806,17,17008,150000,内蒙古自治区,赤峰市,巴林左旗,巴林左,balinzuoqi,balinzuo,025450,BLZQ,local_county,1,1
1700807,17,17008,150000,内蒙古自治区,赤峰市,敖汉旗,敖汉,aohanqi,aohan,024300,AHQ,local_county,1,1
1700808,17,17008,150000,内蒙古自治区,赤峰市,松山区,松山,songshanqu,songshan,024000,SSQ,local_county,1,1
1700809,17,17008,150000,内蒙古自治区,赤峰市,林西县,林西,linxixian,linxi,025250,LXX,local_county,1,1
1700810,17,17008,150000,内蒙古自治区,赤峰市,红山区,红山,hongshanqu,hongshan,024000,HSQ,local_county,1,1
1700811,17,17008,150000,内蒙古自治区,赤峰市,翁牛特旗,翁牛特,wengniuteqi,wengniute,024500,WNTQ,local_county,1,1
1700812,17,17008,150000,内蒙古自治区,赤峰市,阿鲁科尔沁旗,阿鲁科尔沁,alukeerqinqi,alukeerqin,025500,ALKEQQ,local_county,1,1
1700901,17,17009,150000,内蒙古自治区,通辽市,奈曼旗,奈曼,naimanqi,naiman,028300,NMQ,local_county,1,1
1700902,17,17009,150000,内蒙古自治区,通辽市,库伦旗,库伦,kulunqi,kulun,028200,KLQ,local_county,1,1
1700903,17,17009,150000,内蒙古自治区,通辽市,开鲁县,开鲁,kailuxian,kailu,028400,KLX,local_county,1,1
1700904,17,17009,150000,内蒙古自治区,通辽市,扎鲁特旗,扎鲁特,zhaluteqi,zhalute,029100,ZLTQ,local_county,1,1
1700905,17,17009,150000,内蒙古自治区,通辽市,科尔沁区,科尔沁,keerqinqu,keerqin,028000,KEQQ,local_county,1,1
1700906,17,17009,150000,内蒙古自治区,通辽市,科尔沁左翼中旗,科尔沁左翼中,keerqinzuoyizhongqi,keerqinzuoyizhong,029300,KEQZYZQ,local_county,1,1
1700907,17,17009,150000,内蒙古自治区,通辽市,科尔沁左翼后旗,科尔沁左翼后,keerqinzuoyihouqi,keerqinzuoyihou,028100,KEQZYHQ,local_county,1,1
1700908,17,17009,150000,内蒙古自治区,通辽市,霍林郭勒市,霍林郭勒,huolinguoleishi,huolinguolei,029200,HLGLS,local_county,1,1
1701001,17,17010,150000,内蒙古自治区,鄂尔多斯市,东胜区,东胜,dongshengqu,dongsheng,017000,DSQ,local_county,1,1
1701002,17,17010,150000,内蒙古自治区,鄂尔多斯市,乌审旗,乌审,wushenqi,wushen,017300,WSQ,local_county,1,1
1701003,17,17010,150000,内蒙古自治区,鄂尔多斯市,伊金霍洛旗,伊金霍洛,yijinhuoluoqi,yijinhuoluo,017200,YJHLQ,local_county,1,1
1701004,17,17010,150000,内蒙古自治区,鄂尔多斯市,准格尔旗,准格尔,zhungeerqi,zhungeer,017100,ZGEQ,local_county,1,1
1701005,17,17010,150000,内蒙古自治区,鄂尔多斯市,杭锦旗,杭锦,hangjinqi,hangjin,017400,HJQ,local_county,1,1
1701006,17,17010,150000,内蒙古自治区,鄂尔多斯市,达拉特旗,达拉特,dalateqi,dalate,014300,DLTQ,local_county,1,1
1701007,17,17010,150000,内蒙古自治区,鄂尔多斯市,鄂托克前旗,鄂托克前,etuokeqianqi,etuokeqian,016200,ETKQQ,local_county,1,1
1701008,17,17010,150000,内蒙古自治区,鄂尔多斯市,鄂托克旗,鄂托克,etuokeqi,etuoke,016100,ETKQ,local_county,1,1
1701101,17,17011,150000,内蒙古自治区,锡林郭勒盟,东乌珠穆沁旗,东乌珠穆沁,dongwuzhumuqinqi,dongwuzhumuqin,026300,DWZMQQ,local_county,1,1
1701102,17,17011,150000,内蒙古自治区,锡林郭勒盟,二连浩特市,二连浩特,erlianhaoteshi,erlianhaote,012600,ELHTS,local_county,1,1
1701103,17,17011,150000,内蒙古自治区,锡林郭勒盟,多伦县,多伦,duolunxian,duolun,027300,DLX,local_county,1,1
1701104,17,17011,150000,内蒙古自治区,锡林郭勒盟,太仆寺旗,太仆寺,taipusiqi,taipusi,027000,TPSQ,local_county,1,1
1701105,17,17011,150000,内蒙古自治区,锡林郭勒盟,正蓝旗,正蓝,zhenglanqi,zhenglan,027200,ZLQ,local_county,1,1
1701106,17,17011,150000,内蒙古自治区,锡林郭勒盟,正镶白旗,正镶白,zhengxiangbaiqi,zhengxiangbai,013800,ZXBQ,local_county,1,1
1701107,17,17011,150000,内蒙古自治区,锡林郭勒盟,苏尼特右旗,苏尼特右,suniteyouqi,suniteyou,011200,SNTYQ,local_county,1,1
1701108,17,17011,150000,内蒙古自治区,锡林郭勒盟,苏尼特左旗,苏尼特左,sunitezuoqi,sunitezuo,011300,SNTZQ,local_county,1,1
1701109,17,17011,150000,内蒙古自治区,锡林郭勒盟,西乌珠穆沁旗,西乌珠穆沁,xiwuzhumuqinqi,xiwuzhumuqin,026200,XWZMQQ,local_county,1,1
1701110,17,17011,150000,内蒙古自治区,锡林郭勒盟,锡林浩特市,锡林浩特,xilinhaoteshi,xilinhaote,026000,XLHTS,local_county,1,1
1701111,17,17011,150000,内蒙古自治区,锡林郭勒盟,镶黄旗,镶黄,xianghuangqi,xianghuang,013250,XHQ,local_county,1,1
1701112,17,17011,150000,内蒙古自治区,锡林郭勒盟,阿巴嘎旗,阿巴嘎,abagaqi,abaga,011400,ABGQ,local_county,1,1
1701201,17,17012,150000,内蒙古自治区,阿拉善盟,阿拉善右旗,阿拉善右,alashanyouqi,alashanyou,737300,ALSYQ,local_county,1,1
1701202,17,17012,150000,内蒙古自治区,阿拉善盟,阿拉善左旗,阿拉善左,alashanzuoqi,alashanzuo,750300,ALSZQ,local_county,1,1
1701203,17,17012,150000,内蒙古自治区,阿拉善盟,额济纳旗,额济纳,ejinaqi,ejina,735400,EJNQ,local_county,1,1
1600101,16,16001,220000,吉林省,吉林市,丰满区,丰满,fengmanqu,fengman,132000,FMQ,local_county,1,1
1600102,16,16001,220000,吉林省,吉林市,昌邑区,昌邑,changyiqu,changyi,132000,CYQ,local_county,1,1
1600103,16,16001,220000,吉林省,吉林市,桦甸市,桦甸,huadianshi,huadian,132400,DS,local_county,1,1
1600104,16,16001,220000,吉林省,吉林市,永吉县,永吉,yongjixian,yongji,132100,YJX,local_county,1,1
1600105,16,16001,220000,吉林省,吉林市,磐石市,磐石,panshishi,panshi,132300,PSS,local_county,1,1
1600106,16,16001,220000,吉林省,吉林市,舒兰市,舒兰,shulanshi,shulan,132600,SLS,local_county,1,1
1600107,16,16001,220000,吉林省,吉林市,船营区,船营,chuanyingqu,chuanying,132000,CYQ,local_county,1,1
1600108,16,16001,220000,吉林省,吉林市,蛟河市,蛟河,jiaoheshi,jiaohe,132500,HS,local_county,1,1
1600109,16,16001,220000,吉林省,吉林市,龙潭区,龙潭,longtanqu,longtan,132000,LTQ,local_county,1,1
1600201,16,16002,220000,吉林省,四平市,伊通满族自治县,伊通满族,yitongmanzuzizhixian,yitongmanzu,130700,YTMZZZX,local_county,1,1
1600202,16,16002,220000,吉林省,四平市,公主岭市,公主岭,gongzhulingshi,gongzhuling,136100,GZLS,local_county,1,1
1600203,16,16002,220000,吉林省,四平市,双辽市,双辽,shuangliaoshi,shuangliao,136400,SLS,local_county,1,1
1600204,16,16002,220000,吉林省,四平市,松北区,松北,songbeiqu,songbei,150000,SBQ,local_county,0,0
1600205,16,16002,220000,吉林省,四平市,梨树县,梨树,lishuxian,lishu,136500,LSX,local_county,1,1
1600206,16,16002,220000,吉林省,四平市,铁东区,铁东,tiedongqu,tiedong,114000,TDQ,local_county,1,1
1600207,16,16002,220000,吉林省,四平市,铁西区,铁西,tiexiqu,tiexi,110020,TXQ,local_county,1,1
1600301,16,16003,220000,吉林省,延边朝鲜族自治州,和龙市,和龙,helongshi,helong,133500,HLS,local_county,1,1
1600302,16,16003,220000,吉林省,延边朝鲜族自治州,图们市,图们,tumenshi,tumen,133100,TMS,local_county,1,1
1600303,16,16003,220000,吉林省,延边朝鲜族自治州,安图县,安图,antuxian,antu,133600,ATX,local_county,1,1
1600304,16,16003,220000,吉林省,延边朝鲜族自治州,延吉市,延吉,yanjishi,yanji,133000,YJS,local_county,1,1
1600305,16,16003,220000,吉林省,延边朝鲜族自治州,敦化市,敦化,dunhuashi,dunhua,133700,DHS,local_county,1,1
1600306,16,16003,220000,吉林省,延边朝鲜族自治州,汪清县,汪清,wangqingxian,wangqing,133200,WQX,local_county,1,1
1600307,16,16003,220000,吉林省,延边朝鲜族自治州,珲春市,珲春,huichunshi,huichun,133300,CS,local_county,1,1
1600308,16,16003,220000,吉林省,延边朝鲜族自治州,龙井市,龙井,longjingshi,longjing,133400,LJS,local_county,1,1
1600401,16,16004,220000,吉林省,松原市,乾安县,乾安,qiananxian,qianan,131400,QAX,local_county,1,1
1600402,16,16004,220000,吉林省,松原市,前郭尔罗斯蒙古族自治县,前郭尔罗斯蒙古族,qianguoerluosimengguzuzizhixian,qianguoerluosimengguzu,131100,QGELSMGZZZ,local_county,1,1
1600403,16,16004,220000,吉林省,松原市,宁江区,宁江,ningjiangqu,ningjiang,138000,NJQ,local_county,1,1
1600404,16,16004,220000,吉林省,松原市,扶余县,扶余,fuyuxian,fuyu,131200,FYX,local_county,0,0
1600405,16,16004,220000,吉林省,松原市,长岭县,长岭,zhanglingxian,zhangling,131500,CLX,local_county,1,1
1600501,16,16005,220000,吉林省,白城市,大安市,大安,daanshi,daan,131300,DAS,local_county,1,1
1600502,16,16005,220000,吉林省,白城市,洮北区,洮北,taobeiqu,taobei,137000,BQ,local_county,1,1
1600503,16,16005,220000,吉林省,白城市,洮南市,洮南,taonanshi,taonan,137100,NS,local_county,1,1
1600504,16,16005,220000,吉林省,白城市,通榆县,通榆,tongyuxian,tongyu,137200,TYX,local_county,1,1
1600505,16,16005,220000,吉林省,白城市,镇赉县,镇赉,zhenlaixian,zhenlai,137300,ZX,local_county,1,1
1600601,16,16006,220000,吉林省,白山市,临江市,临江,linjiangshi,linjiang,134600,LJS,local_county,1,1
1600602,16,16006,220000,吉林省,白山市,八道江区,八道江,badaojiangqu,badaojiang,134300,BDJQ,local_county,0,0
1600603,16,16006,220000,吉林省,白山市,抚松县,抚松,fusongxian,fusong,134500,FSX,local_county,1,1
1600604,16,16006,220000,吉林省,白山市,江源区,江源,jiangyuanqu,jiangyuan,134300,JYQ,local_county,1,1
1600605,16,16006,220000,吉林省,白山市,浑江区,浑江,hunjiangqu,hunjiang,134300,HJQ,local_county,1,1
1600606,16,16006,220000,吉林省,白山市,长白朝鲜族自治县,长白朝鲜族,zhangbaichaoxianzuzizhixian,zhangbaichaoxianzu,134400,CBCXZZZX,local_county,1,1
1600607,16,16006,220000,吉林省,白山市,靖宇县,靖宇,jingyuxian,jingyu,135200,JYX,local_county,1,1
1600701,16,16007,220000,吉林省,辽源市,东丰县,东丰,dongfengxian,dongfeng,136300,DFX,local_county,1,1
1600702,16,16007,220000,吉林省,辽源市,东辽县,东辽,dongliaoxian,dongliao,136600,DLX,local_county,1,1
1600703,16,16007,220000,吉林省,辽源市,西安区,西安,xianqu,xian,136200,XAQ,local_county,1,1
1600704,16,16007,220000,吉林省,辽源市,龙山区,龙山,longshanqu,longshan,136200,LSQ,local_county,1,1
1600801,16,16008,220000,吉林省,通化市,东昌区,东昌,dongchangqu,dongchang,134000,DCQ,local_county,1,1
1600802,16,16008,220000,吉林省,通化市,二道江区,二道江,erdaojiangqu,erdaojiang,134000,EDJQ,local_county,1,1
1600803,16,16008,220000,吉林省,通化市,柳河县,柳河,liuhexian,liuhe,135300,LHX,local_county,1,1
1600804,16,16008,220000,吉林省,通化市,梅河口市,梅河口,meihekoushi,meihekou,135000,HKS,local_county,1,1
1600805,16,16008,220000,吉林省,通化市,辉南县,辉南,huinanxian,huinan,135100,HNX,local_county,1,1
1600806,16,16008,220000,吉林省,通化市,通化县,通化,tonghuaxian,tonghua,134100,THX,local_county,1,1
1600807,16,16008,220000,吉林省,通化市,集安市,集安,jianshi,jian,134200,JAS,local_county,1,1
1600901,16,16009,220000,吉林省,长春市,九台市,九台,jiutaishi,jiutai,130500,JTS,local_county,1,1
1600902,16,16009,220000,吉林省,长春市,二道区,二道,erdaoqu,erdao,130000,EDQ,local_county,1,1
1600903,16,16009,220000,吉林省,长春市,农安县,农安,nonganxian,nongan,130200,NAX,local_county,1,1
1600904,16,16009,220000,吉林省,长春市,净月区,净月,jingyuequ,jingyue,130200,JYQ,local_county,0,0
1600905,16,16009,220000,吉林省,长春市,南关区,南关,nanguanqu,nanguan,130000,NGQ,local_county,1,1
1600906,16,16009,220000,吉林省,长春市,双阳区,双阳,shuangyangqu,shuangyang,130600,SYQ,local_county,1,1
1600907,16,16009,220000,吉林省,长春市,宽城区,宽城,kuanchengqu,kuancheng,130000,KCQ,local_county,1,1
1600908,16,16009,220000,吉林省,长春市,德惠市,德惠,dehuishi,dehui,130300,DHS,local_county,1,1
1600909,16,16009,220000,吉林省,长春市,朝阳区,朝阳,chaoyangqu,zhaoyang,100000,CYQ,local_county,1,1
1600910,16,16009,220000,吉林省,长春市,榆树市,榆树,yushushi,yushu,130400,YSS,local_county,1,1
1600911,16,16009,220000,吉林省,长春市,经济开发区,经济开发,jingjikaifaqu,jingjikaifa,130400,JJKFQ,local_county,0,0
1600912,16,16009,220000,吉林省,长春市,绿园区,绿园,lvyuanqu,lvyuan,130000,LYQ,local_county,1,1
1600913,16,16009,220000,吉林省,长春市,高新技术开发区,高新技术开发,gaoxinjishukaifaqu,gaoxinjishukaifa,130000,GXJSKFQ,local_county,0,0
2900101,29,29001,510000,四川省,乐山市,五通桥区,五通桥,wutongqiaoqu,wutongqiao,614800,WTQQ,local_county,1,1
2900102,29,29001,510000,四川省,乐山市,井研县,井研,jingyanxian,jingyan,613100,JYX,local_county,1,1
2900103,29,29001,510000,四川省,乐山市,夹江县,夹江,jiajiangxian,jiajiang,614100,JJX,local_county,1,1
2900104,29,29001,510000,四川省,乐山市,峨眉山市,峨眉山,emeishanshi,emeishan,614200,ESS,local_county,1,1
2900105,29,29001,510000,四川省,乐山市,峨边彝族自治县,峨边彝族,ebianyizuzizhixian,ebianyizu,614300,EBYZZZX,local_county,1,1
2900106,29,29001,510000,四川省,乐山市,市中区,市中,shizhongqu,shizhong,250000,SZQ,local_county,1,1
2900107,29,29001,510000,四川省,乐山市,沐川县,沐川,muchuanxian,muchuan,614500,CX,local_county,1,1
2900108,29,29001,510000,四川省,乐山市,沙湾区,沙湾,shawanqu,shawan,614900,SWQ,local_county,1,1
2900109,29,29001,510000,四川省,乐山市,犍为县,犍为,qianweixian,qianwei,614400,WX,local_county,1,1
2900110,29,29001,510000,四川省,乐山市,金口河区,金口河,jinkouhequ,jinkouhe,614700,JKHQ,local_county,1,1
2900111,29,29001,510000,四川省,乐山市,马边彝族自治县,马边彝族,mabianyizuzizhixian,mabianyizu,614600,MBYZZZX,local_county,1,1
2900201,29,29002,510000,四川省,内江市,东兴区,东兴,dongxingqu,dongxing,641100,DXQ,local_county,1,1
2900202,29,29002,510000,四川省,内江市,威远县,威远,weiyuanxian,weiyuan,642450,WYX,local_county,1,1
2900203,29,29002,510000,四川省,内江市,市中区,市中,shizhongqu,shizhong,250000,SZQ,local_county,1,1
2900204,29,29002,510000,四川省,内江市,资中县,资中,zizhongxian,zizhong,641200,ZZX,local_county,1,1
2900205,29,29002,510000,四川省,内江市,隆昌县,隆昌,longchangxian,longchang,642150,LCX,local_county,1,1
2900301,29,29003,510000,四川省,凉山彝族自治州,会东县,会东,huidongxian,huidong,615200,HDX,local_county,1,1
2900302,29,29003,510000,四川省,凉山彝族自治州,会理县,会理,huilixian,huili,615100,HLX,local_county,1,1
2900303,29,29003,510000,四川省,凉山彝族自治州,冕宁县,冕宁,mianningxian,mianning,615600,MNX,local_county,1,1
2900304,29,29003,510000,四川省,凉山彝族自治州,喜德县,喜德,xidexian,xide,616750,XDX,local_county,1,1
2900305,29,29003,510000,四川省,凉山彝族自治州,宁南县,宁南,ningnanxian,ningnan,615400,NNX,local_county,1,1
2900306,29,29003,510000,四川省,凉山彝族自治州,布拖县,布拖,butuoxian,butuo,615350,BTX,local_county,1,1
2900307,29,29003,510000,四川省,凉山彝族自治州,德昌县,德昌,dechangxian,dechang,615500,DCX,local_county,1,1
2900308,29,29003,510000,四川省,凉山彝族自治州,昭觉县,昭觉,zhaojuexian,zhaojue,616150,ZJX,local_county,1,1
2900309,29,29003,510000,四川省,凉山彝族自治州,普格县,普格,pugexian,puge,615300,PGX,local_county,1,1
2900310,29,29003,510000,四川省,凉山彝族自治州,木里藏族自治县,木里藏族,mulizangzuzizhixian,mulizangzu,615800,MLCZZZX,local_county,1,1
2900311,29,29003,510000,四川省,凉山彝族自治州,甘洛县,甘洛,ganluoxian,ganluo,616850,GLX,local_county,1,1
2900312,29,29003,510000,四川省,凉山彝族自治州,盐源县,盐源,yanyuanxian,yanyuan,615700,YYX,local_county,1,1
2900313,29,29003,510000,四川省,凉山彝族自治州,美姑县,美姑,meiguxian,meigu,616450,MGX,local_county,1,1
2900314,29,29003,510000,四川省,凉山彝族自治州,西昌市,西昌,xichangshi,xichang,615000,XCS,local_county,1,1
2900315,29,29003,510000,四川省,凉山彝族自治州,越西县,越西,yuexixian,yuexi,616650,YXX,local_county,1,1
2900316,29,29003,510000,四川省,凉山彝族自治州,金阳县,金阳,jinyangxian,jinyang,616250,JYX,local_county,1,1
2900317,29,29003,510000,四川省,凉山彝族自治州,雷波县,雷波,leiboxian,leibo,616550,LBX,local_county,1,1
2900401,29,29004,510000,四川省,南充市,仪陇县,仪陇,yilongxian,yilong,637600,YX,local_county,1,1
2900402,29,29004,510000,四川省,南充市,南部县,南部,nanbuxian,nanbu,637300,NBX,local_county,1,1
2900403,29,29004,510000,四川省,南充市,嘉陵区,嘉陵,jialingqu,jialing,637500,JLQ,local_county,1,1
2900404,29,29004,510000,四川省,南充市,营山县,营山,yingshanxian,yingshan,637700,YSX,local_county,1,1
2900405,29,29004,510000,四川省,南充市,蓬安县,蓬安,penganxian,pengan,637800,PAX,local_county,1,1
2900406,29,29004,510000,四川省,南充市,西充县,西充,xichongxian,xichong,637200,XCX,local_county,1,1
2900407,29,29004,510000,四川省,南充市,阆中市,阆中,langzhongshi,langzhong,637400,ZS,local_county,1,1
2900408,29,29004,510000,四川省,南充市,顺庆区,顺庆,shunqingqu,shunqing,637000,SQQ,local_county,1,1
2900409,29,29004,510000,四川省,南充市,高坪区,高坪,gaopingqu,gaoping,637100,GPQ,local_county,1,1
2900501,29,29005,510000,四川省,宜宾市,兴文县,兴文,xingwenxian,xingwen,644400,XWX,local_county,1,1
2900502,29,29005,510000,四川省,宜宾市,南溪县,南溪,nanxixian,nanxi,644100,NXX,local_county,0,0
2900503,29,29005,510000,四川省,宜宾市,宜宾县,宜宾,yibinxian,yibin,644600,YBX,local_county,1,1
2900504,29,29005,510000,四川省,宜宾市,屏山县,屏山,pingshanxian,pingshan,645350,PSX,local_county,1,1
2900505,29,29005,510000,四川省,宜宾市,江安县,江安,jianganxian,jiangan,644200,JAX,local_county,1,1
2900506,29,29005,510000,四川省,宜宾市,珙县,珙,gongxian,gong,644500,X,local_county,1,1
2900507,29,29005,510000,四川省,宜宾市,筠连县,筠连,yunlianxian,yunlian,645250,LX,local_county,1,1
2900508,29,29005,510000,四川省,宜宾市,翠屏区,翠屏,cuipingqu,cuiping,644000,CPQ,local_county,1,1
2900509,29,29005,510000,四川省,宜宾市,长宁县,长宁,zhangningxian,zhangning,644300,CNX,local_county,1,1
2900510,29,29005,510000,四川省,宜宾市,高县,高,gaoxian,gao,645150,GX,local_county,1,1
2900601,29,29006,510000,四川省,巴中市,南江县,南江,nanjiangxian,nanjiang,635600,NJX,local_county,1,1
2900602,29,29006,510000,四川省,巴中市,巴州区,巴州,bazhouqu,bazhou,636600,BZQ,local_county,1,1
2900603,29,29006,510000,四川省,巴中市,平昌县,平昌,pingchangxian,pingchang,636400,PCX,local_county,1,1
2900604,29,29006,510000,四川省,巴中市,通江县,通江,tongjiangxian,tongjiang,636700,TJX,local_county,1,1
2900701,29,29007,510000,四川省,广元市,元坝区,元坝,yuanbaqu,yuanba,628000,YBQ,local_county,0,0
2900702,29,29007,510000,四川省,广元市,利州区,利州,lizhouqu,lizhou,628000,LZQ,local_county,1,1
2900703,29,29007,510000,四川省,广元市,剑阁县,剑阁,jiangexian,jiange,628300,JGX,local_county,1,1
2900704,29,29007,510000,四川省,广元市,市中区,市中,shizhongqu,shizhong,250000,SZQ,local_county,0,0
2900705,29,29007,510000,四川省,广元市,旺苍县,旺苍,wangcangxian,wangcang,628200,WCX,local_county,1,1
2900706,29,29007,510000,四川省,广元市,朝天区,朝天,chaotianqu,chaotian,628000,CTQ,local_county,1,1
2900707,29,29007,510000,四川省,广元市,苍溪县,苍溪,cangxixian,cangxi,628400,CXX,local_county,1,1
2900708,29,29007,510000,四川省,广元市,青川县,青川,qingchuanxian,qingchuan,628100,QCX,local_county,1,1
2900801,29,29008,510000,四川省,广安市,华蓥市,华蓥,huayingshi,huaying,638600,HS,local_county,1,1
2900802,29,29008,510000,四川省,广安市,岳池县,岳池,yuechixian,yuechi,638300,YCX,local_county,1,1
2900803,29,29008,510000,四川省,广安市,广安区,广安,guanganqu,guangan,638550,GAQ,local_county,1,1
2900804,29,29008,510000,四川省,广安市,武胜县,武胜,wushengxian,wusheng,638400,WSX,local_county,1,1
2900805,29,29008,510000,四川省,广安市,邻水县,邻水,linshuixian,linshui,638500,LSX,local_county,1,1
2900901,29,29009,510000,四川省,德阳市,中江县,中江,zhongjiangxian,zhongjiang,618300,ZJX,local_county,1,1
2900902,29,29009,510000,四川省,德阳市,什邡市,什邡,shenfangshi,shenfang,618400,SS,local_county,1,1
2900903,29,29009,510000,四川省,德阳市,广汉市,广汉,guanghanshi,guanghan,618300,GHS,local_county,1,1
2900904,29,29009,510000,四川省,德阳市,旌阳区,旌阳,jingyangqu,jingyang,618000,YQ,local_county,1,1
2900905,29,29009,510000,四川省,德阳市,绵竹市,绵竹,mianzhushi,mianzhu,618200,MZS,local_county,1,1
2900906,29,29009,510000,四川省,德阳市,罗江县,罗江,luojiangxian,luojiang,618500,LJX,local_county,1,1
2901001,29,29010,510000,四川省,成都市,双流县,双流,shuangliuxian,shuangliu,610200,SLX,local_county,1,1
2901002,29,29010,510000,四川省,成都市,大邑县,大邑,dayixian,dayi,611300,DYX,local_county,1,1
2901003,29,29010,510000,四川省,成都市,崇州市,崇州,chongzhoushi,chongzhou,611200,CZS,local_county,1,1
2901004,29,29010,510000,四川省,成都市,彭州市,彭州,pengzhoushi,pengzhou,610000,PZS,local_county,1,1
2901005,29,29010,510000,四川省,成都市,成华区,成华,chenghuaqu,chenghua,610000,CHQ,local_county,1,1
2901006,29,29010,510000,四川省,成都市,新津县,新津,xinjinxian,xinjin,611400,XJX,local_county,1,1
2901007,29,29010,510000,四川省,成都市,新都区,新都,xindouqu,xindou,610500,XDQ,local_county,1,1
2901008,29,29010,510000,四川省,成都市,武侯区,武侯,wuhouqu,wuhou,610000,WHQ,local_county,1,1
2901009,29,29010,510000,四川省,成都市,温江区,温江,wenjiangqu,wenjiang,611100,WJQ,local_county,1,1
2901010,29,29010,510000,四川省,成都市,蒲江县,蒲江,pujiangxian,pujiang,611600,PJX,local_county,1,1
2901011,29,29010,510000,四川省,成都市,邛崃市,邛崃,qionglaishi,qionglai,611500,S,local_county,1,1
2901012,29,29010,510000,四川省,成都市,郫县,郫,pixian,pi,611700,X,local_county,1,1
2901013,29,29010,510000,四川省,成都市,都江堰市,都江堰,dujiangyanshi,dujiangyan,611800,DJYS,local_county,1,1
2901014,29,29010,510000,四川省,成都市,金堂县,金堂,jintangxian,jintang,610400,JTX,local_county,1,1
2901015,29,29010,510000,四川省,成都市,金牛区,金牛,jinniuqu,jinniu,610000,JNQ,local_county,1,1
2901016,29,29010,510000,四川省,成都市,锦江区,锦江,jinjiangqu,jinjiang,610000,JJQ,local_county,1,1
2901017,29,29010,510000,四川省,成都市,青白江区,青白江,qingbaijiangqu,qingbaijiang,610300,QBJQ,local_county,1,1
2901018,29,29010,510000,四川省,成都市,青羊区,青羊,qingyangqu,qingyang,610000,QYQ,local_county,1,1
2901019,29,29010,510000,四川省,成都市,高新区,高,gaoxinqu,gao,610000,GXQ,local_county,0,0
2901020,29,29010,510000,四川省,成都市,龙泉驿区,龙泉驿,longquanyiqu,longquanyi,610100,LQQ,local_county,1,1
2901101,29,29011,510000,四川省,攀枝花市,东区,东,dongqu,dong,617000,DQ,local_county,1,1
2901102,29,29011,510000,四川省,攀枝花市,仁和区,仁和,renhequ,renhe,617000,RHQ,local_county,1,1
2901103,29,29011,510000,四川省,攀枝花市,盐边县,盐边,yanbianxian,yanbian,617100,YBX,local_county,1,1
2901104,29,29011,510000,四川省,攀枝花市,米易县,米易,miyixian,miyi,617200,MYX,local_county,1,1
2901105,29,29011,510000,四川省,攀枝花市,西区,西,xiqu,xi,617000,XQ,local_county,1,1
2901201,29,29012,510000,四川省,泸州市,叙永县,叙永,xuyongxian,xuyong,646400,XYX,local_county,1,1
2901202,29,29012,510000,四川省,泸州市,古蔺县,古蔺,gulinxian,gulin,646500,GX,local_county,1,1
2901203,29,29012,510000,四川省,泸州市,合江县,合江,hejiangxian,hejiang,646200,HJX,local_county,1,1
2901204,29,29012,510000,四川省,泸州市,江阳区,江阳,jiangyangqu,jiangyang,646000,JYQ,local_county,1,1
2901205,29,29012,510000,四川省,泸州市,泸县,泸,luxian,lu,646100,X,local_county,1,1
2901206,29,29012,510000,四川省,泸州市,纳溪区,纳溪,naxiqu,naxi,646300,NXQ,local_county,1,1
2901207,29,29012,510000,四川省,泸州市,龙马潭区,龙马潭,longmatanqu,longmatan,646000,LMTQ,local_county,1,1
2901301,29,29013,510000,四川省,甘孜藏族自治州,丹巴县,丹巴,danbaxian,danba,626300,DBX,local_county,1,1
2901302,29,29013,510000,四川省,甘孜藏族自治州,九龙县,九龙,jiulongxian,jiulong,616200,JLX,local_county,1,1
2901303,29,29013,510000,四川省,甘孜藏族自治州,乡城县,乡城,xiangchengxian,xiangcheng,627850,XCX,local_county,1,1
2901304,29,29013,510000,四川省,甘孜藏族自治州,巴塘县,巴塘,batangxian,batang,627650,BTX,local_county,1,1
2901305,29,29013,510000,四川省,甘孜藏族自治州,康定县,康定,kangdingxian,kangding,626000,KDX,local_county,0,0
2901306,29,29013,510000,四川省,甘孜藏族自治州,得荣县,得荣,derongxian,derong,627950,DRX,local_county,1,1
2901307,29,29013,510000,四川省,甘孜藏族自治州,德格县,德格,degexian,dege,627250,DGX,local_county,1,1
2901308,29,29013,510000,四川省,甘孜藏族自治州,新龙县,新龙,xinlongxian,xinlong,626800,XLX,local_county,1,1
2901309,29,29013,510000,四川省,甘孜藏族自治州,泸定县,泸定,ludingxian,luding,626100,DX,local_county,1,1
2901310,29,29013,510000,四川省,甘孜藏族自治州,炉霍县,炉霍,luhuoxian,luhuo,626500,LHX,local_county,1,1
2901311,29,29013,510000,四川省,甘孜藏族自治州,理塘县,理塘,litangxian,litang,624300,LTX,local_county,1,1
2901312,29,29013,510000,四川省,甘孜藏族自治州,甘孜县,甘孜,ganzixian,ganzi,626700,GZX,local_county,1,1
2901313,29,29013,510000,四川省,甘孜藏族自治州,白玉县,白玉,baiyuxian,baiyu,627150,BYX,local_county,1,1
2901314,29,29013,510000,四川省,甘孜藏族自治州,石渠县,石渠,shiquxian,shiqu,627350,SQX,local_county,1,1
2901315,29,29013,510000,四川省,甘孜藏族自治州,稻城县,稻城,daochengxian,daocheng,627750,DCX,local_county,1,1
2901316,29,29013,510000,四川省,甘孜藏族自治州,色达县,色达,sedaxian,seda,626600,SDX,local_county,1,1
2901317,29,29013,510000,四川省,甘孜藏族自治州,道孚县,道孚,daofuxian,daofu,626400,DX,local_county,1,1
2901318,29,29013,510000,四川省,甘孜藏族自治州,雅江县,雅江,yajiangxian,yajiang,627450,YJX,local_county,1,1
2901401,29,29014,510000,四川省,眉山市,东坡区,东坡,dongpoqu,dongpo,620000,DPQ,local_county,1,1
2901402,29,29014,510000,四川省,眉山市,丹棱县,丹棱,danlengxian,danleng,620200,DLX,local_county,1,1
2901403,29,29014,510000,四川省,眉山市,仁寿县,仁寿,renshouxian,renshou,620500,RSX,local_county,1,1
2901404,29,29014,510000,四川省,眉山市,彭山县,彭山,pengshanxian,pengshan,620800,PSX,local_county,1,1
2901405,29,29014,510000,四川省,眉山市,洪雅县,洪雅,hongyaxian,hongya,620300,HYX,local_county,1,1
2901406,29,29014,510000,四川省,眉山市,青神县,青神,qingshenxian,qingshen,620400,QSX,local_county,1,1
2901501,29,29015,510000,四川省,绵阳市,三台县,三台,santaixian,santai,621100,STX,local_county,1,1
2901502,29,29015,510000,四川省,绵阳市,北川县,北川,beichuanxian,beichuan,621100,BCX,local_county,0,0
2901503,29,29015,510000,四川省,绵阳市,北川羌族自治县,北川羌族,beichuanqiangzuzizhixian,beichuanqiangzu,622550,BCQZZZX,local_county,1,1
2901504,29,29015,510000,四川省,绵阳市,安县,安,anxian,an,622650,AX,local_county,0,0
2901505,29,29015,510000,四川省,绵阳市,平武县,平武,pingwuxian,pingwu,622550,PWX,local_county,1,1
2901506,29,29015,510000,四川省,绵阳市,梓潼县,梓潼,zitongxian,zitong,622150,X,local_county,1,1
2901507,29,29015,510000,四川省,绵阳市,江油市,江油,jiangyoushi,jiangyou,621700,JYS,local_county,1,1
2901508,29,29015,510000,四川省,绵阳市,涪城区,涪城,fuchengqu,fucheng,621000,FCQ,local_county,1,1
2901509,29,29015,510000,四川省,绵阳市,游仙区,游仙,youxianqu,youxian,621000,YXQ,local_county,1,1
2901510,29,29015,510000,四川省,绵阳市,盐亭县,盐亭,yantingxian,yanting,621600,YTX,local_county,1,1
2901601,29,29016,510000,四川省,自贡市,大安区,大安,daanqu,daan,643010,DAQ,local_county,1,1
2901602,29,29016,510000,四川省,自贡市,富顺县,富顺,fushunxian,fushun,643200,FSX,local_county,1,1
2901603,29,29016,510000,四川省,自贡市,沿滩区,沿滩,yantanqu,yantan,643030,YTQ,local_county,1,1
2901604,29,29016,510000,四川省,自贡市,自流井区,自流井,ziliujingqu,ziliujing,643000,ZLJQ,local_county,1,1
2901605,29,29016,510000,四川省,自贡市,荣县,荣,rongxian,rong,643100,RX,local_county,1,1
2901606,29,29016,510000,四川省,自贡市,贡井区,贡井,gongjingqu,gongjing,643020,GJQ,local_county,1,1
2901701,29,29017,510000,四川省,资阳市,乐至县,乐至,lezhixian,lezhi,641500,LZX,local_county,1,1
2901702,29,29017,510000,四川省,资阳市,安岳县,安岳,anyuexian,anyue,642350,AYX,local_county,1,1
2901703,29,29017,510000,四川省,资阳市,简阳市,简阳,jianyangshi,jianyang,641400,JYS,local_county,0,0
2901704,29,29017,510000,四川省,资阳市,雁江区,雁江,yanjiangqu,yanjiang,641300,YJQ,local_county,1,1
2901801,29,29018,510000,四川省,达州市,万源市,万源,wanyuanshi,wanyuan,636350,WYS,local_county,1,1
2901802,29,29018,510000,四川省,达州市,大竹县,大竹,dazhuxian,dazhu,635100,DZX,local_county,1,1
2901803,29,29018,510000,四川省,达州市,宣汉县,宣汉,xuanhanxian,xuanhan,636150,XHX,local_county,1,1
2901804,29,29018,510000,四川省,达州市,开江县,开江,kaijiangxian,kaijiang,636250,KJX,local_county,1,1
2901805,29,29018,510000,四川省,达州市,渠县,渠,quxian,qu,635200,QX,local_county,1,1
2901806,29,29018,510000,四川省,达州市,达县,达,daxian,da,635000,DX,local_county,0,0
2901807,29,29018,510000,四川省,达州市,通川区,通川,tongchuanqu,tongchuan,635000,TCQ,local_county,1,1
2901901,29,29019,510000,四川省,遂宁市,大英县,大英,dayingxian,daying,629300,DYX,local_county,1,1
2901902,29,29019,510000,四川省,遂宁市,安居区,安居,anjuqu,anju,629000,AJQ,local_county,1,1
2901903,29,29019,510000,四川省,遂宁市,射洪县,射洪,shehongxian,shehong,629200,SHX,local_county,1,1
2901904,29,29019,510000,四川省,遂宁市,市中区,市中,shizhongqu,shizhong,250000,SZQ,local_county,0,0
2901905,29,29019,510000,四川省,遂宁市,船山区,船山,chuanshanqu,chuanshan,629000,CSQ,local_county,1,1
2901906,29,29019,510000,四川省,遂宁市,蓬溪县,蓬溪,pengxixian,pengxi,629100,PXX,local_county,1,1
2902001,29,29020,510000,四川省,阿坝藏族羌族自治州,九寨沟县,九寨沟,jiuzhaigouxian,jiuzhaigou,623400,JZGX,local_county,1,1
2902002,29,29020,510000,四川省,阿坝藏族羌族自治州,壤塘县,壤塘,rangtangxian,rangtang,624300,RTX,local_county,1,1
2902003,29,29020,510000,四川省,阿坝藏族羌族自治州,小金县,小金,xiaojinxian,xiaojin,624200,JX,local_county,1,1
2902004,29,29020,510000,四川省,阿坝藏族羌族自治州,松潘县,松潘,songpanxian,songpan,623300,SPX,local_county,1,1
2902005,29,29020,510000,四川省,阿坝藏族羌族自治州,汶川县,汶川,wenchuanxian,wenchuan,623000,CX,local_county,1,1
2902006,29,29020,510000,四川省,阿坝藏族羌族自治州,理县,理,lixian,li,623100,LX,local_county,1,1
2902007,29,29020,510000,四川省,阿坝藏族羌族自治州,红原县,红原,hongyuanxian,hongyuan,624400,HYX,local_county,1,1
2902008,29,29020,510000,四川省,阿坝藏族羌族自治州,若尔盖县,若尔盖,ruoergaixian,ruoergai,624500,REGX,local_county,1,1
2902009,29,29020,510000,四川省,阿坝藏族羌族自治州,茂县,茂,maoxian,mao,623200,MX,local_county,1,1
2902010,29,29020,510000,四川省,阿坝藏族羌族自治州,金川县,金川,jinchuanxian,jinchuan,624100,JCX,local_county,1,1
2902011,29,29020,510000,四川省,阿坝藏族羌族自治州,阿坝县,阿坝,abaxian,aba,624600,ABX,local_county,1,1
2902012,29,29020,510000,四川省,阿坝藏族羌族自治州,马尔康县,马尔康,maerkangxian,maerkang,624000,MEKX,local_county,1,1
2902013,29,29020,510000,四川省,阿坝藏族羌族自治州,黑水县,黑水,heishuixian,heishui,623500,HSX,local_county,1,1
2902101,29,29021,510000,四川省,雅安市,名山县,名山,mingshanxian,mingshan,625100,MSX,local_county,0,0
2902102,29,29021,510000,四川省,雅安市,天全县,天全,tianquanxian,tianquan,625500,TQX,local_county,1,1
2902103,29,29021,510000,四川省,雅安市,宝兴县,宝兴,baoxingxian,baoxing,625700,BXX,local_county,1,1
2902104,29,29021,510000,四川省,雅安市,汉源县,汉源,hanyuanxian,hanyuan,625300,HYX,local_county,1,1
2902105,29,29021,510000,四川省,雅安市,石棉县,石棉,shimianxian,shimian,625400,SMX,local_county,1,1
2902106,29,29021,510000,四川省,雅安市,芦山县,芦山,lushanxian,lushan,625600,LSX,local_county,1,1
2902107,29,29021,510000,四川省,雅安市,荥经县,荥经,xingjingxian,xingjing,625200,JX,local_county,1,1
2902108,29,29021,510000,四川省,雅安市,雨城区,雨城,yuchengqu,yucheng,625000,YCQ,local_county,1,1
1800101,18,18001,640000,宁夏回族自治区,中卫市,中宁县,中宁,zhongningxian,zhongning,751200,ZNX,local_county,1,1
1800102,18,18001,640000,宁夏回族自治区,中卫市,沙坡头区,沙坡头,shapotouqu,shapotou,751700,SPTQ,local_county,1,1
1800103,18,18001,640000,宁夏回族自治区,中卫市,海原县,海原,haiyuanxian,haiyuan,751800,HYX,local_county,1,1
1800201,18,18002,640000,宁夏回族自治区,吴忠市,中卫县,中卫,zhongweixian,zhongwei,751800,ZWX,local_county,0,0
1800202,18,18002,640000,宁夏回族自治区,吴忠市,中宁县,中宁,zhongningxian,zhongning,751200,ZNX,local_county,0,0
1800203,18,18002,640000,宁夏回族自治区,吴忠市,利通区,利通,litongqu,litong,751100,LTQ,local_county,1,1
1800204,18,18002,640000,宁夏回族自治区,吴忠市,同心县,同心,tongxinxian,tongxin,751300,TXX,local_county,1,1
1800205,18,18002,640000,宁夏回族自治区,吴忠市,灵武市,灵武,lingwushi,lingwu,751400,LWS,local_county,0,0
1800206,18,18002,640000,宁夏回族自治区,吴忠市,盐池县,盐池,yanchixian,yanchi,751500,YCX,local_county,1,1
1800207,18,18002,640000,宁夏回族自治区,吴忠市,红寺堡区,红寺堡,hongsibaoqu,hongsibao,751500,HSBQ,local_county,1,1
1800208,18,18002,640000,宁夏回族自治区,吴忠市,青铜峡市,青铜峡,qingtongxiashi,qingtongxia,751600,QTXS,local_county,1,1
1800301,18,18003,640000,宁夏回族自治区,固原市,原州区,原州,yuanzhouqu,yuanzhou,756000,YZQ,local_county,1,1
1800302,18,18003,640000,宁夏回族自治区,固原市,彭阳县,彭阳,pengyangxian,pengyang,756500,PYX,local_county,1,1
1800303,18,18003,640000,宁夏回族自治区,固原市,泾源县,泾源,jingyuanxian,jingyuan,756400,YX,local_county,1,1
1800304,18,18003,640000,宁夏回族自治区,固原市,海原县,海原,haiyuanxian,haiyuan,751800,HYX,local_county,0,0
1800305,18,18003,640000,宁夏回族自治区,固原市,西吉县,西吉,xijixian,xiji,756200,XJX,local_county,1,1
1800306,18,18003,640000,宁夏回族自治区,固原市,隆德县,隆德,longdexian,longde,756300,LDX,local_county,1,1
1800401,18,18004,640000,宁夏回族自治区,灵武市,东塔镇,东塔镇,dongtazhen,dongtazhen,756300,DTZ,local_county,0,0
1800402,18,18004,640000,宁夏回族自治区,灵武市,临河镇,临河镇,linhezhen,linhezhen,756300,LHZ,local_county,0,0
1800403,18,18004,640000,宁夏回族自治区,灵武市,城区街道,城区街道,chengqujiedao,chengqujiedao,756300,CQJD,local_county,0,0
1800404,18,18004,640000,宁夏回族自治区,灵武市,宁东镇,宁东镇,ningdongzhen,ningdongzhen,756300,NDZ,local_county,0,0
1800405,18,18004,640000,宁夏回族自治区,灵武市,崇兴镇,崇兴镇,chongxingzhen,chongxingzhen,756300,CXZ,local_county,0,0
1800406,18,18004,640000,宁夏回族自治区,灵武市,梧桐树乡,梧桐树乡,wutongshuxiang,wutongshuxiang,756300,WTSX,local_county,0,0
1800407,18,18004,640000,宁夏回族自治区,灵武市,灵武农场,灵武农场,lingwunongchang,lingwunongchang,756300,LWNC,local_county,0,0
1800408,18,18004,640000,宁夏回族自治区,灵武市,灵武市区,灵武市,lingwushiqu,lingwushi,756300,LWSQ,local_county,0,0
1800409,18,18004,640000,宁夏回族自治区,灵武市,狼皮子梁管委会,狼皮子梁管委会,langpiziliangguanweihui,langpiziliangguanweihui,756300,LPZLGWH,local_county,0,0
1800410,18,18004,640000,宁夏回族自治区,灵武市,白土岗乡,白土岗乡,baitugangxiang,baitugangxiang,756300,BTGX,local_county,0,0
1800411,18,18004,640000,宁夏回族自治区,灵武市,郝家桥镇,郝家桥镇,haojiaqiaozhen,haojiaqiaozhen,756300,HJQZ,local_county,0,0
1800412,18,18004,640000,宁夏回族自治区,灵武市,马家滩镇,马家滩镇,majiatanzhen,majiatanzhen,756300,MJTZ,local_county,0,0
1800501,18,18005,640000,宁夏回族自治区,石嘴山市,大武口区,大武口,dawukouqu,dawukou,753000,DWKQ,local_county,1,1
1800502,18,18005,640000,宁夏回族自治区,石嘴山市,平罗县,平罗,pingluoxian,pingluo,753400,PLX,local_county,1,1
1800503,18,18005,640000,宁夏回族自治区,石嘴山市,惠农区,惠农,huinongqu,huinong,753600,HNQ,local_county,1,1
1800504,18,18005,640000,宁夏回族自治区,石嘴山市,石嘴山区,石嘴山,shizuishanqu,shizuishan,753600,SZSQ,local_county,0,0
1800505,18,18005,640000,宁夏回族自治区,石嘴山市,陶乐县,陶乐,taolexian,taole,753600,TLX,local_county,0,0
1800601,18,18006,640000,宁夏回族自治区,银川市,兴庆区,兴庆,xingqingqu,xingqing,750000,XQQ,local_county,1,1
1800602,18,18006,640000,宁夏回族自治区,银川市,永宁县,永宁,yongningxian,yongning,750100,YNX,local_county,1,1
1800603,18,18006,640000,宁夏回族自治区,银川市,西夏区,西夏,xixiaqu,xixia,750000,XXQ,local_county,1,1
1800604,18,18006,640000,宁夏回族自治区,银川市,贺兰县,贺兰,helanxian,helan,750200,HLX,local_county,1,1
1800605,18,18006,640000,宁夏回族自治区,银川市,金凤区,金凤,jinfengqu,jinfeng,750000,JFQ,local_county,1,1
1300101,13,13001,340000,安徽省,亳州市,利辛县,利辛,lixinxian,lixin,236700,LXX,local_county,1,1
1300102,13,13001,340000,安徽省,亳州市,涡阳县,涡阳,woyangxian,woyang,233600,WYX,local_county,1,1
1300103,13,13001,340000,安徽省,亳州市,蒙城县,蒙城,mengchengxian,mengcheng,233500,MCX,local_county,1,1
1300104,13,13001,340000,安徽省,亳州市,谯城区,谯城,qiaochengqu,qiaocheng,236800,CQ,local_county,1,1
1300201,13,13002,340000,安徽省,六安市,寿县,寿,shouxian,shou,232200,SX,local_county,0,0
1300202,13,13002,340000,安徽省,六安市,舒城县,舒城,shuchengxian,shucheng,231300,SCX,local_county,1,1
1300203,13,13002,340000,安徽省,六安市,裕安区,裕安,yuanqu,yuan,237000,YAQ,local_county,1,1
1300204,13,13002,340000,安徽省,六安市,金安区,金安,jinanqu,jinan,237000,JAQ,local_county,1,1
1300205,13,13002,340000,安徽省,六安市,金寨县,金寨,jinzhaixian,jinzhai,237300,JZX,local_county,1,1
1300206,13,13002,340000,安徽省,六安市,霍山县,霍山,huoshanxian,huoshan,237200,HSX,local_county,1,1
1300207,13,13002,340000,安徽省,六安市,霍邱县,霍邱,huoqiuxian,huoqiu,237400,HQX,local_county,1,1
1300301,13,13003,340000,安徽省,合肥市,包河区,包河,baohequ,baohe,230000,BHQ,local_county,1,1
1300302,13,13003,340000,安徽省,合肥市,庐阳区,庐阳,luyangqu,luyang,230000,LYQ,local_county,1,1
1300303,13,13003,340000,安徽省,合肥市,瑶海区,瑶海,yaohaiqu,yaohai,230000,YHQ,local_county,1,1
1300304,13,13003,340000,安徽省,合肥市,肥东县,肥东,feidongxian,feidong,230000,FDX,local_county,1,1
1300305,13,13003,340000,安徽省,合肥市,肥西县,肥西,feixixian,feixi,231200,FXX,local_county,1,1
1300306,13,13003,340000,安徽省,合肥市,蜀山区,蜀山,shushanqu,shushan,230000,SSQ,local_county,1,1
1300307,13,13003,340000,安徽省,合肥市,长丰县,长丰,zhangfengxian,zhangfeng,231100,CFX,local_county,1,1
1300401,13,13004,340000,安徽省,安庆市,大观区,大观,daguanqu,daguan,246000,DGQ,local_county,1,1
1300402,13,13004,340000,安徽省,安庆市,太湖县,太湖,taihuxian,taihu,246400,THX,local_county,1,1
1300403,13,13004,340000,安徽省,安庆市,宜秀区,宜秀,yixiuqu,yixiu,246000,YXQ,local_county,1,1
1300404,13,13004,340000,安徽省,安庆市,宿松县,宿松,susongxian,susong,246500,SSX,local_county,1,1
1300405,13,13004,340000,安徽省,安庆市,岳西县,岳西,yuexixian,yuexi,246600,YXX,local_county,1,1
1300406,13,13004,340000,安徽省,安庆市,怀宁县,怀宁,huainingxian,huaining,246100,HNX,local_county,1,1
1300407,13,13004,340000,安徽省,安庆市,望江县,望江,wangjiangxian,wangjiang,246200,WJX,local_county,1,1
1300408,13,13004,340000,安徽省,安庆市,枞阳县,枞阳,zongyangxian,zongyang,246700,YX,local_county,0,0
1300409,13,13004,340000,安徽省,安庆市,桐城市,桐城,tongchengshi,tongcheng,231400,TCS,local_county,1,1
1300410,13,13004,340000,安徽省,安庆市,潜山县,潜山,qianshanxian,qianshan,246300,QSX,local_county,1,1
1300411,13,13004,340000,安徽省,安庆市,迎江区,迎江,yingjiangqu,yingjiang,246000,YJQ,local_county,1,1
1300501,13,13005,340000,安徽省,宣城市,宁国市,宁国,ningguoshi,ningguo,242300,NGS,local_county,1,1
1300502,13,13005,340000,安徽省,宣城市,宣州区,宣州,xuanzhouqu,xuanzhou,242000,XZQ,local_county,1,1
1300503,13,13005,340000,安徽省,宣城市,广德县,广德,guangdexian,guangde,242200,GDX,local_county,1,1
1300504,13,13005,340000,安徽省,宣城市,旌德县,旌德,jingdexian,jingde,242600,DX,local_county,1,1
1300505,13,13005,340000,安徽省,宣城市,泾县,泾,jingxian,jing,242500,X,local_county,1,1
1300506,13,13005,340000,安徽省,宣城市,绩溪县,绩溪,jixixian,jixi,245300,JXX,local_county,1,1
1300507,13,13005,340000,安徽省,宣城市,郎溪县,郎溪,langxixian,langxi,242100,LXX,local_county,1,1
1300601,13,13006,340000,安徽省,宿州市,埇桥区,埇桥,yongqiaoqu,yongqiao,234000,圥,local_county,1,1
1300602,13,13006,340000,安徽省,宿州市,泗县,泗,sixian,si,234300,X,local_county,1,1
1300603,13,13006,340000,安徽省,宿州市,灵璧县,灵璧,lingbixian,lingbi,234200,LX,local_county,1,1
1300604,13,13006,340000,安徽省,宿州市,砀山县,砀山,dangshanxian,dangshan,235300,SX,local_county,1,1
1300605,13,13006,340000,安徽省,宿州市,萧县,萧,xiaoxian,xiao,235200,XX,local_county,1,1
1300701,13,13007,340000,安徽省,巢湖市,含山县,含山,hanshanxian,hanshan,238100,HSX,local_county,0,0
1300702,13,13007,340000,安徽省,巢湖市,和县,和,hexian,he,238200,HX,local_county,0,0
1300703,13,13007,340000,安徽省,巢湖市,居巢区,居巢,juchaoqu,juchao,238000,JCQ,local_county,0,0
1300704,13,13007,340000,安徽省,巢湖市,庐江县,庐江,lujiangxian,lujiang,231500,LJX,local_county,0,0
1300705,13,13007,340000,安徽省,巢湖市,无为县,无为,wuweixian,wuwei,238300,WWX,local_county,0,0
1300801,13,13008,340000,安徽省,池州市,东至县,东至,dongzhixian,dongzhi,247200,DZX,local_county,1,1
1300802,13,13008,340000,安徽省,池州市,石台县,石台,shitaixian,shitai,245100,STX,local_county,1,1
1300803,13,13008,340000,安徽省,池州市,贵池区,贵池,guichiqu,guichi,247100,GCQ,local_county,1,1
1300804,13,13008,340000,安徽省,池州市,青阳县,青阳,qingyangxian,qingyang,242800,QYX,local_county,1,1
1300901,13,13009,340000,安徽省,淮北市,杜集区,杜集,dujiqu,duji,235000,DJQ,local_county,1,1
1300902,13,13009,340000,安徽省,淮北市,濉溪县,濉溪,suixixian,suixi,235100,XX,local_county,1,1
1300903,13,13009,340000,安徽省,淮北市,烈山区,烈山,lieshanqu,lieshan,235000,LSQ,local_county,1,1
1300904,13,13009,340000,安徽省,淮北市,相山区,相山,xiangshanqu,xiangshan,235000,XSQ,local_county,1,1
1301001,13,13010,340000,安徽省,淮南市,八公山区,八公山,bagongshanqu,bagongshan,232000,BGSQ,local_county,1,1
1301002,13,13010,340000,安徽省,淮南市,凤台县,凤台,fengtaixian,fengtai,232100,FTX,local_county,1,1
1301003,13,13010,340000,安徽省,淮南市,大通区,大通,datongqu,datong,232000,DTQ,local_county,1,1
1301004,13,13010,340000,安徽省,淮南市,潘集区,潘集,panjiqu,panji,232000,PJQ,local_county,1,1
1301005,13,13010,340000,安徽省,淮南市,田家庵区,田家庵,tianjiaanqu,tianjiaan,232000,TJQ,local_county,1,1
1301006,13,13010,340000,安徽省,淮南市,谢家集区,谢家集,xiejiajiqu,xiejiaji,232000,JJQ,local_county,1,1
1301101,13,13011,340000,安徽省,滁州市,全椒县,全椒,quanjiaoxian,quanjiao,239500,QJX,local_county,1,1
1301102,13,13011,340000,安徽省,滁州市,凤阳县,凤阳,fengyangxian,fengyang,233100,FYX,local_county,1,1
1301103,13,13011,340000,安徽省,滁州市,南谯区,南谯,nanqiaoqu,nanqiao,239000,NQ,local_county,1,1
1301104,13,13011,340000,安徽省,滁州市,天长市,天长,tianzhangshi,tianzhang,239300,TCS,local_county,1,1
1301105,13,13011,340000,安徽省,滁州市,定远县,定远,dingyuanxian,dingyuan,233200,DYX,local_county,1,1
1301106,13,13011,340000,安徽省,滁州市,明光市,明光,mingguangshi,mingguang,239400,MGS,local_county,1,1
1301107,13,13011,340000,安徽省,滁州市,来安县,来安,laianxian,laian,239200,LAX,local_county,1,1
1301108,13,13011,340000,安徽省,滁州市,琅琊区,琅琊,langyaqu,langya,239000,LQ,local_county,1,1
1301201,13,13012,340000,安徽省,芜湖市,三山区,三山,sanshanqu,sanshan,241000,SSQ,local_county,1,1
1301202,13,13012,340000,安徽省,芜湖市,南陵县,南陵,nanlingxian,nanling,242400,NLX,local_county,1,1
1301203,13,13012,340000,安徽省,芜湖市,弋江区,弋江,yijiangqu,yijiang,241000,JQ,local_county,1,1
1301204,13,13012,340000,安徽省,芜湖市,繁昌县,繁昌,fanchangxian,fanchang,241200,FCX,local_county,1,1
1301205,13,13012,340000,安徽省,芜湖市,芜湖县,芜湖,wuhuxian,wuhu,241100,WHX,local_county,1,1
1301206,13,13012,340000,安徽省,芜湖市,镜湖区,镜湖,jinghuqu,jinghu,241000,JHQ,local_county,1,1
1301207,13,13012,340000,安徽省,芜湖市,鸠江区,鸠江,jiujiangqu,jiujiang,241000,JQ,local_county,1,1
1301301,13,13013,340000,安徽省,蚌埠市,五河县,五河,wuhexian,wuhe,233300,WHX,local_county,1,1
1301302,13,13013,340000,安徽省,蚌埠市,固镇县,固镇,guzhenxian,guzhen,233700,GZX,local_county,1,1
1301303,13,13013,340000,安徽省,蚌埠市,怀远县,怀远,huaiyuanxian,huaiyuan,233400,HYX,local_county,1,1
1301304,13,13013,340000,安徽省,蚌埠市,淮上区,淮上,huaishangqu,huaishang,233000,HSQ,local_county,1,1
1301305,13,13013,340000,安徽省,蚌埠市,禹会区,禹会,yuhuiqu,yuhui,233000,YHQ,local_county,1,1
1301306,13,13013,340000,安徽省,蚌埠市,蚌山区,蚌山,bangshanqu,bangshan,233000,BSQ,local_county,1,1
1301307,13,13013,340000,安徽省,蚌埠市,龙子湖区,龙子湖,longzihuqu,longzihu,233000,LZHQ,local_county,1,1
1301401,13,13014,340000,安徽省,铜陵市,狮子山区,狮子山,shizishanqu,shizishan,244000,SZSQ,local_county,0,0
1301402,13,13014,340000,安徽省,铜陵市,郊区,郊,jiaoqu,jiao,045000,JQ,local_county,1,1
1301403,13,13014,340000,安徽省,铜陵市,铜官山区,铜官山,tongguanshanqu,tongguanshan,244000,TGSQ,local_county,1,1
1301404,13,13014,340000,安徽省,铜陵市,铜陵县,铜陵,tonglingxian,tongling,244100,TLX,local_county,0,0
1301501,13,13015,340000,安徽省,阜阳市,临泉县,临泉,linquanxian,linquan,236400,LQX,local_county,1,1
1301502,13,13015,340000,安徽省,阜阳市,太和县,太和,taihexian,taihe,236600,THX,local_county,1,1
1301503,13,13015,340000,安徽省,阜阳市,界首市,界首,jieshoushi,jieshou,236500,JSS,local_county,1,1
1301504,13,13015,340000,安徽省,阜阳市,阜南县,阜南,funanxian,funan,236300,FNX,local_county,1,1
1301505,13,13015,340000,安徽省,阜阳市,颍上县,颍上,yingshangxian,yingshang,236200,SX,local_county,1,1
1301506,13,13015,340000,安徽省,阜阳市,颍东区,颍东,yingdongqu,yingdong,236000,DQ,local_county,1,1
1301507,13,13015,340000,安徽省,阜阳市,颍州区,颍州,yingzhouqu,yingzhou,236000,ZQ,local_county,1,1
1301508,13,13015,340000,安徽省,阜阳市,颍泉区,颍泉,yingquanqu,yingquan,236000,QQ,local_county,1,1
1301601,13,13016,340000,安徽省,马鞍山市,当涂县,当涂,dangtuxian,dangtu,243100,DTX,local_county,1,1
1301602,13,13016,340000,安徽省,马鞍山市,花山区,花山,huashanqu,huashan,243000,HSQ,local_county,1,1
1301603,13,13016,340000,安徽省,马鞍山市,金家庄区,金家庄,jinjiazhuangqu,jinjiazhuang,243000,JJZQ,local_county,0,0
1301604,13,13016,340000,安徽省,马鞍山市,雨山区,雨山,yushanqu,yushan,243000,YSQ,local_county,1,1
1301701,13,13017,340000,安徽省,黄山市,休宁县,休宁,xiuningxian,xiuning,245400,XNX,local_county,1,1
1301702,13,13017,340000,安徽省,黄山市,屯溪区,屯溪,tunxiqu,tunxi,245000,TXQ,local_county,1,1
1301703,13,13017,340000,安徽省,黄山市,徽州区,徽州,huizhouqu,huizhou,245000,HZQ,local_county,1,1
1301704,13,13017,340000,安徽省,黄山市,歙县,歙,shexian,she,245200,X,local_county,1,1
1301705,13,13017,340000,安徽省,黄山市,祁门县,祁门,qimenxian,qimen,245600,QMX,local_county,1,1
1301706,13,13017,340000,安徽省,黄山市,黄山区,黄山,huangshanqu,huangshan,245000,HSQ,local_county,1,1
1301707,13,13017,340000,安徽省,黄山市,黟县,黟,yixian,yi,245500,X,local_county,1,1
3800101,38,38001,370000,山东省,东营市,东营区,东营,dongyingqu,dongying,257100,DYQ,local_county,1,1
3800102,38,38001,370000,山东省,东营市,利津县,利津,lijinxian,lijin,257400,LJX,local_county,1,1
3800103,38,38001,370000,山东省,东营市,垦利县,垦利,kenlixian,kenli,257500,KLX,local_county,0,0
3800104,38,38001,370000,山东省,东营市,广饶县,广饶,guangraoxian,guangrao,257300,GRX,local_county,1,1
3800105,38,38001,370000,山东省,东营市,河口区,河口,hekouqu,hekou,257200,HKQ,local_county,1,1
3800201,38,38002,370000,山东省,临沂市,临沭县,临沭,linshuxian,linshu,276700,LX,local_county,1,1
3800202,38,38002,370000,山东省,临沂市,兰山区,兰山,lanshanqu,lanshan,276000,LSQ,local_county,1,1
3800203,38,38002,370000,山东省,临沂市,平邑县,平邑,pingyixian,pingyi,273300,PYX,local_county,1,1
3800204,38,38002,370000,山东省,临沂市,沂南县,沂南,yinanxian,yinan,276300,YNX,local_county,1,1
3800205,38,38002,370000,山东省,临沂市,沂水县,沂水,yishuixian,yishui,276400,YSX,local_county,1,1
3800206,38,38002,370000,山东省,临沂市,河东区,河东,hedongqu,hedong,300000,HDQ,local_county,1,1
3800207,38,38002,370000,山东省,临沂市,罗庄区,罗庄,luozhuangqu,luozhuang,276000,LZQ,local_county,1,1
3800208,38,38002,370000,山东省,临沂市,苍山县,苍山,cangshanxian,cangshan,277700,CSX,local_county,0,0
3800209,38,38002,370000,山东省,临沂市,莒南县,莒南,junanxian,junan,276600,NX,local_county,1,1
3800210,38,38002,370000,山东省,临沂市,蒙阴县,蒙阴,mengyinxian,mengyin,276200,MYX,local_county,1,1
3800211,38,38002,370000,山东省,临沂市,费县,费,feixian,fei,273400,FX,local_county,1,1
3800212,38,38002,370000,山东省,临沂市,郯城县,郯城,tanchengxian,tancheng,276100,CX,local_county,1,1
3800301,38,38003,370000,山东省,威海市,乳山市,乳山,rushanshi,rushan,264500,RSS,local_county,1,1
3800302,38,38003,370000,山东省,威海市,文登市,文登,wendengshi,wendeng,264400,WDS,local_county,1,1
3800303,38,38003,370000,山东省,威海市,环翠区,环翠,huancuiqu,huancui,264200,HCQ,local_county,1,1
3800304,38,38003,370000,山东省,威海市,荣成市,荣成,rongchengshi,rongcheng,264300,RCS,local_county,1,1
3800401,38,38004,370000,山东省,德州市,临邑县,临邑,linyixian,linyi,251500,LYX,local_county,1,1
3800402,38,38004,370000,山东省,德州市,乐陵市,乐陵,lelingshi,leling,253600,LLS,local_county,1,1
3800403,38,38004,370000,山东省,德州市,夏津县,夏津,xiajinxian,xiajin,253200,XJX,local_county,1,1
3800404,38,38004,370000,山东省,德州市,宁津县,宁津,ningjinxian,ningjin,253400,NJX,local_county,1,1
3800405,38,38004,370000,山东省,德州市,平原县,平原,pingyuanxian,pingyuan,253100,PYX,local_county,1,1
3800406,38,38004,370000,山东省,德州市,庆云县,庆云,qingyunxian,qingyun,253700,QYX,local_county,1,1
3800407,38,38004,370000,山东省,德州市,德城区,德城,dechengqu,decheng,253000,DCQ,local_county,1,1
3800408,38,38004,370000,山东省,德州市,武城县,武城,wuchengxian,wucheng,253300,WCX,local_county,1,1
3800409,38,38004,370000,山东省,德州市,禹城市,禹城,yuchengshi,yucheng,251200,YCS,local_county,1,1
3800410,38,38004,370000,山东省,德州市,陵县,陵,lingxian,ling,253500,LX,local_county,0,0
3800411,38,38004,370000,山东省,德州市,齐河县,齐河,qihexian,qihe,251100,QHX,local_county,1,1
3800501,38,38005,370000,山东省,日照市,东港区,东港,donggangqu,donggang,276800,DGQ,local_county,1,1
3800502,38,38005,370000,山东省,日照市,五莲县,五莲,wulianxian,wulian,262300,WLX,local_county,1,1
3800503,38,38005,370000,山东省,日照市,岚山区,岚山,lanshanqu,lanshan,276800,SQ,local_county,1,1
3800504,38,38005,370000,山东省,日照市,莒县,莒,juxian,ju,276500,X,local_county,1,1
3800601,38,38006,370000,山东省,枣庄市,台儿庄区,台儿庄,taierzhuangqu,taierzhuang,277400,TEZQ,local_county,1,1
3800602,38,38006,370000,山东省,枣庄市,山亭区,山亭,shantingqu,shanting,277200,STQ,local_county,1,1
3800603,38,38006,370000,山东省,枣庄市,峄城区,峄城,yichengqu,yicheng,277300,CQ,local_county,1,1
3800604,38,38006,370000,山东省,枣庄市,市中区,市中,shizhongqu,shizhong,250000,SZQ,local_county,1,1
3800605,38,38006,370000,山东省,枣庄市,滕州市,滕州,tengzhoushi,tengzhou,277500,ZS,local_county,1,1
3800606,38,38006,370000,山东省,枣庄市,薛城区,薛城,xuechengqu,xuecheng,277000,XCQ,local_county,1,1
3800701,38,38007,370000,山东省,泰安市,东平县,东平,dongpingxian,dongping,271500,DPX,local_county,1,1
3800702,38,38007,370000,山东省,泰安市,宁阳县,宁阳,ningyangxian,ningyang,271400,NYX,local_county,1,1
3800703,38,38007,370000,山东省,泰安市,岱岳区,岱岳,daiyuequ,daiyue,271000,YQ,local_county,1,1
3800704,38,38007,370000,山东省,泰安市,新泰市,新泰,xintaishi,xintai,271200,XTS,local_county,1,1
3800705,38,38007,370000,山东省,泰安市,泰山区,泰山,taishanqu,taishan,271000,TSQ,local_county,1,1
3800706,38,38007,370000,山东省,泰安市,肥城市,肥城,feichengshi,feicheng,271600,FCS,local_county,1,1
3800801,38,38008,370000,山东省,济南市,历下区,历下,lixiaqu,lixia,250000,LXQ,local_county,1,1
3800802,38,38008,370000,山东省,济南市,历城区,历城,lichengqu,licheng,250100,LCQ,local_county,1,1
3800803,38,38008,370000,山东省,济南市,商河县,商河,shanghexian,shanghe,251600,SHX,local_county,1,1
3800804,38,38008,370000,山东省,济南市,天桥区,天桥,tianqiaoqu,tianqiao,250000,TQQ,local_county,1,1
3800805,38,38008,370000,山东省,济南市,市中区,市中,shizhongqu,shizhong,250000,SZQ,local_county,1,1
3800806,38,38008,370000,山东省,济南市,平阴县,平阴,pingyinxian,pingyin,250400,PYX,local_county,1,1
3800807,38,38008,370000,山东省,济南市,槐荫区,槐荫,huaiyinqu,huaiyin,250000,HYQ,local_county,1,1
3800808,38,38008,370000,山东省,济南市,济阳县,济阳,jiyangxian,jiyang,251400,JYX,local_county,1,1
3800809,38,38008,370000,山东省,济南市,章丘市,章丘,zhangqiushi,zhangqiu,250200,ZQS,local_county,1,1
3800810,38,38008,370000,山东省,济南市,长清区,长清,zhangqingqu,zhangqing,250300,CQQ,local_county,1,1
3800901,38,38009,370000,山东省,济宁市,任城区,任城,renchengqu,rencheng,272000,RCQ,local_county,1,1
3800902,38,38009,370000,山东省,济宁市,兖州市,兖州,yanzhoushi,yanzhou,272000,ZS,local_county,1,1
3800903,38,38009,370000,山东省,济宁市,嘉祥县,嘉祥,jiaxiangxian,jiaxiang,272400,JXX,local_county,1,1
3800904,38,38009,370000,山东省,济宁市,市中区,市中,shizhongqu,shizhong,250000,SZQ,local_county,0,0
3800905,38,38009,370000,山东省,济宁市,微山县,微山,weishanxian,weishan,277600,WSX,local_county,1,1
3800906,38,38009,370000,山东省,济宁市,曲阜市,曲阜,qufushi,qufu,273100,QFS,local_county,1,1
3800907,38,38009,370000,山东省,济宁市,梁山县,梁山,liangshanxian,liangshan,272600,LSX,local_county,1,1
3800908,38,38009,370000,山东省,济宁市,汶上县,汶上,wenshangxian,wenshang,272500,SX,local_county,1,1
3800909,38,38009,370000,山东省,济宁市,泗水县,泗水,sishuixian,sishui,273200,SX,local_county,1,1
3800910,38,38009,370000,山东省,济宁市,邹城市,邹城,zouchengshi,zoucheng,273500,ZCS,local_county,1,1
3800911,38,38009,370000,山东省,济宁市,金乡县,金乡,jinxiangxian,jinxiang,272200,JXX,local_county,1,1
3800912,38,38009,370000,山东省,济宁市,鱼台县,鱼台,yutaixian,yutai,272300,YTX,local_county,1,1
3801001,38,38010,370000,山东省,淄博市,临淄区,临淄,linziqu,linzi,255400,LZQ,local_county,1,1
3801002,38,38010,370000,山东省,淄博市,博山区,博山,boshanqu,boshan,255200,BSQ,local_county,1,1
3801003,38,38010,370000,山东省,淄博市,周村区,周村,zhoucunqu,zhoucun,255300,ZCQ,local_county,1,1
3801004,38,38010,370000,山东省,淄博市,张店区,张店,zhangdianqu,zhangdian,255000,ZDQ,local_county,1,1
3801005,38,38010,370000,山东省,淄博市,桓台县,桓台,huantaixian,huantai,256400,HTX,local_county,1,1
3801006,38,38010,370000,山东省,淄博市,沂源县,沂源,yiyuanxian,yiyuan,256100,YYX,local_county,1,1
3801007,38,38010,370000,山东省,淄博市,淄川区,淄川,zichuanqu,zichuan,255100,ZCQ,local_county,1,1
3801008,38,38010,370000,山东省,淄博市,高青县,高青,gaoqingxian,gaoqing,256300,GQX,local_county,1,1
3801101,38,38011,370000,山东省,滨州市,博兴县,博兴,boxingxian,boxing,256500,BXX,local_county,1,1
3801102,38,38011,370000,山东省,滨州市,惠民县,惠民,huiminxian,huimin,251700,HMX,local_county,1,1
3801103,38,38011,370000,山东省,滨州市,无棣县,无棣,wudixian,wudi,251900,WX,local_county,1,1
3801104,38,38011,370000,山东省,滨州市,沾化县,沾化,zhanhuaxian,zhanhua,256800,ZHX,local_county,0,0
3801105,38,38011,370000,山东省,滨州市,滨城区,滨城,binchengqu,bincheng,256600,BCQ,local_county,1,1
3801106,38,38011,370000,山东省,滨州市,邹平县,邹平,zoupingxian,zouping,256200,ZPX,local_county,1,1
3801107,38,38011,370000,山东省,滨州市,阳信县,阳信,yangxinxian,yangxin,251800,YXX,local_county,1,1
3801201,38,38012,370000,山东省,潍坊市,临朐县,临朐,linquxian,linqu,262600,LX,local_county,1,1
3801202,38,38012,370000,山东省,潍坊市,坊子区,坊子,fangziqu,fangzi,261200,FZQ,local_county,1,1
3801203,38,38012,370000,山东省,潍坊市,奎文区,奎文,kuiwenqu,kuiwen,261000,KWQ,local_county,1,1
3801204,38,38012,370000,山东省,潍坊市,安丘市,安丘,anqiushi,anqiu,262100,AQS,local_county,1,1
3801205,38,38012,370000,山东省,潍坊市,寒亭区,寒亭,hantingqu,hanting,261100,HTQ,local_county,1,1
3801206,38,38012,370000,山东省,潍坊市,寿光市,寿光,shouguangshi,shouguang,262700,SGS,local_county,1,1
3801207,38,38012,370000,山东省,潍坊市,昌乐县,昌乐,changlexian,changle,262400,CLX,local_county,1,1
3801208,38,38012,370000,山东省,潍坊市,昌邑市,昌邑,changyishi,changyi,261300,CYS,local_county,1,1
3801209,38,38012,370000,山东省,潍坊市,潍城区,潍城,weichengqu,weicheng,261000,WCQ,local_county,1,1
3801210,38,38012,370000,山东省,潍坊市,诸城市,诸城,zhuchengshi,zhucheng,262200,ZCS,local_county,1,1
3801211,38,38012,370000,山东省,潍坊市,青州市,青州,qingzhoushi,qingzhou,262500,QZS,local_county,1,1
3801212,38,38012,370000,山东省,潍坊市,高密市,高密,gaomishi,gaomi,261500,GMS,local_county,1,1
3801213,38,38012,370000,山东省,潍坊市,高新区,高,gaoxinqu,gao,261500,GXQ,local_county,0,0
3801301,38,38013,370000,山东省,烟台市,招远市,招远,zhaoyuanshi,zhaoyuan,265400,ZYS,local_county,1,1
3801302,38,38013,370000,山东省,烟台市,栖霞市,栖霞,qixiashi,qixia,265300,QXS,local_county,1,1
3801303,38,38013,370000,山东省,烟台市,海阳市,海阳,haiyangshi,haiyang,265100,HYS,local_county,1,1
3801304,38,38013,370000,山东省,烟台市,烟台开发区,烟台开发,yantaikaifaqu,yantaikaifa,265100,YTKFQ,local_county,0,0
3801305,38,38013,370000,山东省,烟台市,牟平区,牟平,mupingqu,muping,264100,MPQ,local_county,1,1
3801306,38,38013,370000,山东省,烟台市,福山区,福山,fushanqu,fushan,265500,FSQ,local_county,1,1
3801307,38,38013,370000,山东省,烟台市,芝罘区,芝罘,zhifuqu,zhifu,264000,ZQ,local_county,1,1
3801308,38,38013,370000,山东省,烟台市,莱山区,莱山,laishanqu,laishan,264000,LSQ,local_county,1,1
3801309,38,38013,370000,山东省,烟台市,莱州市,莱州,laizhoushi,laizhou,261400,LZS,local_county,1,1
3801310,38,38013,370000,山东省,烟台市,莱阳市,莱阳,laiyangshi,laiyang,265200,LYS,local_county,1,1
3801311,38,38013,370000,山东省,烟台市,蓬莱市,蓬莱,penglaishi,penglai,265600,PLS,local_county,1,1
3801312,38,38013,370000,山东省,烟台市,长岛县,长岛,zhangdaoxian,zhangdao,265800,CDX,local_county,1,1
3801313,38,38013,370000,山东省,烟台市,龙口市,龙口,longkoushi,longkou,265700,LKS,local_county,1,1
3801401,38,38014,370000,山东省,聊城市,东昌府区,东昌府,dongchangfuqu,dongchangfu,252000,DCFQ,local_county,1,1
3801402,38,38014,370000,山东省,聊城市,东阿县,东阿,dongexian,donge,252200,DAX,local_county,1,1
3801403,38,38014,370000,山东省,聊城市,临清市,临清,linqingshi,linqing,252600,LQS,local_county,1,1
3801404,38,38014,370000,山东省,聊城市,冠县,冠,guanxian,guan,252500,GX,local_county,1,1
3801405,38,38014,370000,山东省,聊城市,茌平县,茌平,chipingxian,chiping,252100,PX,local_county,1,1
3801406,38,38014,370000,山东省,聊城市,莘县,莘,shenxian,shen,252400,X,local_county,1,1
3801407,38,38014,370000,山东省,聊城市,阳谷县,阳谷,yangguxian,yanggu,252300,YGX,local_county,1,1
3801408,38,38014,370000,山东省,聊城市,高唐县,高唐,gaotangxian,gaotang,252800,GTX,local_county,1,1
3801501,38,38015,370000,山东省,莱芜市,莱城区,莱城,laichengqu,laicheng,271100,LCQ,local_county,1,1
3801502,38,38015,370000,山东省,莱芜市,钢城区,钢城,gangchengqu,gangcheng,271100,GCQ,local_county,1,1
3801601,38,38016,370000,山东省,菏泽市,东明县,东明,dongmingxian,dongming,274500,DMX,local_county,1,1
3801602,38,38016,370000,山东省,菏泽市,单县,单,danxian,dan,274300,DX,local_county,1,1
3801603,38,38016,370000,山东省,菏泽市,定陶县,定陶,dingtaoxian,dingtao,274100,DTX,local_county,0,0
3801604,38,38016,370000,山东省,菏泽市,巨野县,巨野,juyexian,juye,274900,JYX,local_county,1,1
3801605,38,38016,370000,山东省,菏泽市,成武县,成武,chengwuxian,chengwu,274200,CWX,local_county,1,1
3801606,38,38016,370000,山东省,菏泽市,曹县,曹,caoxian,cao,274400,CX,local_county,1,1
3801607,38,38016,370000,山东省,菏泽市,牡丹区,牡丹,mudanqu,mudan,274000,MDQ,local_county,1,1
3801608,38,38016,370000,山东省,菏泽市,郓城县,郓城,yunchengxian,yuncheng,274700,CX,local_county,1,1
3801609,38,38016,370000,山东省,菏泽市,鄄城县,鄄城,juanchengxian,juancheng,274600,CX,local_county,1,1
3801701,38,38017,370000,山东省,青岛市,即墨市,即墨,jimoshi,jimo,266200,JS,local_county,1,1
3801702,38,38017,370000,山东省,青岛市,四方区,四方,sifangqu,sifang,266000,SFQ,local_county,0,0
3801703,38,38017,370000,山东省,青岛市,城阳区,城阳,chengyangqu,chengyang,266000,CYQ,local_county,1,1
3801704,38,38017,370000,山东省,青岛市,崂山区,崂山,laoshanqu,laoshan,266100,SQ,local_county,1,1
3801705,38,38017,370000,山东省,青岛市,市北区,市北,shibeiqu,shibei,266000,SBQ,local_county,1,1
3801706,38,38017,370000,山东省,青岛市,市南区,市南,shinanqu,shinan,266000,SNQ,local_county,1,1
3801707,38,38017,370000,山东省,青岛市,平度市,平度,pingdushi,pingdu,266700,PDS,local_county,1,1
3801708,38,38017,370000,山东省,青岛市,李沧区,李沧,licangqu,licang,266000,LCQ,local_county,1,1
3801709,38,38017,370000,山东省,青岛市,胶南市,胶南,jiaonanshi,jiaonan,266400,JNS,local_county,0,0
3801710,38,38017,370000,山东省,青岛市,胶州市,胶州,jiaozhoushi,jiaozhou,266300,JZS,local_county,1,1
3801711,38,38017,370000,山东省,青岛市,莱西市,莱西,laixishi,laixi,266600,LXS,local_county,1,1
3801712,38,38017,370000,山东省,青岛市,黄岛区,黄岛,huangdaoqu,huangdao,266000,HDQ,local_county,1,1
1900101,19,19001,140000,山西省,临汾市,乡宁县,乡宁,xiangningxian,xiangning,042100,XNX,local_county,1,1
1900102,19,19001,140000,山西省,临汾市,侯马市,侯马,houmashi,houma,043000,HMS,local_county,1,1
1900103,19,19001,140000,山西省,临汾市,古县,古,guxian,gu,042400,GX,local_county,1,1
1900104,19,19001,140000,山西省,临汾市,吉县,吉,jixian,ji,042200,JX,local_county,1,1
1900105,19,19001,140000,山西省,临汾市,大宁县,大宁,daningxian,daning,042300,DNX,local_county,1,1
1900106,19,19001,140000,山西省,临汾市,安泽县,安泽,anzexian,anze,042500,AZX,local_county,1,1
1900107,19,19001,140000,山西省,临汾市,尧都区,尧都,yaodouqu,yaodou,041000,YDQ,local_county,1,1
1900108,19,19001,140000,山西省,临汾市,曲沃县,曲沃,quwoxian,quwo,043400,QWX,local_county,1,1
1900109,19,19001,140000,山西省,临汾市,永和县,永和,yonghexian,yonghe,041400,YHX,local_county,1,1
1900110,19,19001,140000,山西省,临汾市,汾西县,汾西,fenxixian,fenxi,031500,FXX,local_county,1,1
1900111,19,19001,140000,山西省,临汾市,洪洞县,洪洞,hongdongxian,hongdong,031600,HDX,local_county,1,1
1900112,19,19001,140000,山西省,临汾市,浮山县,浮山,fushanxian,fushan,042600,FSX,local_county,1,1
1900113,19,19001,140000,山西省,临汾市,翼城县,翼城,yichengxian,yicheng,043500,YCX,local_county,1,1
1900114,19,19001,140000,山西省,临汾市,蒲县,蒲,puxian,pu,041200,PX,local_county,1,1
1900115,19,19001,140000,山西省,临汾市,襄汾县,襄汾,xiangfenxian,xiangfen,041500,XFX,local_county,1,1
1900116,19,19001,140000,山西省,临汾市,隰县,隰,xixian,xi,041300,X,local_county,1,1
1900117,19,19001,140000,山西省,临汾市,霍州市,霍州,huozhoushi,huozhou,031400,HZS,local_county,1,1
1900201,19,19002,140000,山西省,吕梁市,中阳县,中阳,zhongyangxian,zhongyang,033400,ZYX,local_county,1,1
1900202,19,19002,140000,山西省,吕梁市,临县,临,linxian,lin,033200,LX,local_county,1,1
1900203,19,19002,140000,山西省,吕梁市,交口县,交口,jiaokouxian,jiaokou,032400,JKX,local_county,1,1
1900204,19,19002,140000,山西省,吕梁市,交城县,交城,jiaochengxian,jiaocheng,030500,JCX,local_county,1,1
1900205,19,19002,140000,山西省,吕梁市,兴县,兴,xingxian,xing,035300,XX,local_county,1,1
1900206,19,19002,140000,山西省,吕梁市,孝义市,孝义,xiaoyishi,xiaoyi,032300,YS,local_county,1,1
1900207,19,19002,140000,山西省,吕梁市,岚县,岚,lanxian,lan,035200,X,local_county,1,1
1900208,19,19002,140000,山西省,吕梁市,文水县,文水,wenshuixian,wenshui,032100,WSX,local_county,1,1
1900209,19,19002,140000,山西省,吕梁市,方山县,方山,fangshanxian,fangshan,033100,FSX,local_county,1,1
1900210,19,19002,140000,山西省,吕梁市,柳林县,柳林,liulinxian,liulin,033300,LLX,local_county,1,1
1900211,19,19002,140000,山西省,吕梁市,汾阳市,汾阳,fenyangshi,fenyang,032200,FYS,local_county,1,1
1900212,19,19002,140000,山西省,吕梁市,石楼县,石楼,shilouxian,shilou,032500,SLX,local_county,1,1
1900213,19,19002,140000,山西省,吕梁市,离石区,离石,lishiqu,lishi,033000,LSQ,local_county,1,1
1900301,19,19003,140000,山西省,大同市,南郊区,南郊,nanjiaoqu,nanjiao,037000,NJQ,local_county,1,1
1900302,19,19003,140000,山西省,大同市,城区,城,chengqu,cheng,037000,CQ,local_county,1,1
1900303,19,19003,140000,山西省,大同市,大同县,大同,datongxian,datong,037300,DTX,local_county,1,1
1900304,19,19003,140000,山西省,大同市,天镇县,天镇,tianzhenxian,tianzhen,038200,TZX,local_county,1,1
1900305,19,19003,140000,山西省,大同市,左云县,左云,zuoyunxian,zuoyun,037100,ZYX,local_county,1,1
1900306,19,19003,140000,山西省,大同市,广灵县,广灵,guanglingxian,guangling,037500,GLX,local_county,1,1
1900307,19,19003,140000,山西省,大同市,新荣区,新荣,xinrongqu,xinrong,037000,XRQ,local_county,1,1
1900308,19,19003,140000,山西省,大同市,浑源县,浑源,hunyuanxian,hunyuan,037400,HYX,local_county,1,1
1900309,19,19003,140000,山西省,大同市,灵丘县,灵丘,lingqiuxian,lingqiu,034400,LQX,local_county,1,1
1900310,19,19003,140000,山西省,大同市,矿区,矿,kuangqu,kuang,037000,KQ,local_county,1,1
1900311,19,19003,140000,山西省,大同市,阳高县,阳高,yanggaoxian,yanggao,038100,YGX,local_county,1,1
1900401,19,19004,140000,山西省,太原市,万柏林区,万柏,wanbolinqu,wanbai,030000,WBLQ,local_county,1,1
1900402,19,19004,140000,山西省,太原市,古交市,古交,gujiaoshi,gujiao,030200,GJS,local_county,1,1
1900403,19,19004,140000,山西省,太原市,娄烦县,娄烦,loufanxian,loufan,030300,LFX,local_county,1,1
1900404,19,19004,140000,山西省,太原市,小店区,小店,xiaodianqu,xiaodian,030000,DQ,local_county,1,1
1900405,19,19004,140000,山西省,太原市,尖草坪区,尖草坪,jiancaopingqu,jiancaoping,030000,JCPQ,local_county,1,1
1900406,19,19004,140000,山西省,太原市,晋源区,晋源,jinyuanqu,jinyuan,030000,JYQ,local_county,1,1
1900407,19,19004,140000,山西省,太原市,杏花岭区,杏花岭,xinghualingqu,xinghualing,030000,XHLQ,local_county,1,1
1900408,19,19004,140000,山西省,太原市,清徐县,清徐,qingxuxian,qingxu,030400,QXX,local_county,1,1
1900409,19,19004,140000,山西省,太原市,迎泽区,迎泽,yingzequ,yingze,030000,YZQ,local_county,1,1
1900410,19,19004,140000,山西省,太原市,阳曲县,阳曲,yangquxian,yangqu,030100,YQX,local_county,1,1
1900501,19,19005,140000,山西省,忻州市,五台县,五台,wutaixian,wutai,035500,WTX,local_county,1,1
1900502,19,19005,140000,山西省,忻州市,五寨县,五寨,wuzhaixian,wuzhai,036200,WZX,local_county,1,1
1900503,19,19005,140000,山西省,忻州市,代县,代,daixian,dai,034200,DX,local_county,1,1
1900504,19,19005,140000,山西省,忻州市,保德县,保德,baodexian,baode,036600,BDX,local_county,1,1
1900505,19,19005,140000,山西省,忻州市,偏关县,偏关,pianguanxian,pianguan,036400,PGX,local_county,1,1
1900506,19,19005,140000,山西省,忻州市,原平市,原平,yuanpingshi,yuanping,034100,YPS,local_county,1,1
1900507,19,19005,140000,山西省,忻州市,宁武县,宁武,ningwuxian,ningwu,036000,NWX,local_county,1,1
1900508,19,19005,140000,山西省,忻州市,定襄县,定襄,dingxiangxian,dingxiang,035400,DXX,local_county,1,1
1900509,19,19005,140000,山西省,忻州市,岢岚县,岢岚,kelanxian,kelan,036300,X,local_county,1,1
1900510,19,19005,140000,山西省,忻州市,忻府区,忻府,xinfuqu,xinfu,034000,XFQ,local_county,1,1
1900511,19,19005,140000,山西省,忻州市,河曲县,河曲,hequxian,hequ,036500,HQX,local_county,1,1
1900512,19,19005,140000,山西省,忻州市,神池县,神池,shenchixian,shenchi,036100,SCX,local_county,1,1
1900513,19,19005,140000,山西省,忻州市,繁峙县,繁峙,fanzhixian,fanzhi,034300,FZX,local_county,1,1
1900514,19,19005,140000,山西省,忻州市,静乐县,静乐,jinglexian,jingle,035100,JLX,local_county,1,1
1900601,19,19006,140000,山西省,晋中市,介休市,介休,jiexiushi,jiexiu,031200,JXS,local_county,1,1
1900602,19,19006,140000,山西省,晋中市,和顺县,和顺,heshunxian,heshun,032700,HSX,local_county,1,1
1900603,19,19006,140000,山西省,晋中市,太谷县,太谷,taiguxian,taigu,030800,TGX,local_county,1,1
1900604,19,19006,140000,山西省,晋中市,寿阳县,寿阳,shouyangxian,shouyang,031700,SYX,local_county,1,1
1900605,19,19006,140000,山西省,晋中市,左权县,左权,zuoquanxian,zuoquan,032600,ZQX,local_county,1,1
1900606,19,19006,140000,山西省,晋中市,平遥县,平遥,pingyaoxian,pingyao,031100,PYX,local_county,1,1
1900607,19,19006,140000,山西省,晋中市,昔阳县,昔阳,xiyangxian,xiyang,045300,XYX,local_county,1,1
1900608,19,19006,140000,山西省,晋中市,榆次区,榆次,yuciqu,yuci,030600,YCQ,local_county,1,1
1900609,19,19006,140000,山西省,晋中市,榆社县,榆社,yushexian,yushe,031800,YSX,local_county,1,1
1900610,19,19006,140000,山西省,晋中市,灵石县,灵石,lingshixian,lingshi,031300,LSX,local_county,1,1
1900611,19,19006,140000,山西省,晋中市,祁县,祁,qixian,qi,030900,QX,local_county,1,1
1900701,19,19007,140000,山西省,晋城市,城区,城,chengqu,cheng,037000,CQ,local_county,1,1
1900702,19,19007,140000,山西省,晋城市,沁水县,沁水,qinshuixian,qinshui,048200,QSX,local_county,1,1
1900703,19,19007,140000,山西省,晋城市,泽州县,泽州,zezhouxian,zezhou,048000,ZZX,local_county,1,1
1900704,19,19007,140000,山西省,晋城市,阳城县,阳城,yangchengxian,yangcheng,048100,YCX,local_county,1,1
1900705,19,19007,140000,山西省,晋城市,陵川县,陵川,lingchuanxian,lingchuan,048300,LCX,local_county,1,1
1900706,19,19007,140000,山西省,晋城市,高平市,高平,gaopingshi,gaoping,046700,GPS,local_county,1,1
1900801,19,19008,140000,山西省,朔州市,右玉县,右玉,youyuxian,youyu,037200,YYX,local_county,1,1
1900802,19,19008,140000,山西省,朔州市,山阴县,山阴,shanyinxian,shanyin,038400,SYX,local_county,1,1
1900803,19,19008,140000,山西省,朔州市,平鲁区,平鲁,pingluqu,pinglu,038500,PLQ,local_county,1,1
1900804,19,19008,140000,山西省,朔州市,应县,应,yingxian,ying,037600,YX,local_county,1,1
1900805,19,19008,140000,山西省,朔州市,怀仁县,怀仁,huairenxian,huairen,038300,HRX,local_county,1,1
1900806,19,19008,140000,山西省,朔州市,朔城区,朔城,shuochengqu,shuocheng,038500,SCQ,local_county,1,1
1900901,19,19009,140000,山西省,运城市,万荣县,万荣,wanrongxian,wanrong,044200,WRX,local_county,1,1
1900902,19,19009,140000,山西省,运城市,临猗县,临猗,linyixian,linyi,044100,LX,local_county,1,1
1900903,19,19009,140000,山西省,运城市,垣曲县,垣曲,yuanquxian,yuanqu,043700,YQX,local_county,1,1
1900904,19,19009,140000,山西省,运城市,夏县,夏,xiaxian,xia,044400,XX,local_county,1,1
1900905,19,19009,140000,山西省,运城市,平陆县,平陆,pingluxian,pinglu,044300,PLX,local_county,1,1
1900906,19,19009,140000,山西省,运城市,新绛县,新绛,xinjiangxian,xinjiang,043100,XX,local_county,1,1
1900907,19,19009,140000,山西省,运城市,永济市,永济,yongjishi,yongji,044500,YJS,local_county,1,1
1900908,19,19009,140000,山西省,运城市,河津市,河津,hejinshi,hejin,043300,HJS,local_county,1,1
1900909,19,19009,140000,山西省,运城市,盐湖区,盐湖,yanhuqu,yanhu,044000,YHQ,local_county,1,1
1900910,19,19009,140000,山西省,运城市,稷山县,稷山,jishanxian,jishan,043200,SX,local_county,1,1
1900911,19,19009,140000,山西省,运城市,绛县,绛,jiangxian,jiang,043600,X,local_county,1,1
1900912,19,19009,140000,山西省,运城市,芮城县,芮城,ruichengxian,ruicheng,044600,CX,local_county,1,1
1900913,19,19009,140000,山西省,运城市,闻喜县,闻喜,wenxixian,wenxi,043800,WXX,local_county,1,1
1901001,19,19010,140000,山西省,长治市,城区,城,chengqu,cheng,037000,CQ,local_county,1,1
1901002,19,19010,140000,山西省,长治市,壶关县,壶关,huguanxian,huguan,047300,HGX,local_county,1,1
1901003,19,19010,140000,山西省,长治市,屯留县,屯留,tunliuxian,tunliu,046100,TLX,local_county,1,1
1901004,19,19010,140000,山西省,长治市,平顺县,平顺,pingshunxian,pingshun,047400,PSX,local_county,1,1
1901005,19,19010,140000,山西省,长治市,武乡县,武乡,wuxiangxian,wuxiang,046300,WXX,local_county,1,1
1901006,19,19010,140000,山西省,长治市,沁县,沁,qinxian,qin,046400,QX,local_county,1,1
1901007,19,19010,140000,山西省,长治市,沁源县,沁源,qinyuanxian,qinyuan,046500,QYX,local_county,1,1
1901008,19,19010,140000,山西省,长治市,潞城市,潞城,luchengshi,lucheng,047500,LCS,local_county,1,1
1901009,19,19010,140000,山西省,长治市,襄垣县,襄垣,xiangyuanxian,xiangyuan,046200,XYX,local_county,1,1
1901010,19,19010,140000,山西省,长治市,郊区,郊,jiaoqu,jiao,045000,JQ,local_county,1,1
1901011,19,19010,140000,山西省,长治市,长子县,长子,zhangzixian,zhangzi,046600,CZX,local_county,1,1
1901012,19,19010,140000,山西省,长治市,长治县,长治,zhangzhixian,zhangzhi,046000,CZX,local_county,1,1
1901013,19,19010,140000,山西省,长治市,黎城县,黎城,lichengxian,licheng,047600,LCX,local_county,1,1
1901101,19,19011,140000,山西省,阳泉市,城区,城,chengqu,cheng,037000,CQ,local_county,1,1
1901102,19,19011,140000,山西省,阳泉市,平定县,平定,pingdingxian,pingding,045200,PDX,local_county,1,1
1901103,19,19011,140000,山西省,阳泉市,盂县,盂,yuxian,yu,045100,YX,local_county,1,1
1901104,19,19011,140000,山西省,阳泉市,矿区,矿,kuangqu,kuang,037000,KQ,local_county,1,1
1901105,19,19011,140000,山西省,阳泉市,郊区,郊,jiaoqu,jiao,045000,JQ,local_county,1,1
3600101,36,36001,440000,广东省,东莞市,万江区,万江,wanjiangqu,wanjiang,600000,WJQ,local_county,0,0
3600102,36,36001,440000,广东省,东莞市,东坑镇,东坑镇,dongkengzhen,dongkengzhen,523000,DKZ,local_county,0,0
3600103,36,36001,440000,广东省,东莞市,东城区,东城,dongchengqu,dongcheng,523000,DCQ,local_county,0,0
3600104,36,36001,440000,广东省,东莞市,中堂镇,中堂镇,zhongtangzhen,zhongtangzhen,523000,ZTZ,local_county,0,0
3600105,36,36001,440000,广东省,东莞市,企石镇,企石镇,qishizhen,qishizhen,523000,QSZ,local_county,0,0
3600106,36,36001,440000,广东省,东莞市,凤岗镇,凤岗镇,fenggangzhen,fenggangzhen,523000,FGZ,local_county,0,0
3600107,36,36001,440000,广东省,东莞市,南城区,南城,nanchengqu,nancheng,523000,NCQ,local_county,0,0
3600108,36,36001,440000,广东省,东莞市,厚街镇,厚街镇,houjiezhen,houjiezhen,523000,HJZ,local_county,0,0
3600109,36,36001,440000,广东省,东莞市,塘厦镇,塘厦镇,tangshazhen,tangshazhen,523000,TXZ,local_county,0,0
3600110,36,36001,440000,广东省,东莞市,大岭山镇,大岭山镇,dalingshanzhen,dalingshanzhen,523000,DLSZ,local_county,0,0
3600111,36,36001,440000,广东省,东莞市,大朗镇,大朗镇,dalangzhen,dalangzhen,523000,DLZ,local_county,0,0
3600112,36,36001,440000,广东省,东莞市,寮步镇,寮步镇,liaobuzhen,liaobuzhen,523000,BZ,local_county,0,0
3600113,36,36001,440000,广东省,东莞市,常平镇,常平镇,changpingzhen,changpingzhen,523000,CPZ,local_county,0,0
3600114,36,36001,440000,广东省,东莞市,望牛墩镇,望牛墩镇,wangniudunzhen,wangniudunzhen,523000,WNDZ,local_county,0,0
3600115,36,36001,440000,广东省,东莞市,桥头镇,桥头镇,qiaotouzhen,qiaotouzhen,523000,QTZ,local_county,0,0
3600116,36,36001,440000,广东省,东莞市,樟木头镇,樟木头镇,zhangmutouzhen,zhangmutouzhen,523000,ZMTZ,local_county,0,0
3600117,36,36001,440000,广东省,东莞市,横沥镇,横沥镇,henglizhen,henglizhen,523000,HLZ,local_county,0,0
3600118,36,36001,440000,广东省,东莞市,沙田镇,沙田镇,shatianzhen,shatianzhen,523000,STZ,local_county,0,0
3600119,36,36001,440000,广东省,东莞市,洪梅镇,洪梅镇,hongmeizhen,hongmeizhen,523000,HZ,local_county,0,0
3600120,36,36001,440000,广东省,东莞市,清溪镇,清溪镇,qingxizhen,qingxizhen,523000,QXZ,local_county,0,0
3600121,36,36001,440000,广东省,东莞市,石排镇,石排镇,shipaizhen,shipaizhen,523000,SPZ,local_county,0,0
3600122,36,36001,440000,广东省,东莞市,石碣镇,石碣镇,shijiezhen,shijiezhen,523000,SZ,local_county,0,0
3600123,36,36001,440000,广东省,东莞市,石龙镇,石龙镇,shilongzhen,shilongzhen,523000,SLZ,local_county,0,0
3600124,36,36001,440000,广东省,东莞市,茶山镇,茶山镇,chashanzhen,chashanzhen,523000,CSZ,local_county,0,0
3600125,36,36001,440000,广东省,东莞市,莞城区,莞城,guanchengqu,guancheng,523000,CQ,local_county,0,0
3600126,36,36001,440000,广东省,东莞市,虎门镇,虎门镇,humenzhen,humenzhen,523000,HMZ,local_county,0,0
3600127,36,36001,440000,广东省,东莞市,谢岗镇,谢岗镇,xiegangzhen,xiegangzhen,523000,GZ,local_county,0,0
3600128,36,36001,440000,广东省,东莞市,道窖镇,道窖镇,daojiaozhen,daojiaozhen,523000,DJZ,local_county,0,0
3600129,36,36001,440000,广东省,东莞市,长安镇,长安镇,changanzhen,changanzhen,523000,CAZ,local_county,0,0
3600130,36,36001,440000,广东省,东莞市,高步镇,高步镇,gaobuzhen,gaobuzhen,523000,GBZ,local_county,0,0
3600131,36,36001,440000,广东省,东莞市,麻涌镇,麻涌镇,mayongzhen,mayongzhen,523000,MYZ,local_county,0,0
3600132,36,36001,440000,广东省,东莞市,黄江镇,黄江镇,huangjiangzhen,huangjiangzhen,523000,HJZ,local_county,0,0
3600201,36,36002,440000,广东省,中山市,三乡镇,三乡镇,sanxiangzhen,sanxiangzhen,523000,SXZ,local_county,0,0
3600202,36,36002,440000,广东省,中山市,三角镇,三角镇,sanjiaozhen,sanjiaozhen,523000,SJZ,local_county,0,0
3600203,36,36002,440000,广东省,中山市,东凤镇,东凤镇,dongfengzhen,dongfengzhen,523000,DFZ,local_county,0,0
3600204,36,36002,440000,广东省,中山市,东区,东,dongqu,dong,523000,DQ,local_county,0,0
3600205,36,36002,440000,广东省,中山市,东升镇,东升镇,dongshengzhen,dongshengzhen,523000,DSZ,local_county,0,0
3600206,36,36002,440000,广东省,中山市,中区,中,zhongqu,zhong,523000,ZQ,local_county,0,0
3600207,36,36002,440000,广东省,中山市,五桂山,五桂山,wuguishan,wuguishan,523000,WGS,local_county,0,0
3600208,36,36002,440000,广东省,中山市,南区,南,nanqu,nan,523000,NQ,local_county,0,0
3600209,36,36002,440000,广东省,中山市,南头镇,南头镇,nantouzhen,nantouzhen,523000,NTZ,local_county,0,0
3600210,36,36002,440000,广东省,中山市,南朗镇,南朗镇,nanlangzhen,nanlangzhen,523000,NLZ,local_county,0,0
3600211,36,36002,440000,广东省,中山市,古镇,古镇,guzhen,guzhen,523000,GZ,local_county,0,0
3600212,36,36002,440000,广东省,中山市,坦洲镇,坦洲镇,tanzhouzhen,tanzhouzhen,523000,TZZ,local_county,0,0
3600213,36,36002,440000,广东省,中山市,大涌镇,大涌镇,dayongzhen,dayongzhen,523000,DYZ,local_county,0,0
3600214,36,36002,440000,广东省,中山市,小榄镇,小榄镇,xiaolanzhen,xiaolanzhen,523000,Z,local_county,0,0
3600215,36,36002,440000,广东省,中山市,板芙镇,板芙镇,banfuzhen,banfuzhen,523000,BZ,local_county,0,0
3600216,36,36002,440000,广东省,中山市,横栏镇,横栏镇,henglanzhen,henglanzhen,523000,HLZ,local_county,0,0
3600217,36,36002,440000,广东省,中山市,民众镇,民众镇,minzhongzhen,minzhongzhen,523000,MZZ,local_county,0,0
3600218,36,36002,440000,广东省,中山市,沙溪镇,沙溪镇,shaxizhen,shaxizhen,523000,SXZ,local_county,0,0
3600219,36,36002,440000,广东省,中山市,港口镇,港口镇,gangkouzhen,gangkouzhen,523000,GKZ,local_county,0,0
3600220,36,36002,440000,广东省,中山市,火炬区,火炬,huojuqu,huoju,523000,HJQ,local_county,0,0
3600221,36,36002,440000,广东省,中山市,石岐区,石岐,shiqiqu,shiqi,523000,SQ,local_county,0,0
3600222,36,36002,440000,广东省,中山市,神湾镇,神湾镇,shenwanzhen,shenwanzhen,523000,SWZ,local_county,0,0
3600223,36,36002,440000,广东省,中山市,西区,西,xiqu,xi,523000,XQ,local_county,0,0
3600224,36,36002,440000,广东省,中山市,阜沙镇,阜沙镇,fushazhen,fushazhen,523000,FSZ,local_county,0,0
3600225,36,36002,440000,广东省,中山市,黄圃镇,黄圃镇,huangpuzhen,huangpuzhen,523000,HPZ,local_county,0,0
3600301,36,36003,440000,广东省,云浮市,云城区,云城,yunchengqu,yuncheng,527300,YCQ,local_county,1,1
3600302,36,36003,440000,广东省,云浮市,云安县,云安,yunanxian,yunan,527500,YAX,local_county,0,0
3600303,36,36003,440000,广东省,云浮市,新兴县,新兴,xinxingxian,xinxing,527400,XXX,local_county,1,1
3600304,36,36003,440000,广东省,云浮市,罗定市,罗定,luodingshi,luoding,527200,LDS,local_county,1,1
3600305,36,36003,440000,广东省,云浮市,郁南县,郁南,yunanxian,yunan,527100,YNX,local_county,1,1
3600401,36,36004,440000,广东省,佛山市,三水区,三水,sanshuiqu,sanshui,528100,SSQ,local_county,1,1
3600402,36,36004,440000,广东省,佛山市,南海区,南海,nanhaiqu,nanhai,528200,NHQ,local_county,1,1
3600403,36,36004,440000,广东省,佛山市,禅城区,禅城,chanchengqu,chancheng,528000,CQ,local_county,1,1
3600404,36,36004,440000,广东省,佛山市,顺德区,顺德,shundequ,shunde,528000,SDQ,local_county,1,1
3600405,36,36004,440000,广东省,佛山市,高明区,高明,gaomingqu,gaoming,528500,GMQ,local_county,1,1
3600501,36,36005,440000,广东省,广州市,从化市,从化,conghuashi,conghua,510900,CHS,local_county,1,1
3600502,36,36005,440000,广东省,广州市,南沙区,南沙,nanshaqu,nansha,511400,NSQ,local_county,1,1
3600503,36,36005,440000,广东省,广州市,增城市,增城,zengchengshi,zengcheng,511300,ZCS,local_county,1,1
3600504,36,36005,440000,广东省,广州市,天河区,天河,tianhequ,tianhe,510000,THQ,local_county,1,1
3600505,36,36005,440000,广东省,广州市,海珠区,海珠,haizhuqu,haizhu,510000,HZQ,local_county,1,1
3600506,36,36005,440000,广东省,广州市,番禺区,番禺,panyuqu,panyu,511400,FQ,local_county,1,1
3600507,36,36005,440000,广东省,广州市,白云区,白云,baiyunqu,baiyun,510000,BYQ,local_county,1,1
3600508,36,36005,440000,广东省,广州市,花都区,花都,huadouqu,huadou,510800,HDQ,local_county,1,1
3600509,36,36005,440000,广东省,广州市,荔湾区,荔湾,liwanqu,liwan,510000,LWQ,local_county,1,1
3600510,36,36005,440000,广东省,广州市,萝岗区,萝岗,luogangqu,luogang,510000,LGQ,local_county,0,0
3600511,36,36005,440000,广东省,广州市,越秀区,越秀,yuexiuqu,yuexiu,510000,YXQ,local_county,1,1
3600512,36,36005,440000,广东省,广州市,黄埔区,黄埔,huangpuqu,huangpu,510700,HPQ,local_county,1,1
3600601,36,36006,440000,广东省,惠州市,博罗县,博罗,boluoxian,boluo,516100,BLX,local_county,1,1
3600602,36,36006,440000,广东省,惠州市,惠东县,惠东,huidongxian,huidong,516300,HDX,local_county,1,1
3600603,36,36006,440000,广东省,惠州市,惠城区,惠城,huichengqu,huicheng,516000,HCQ,local_county,1,1
3600604,36,36006,440000,广东省,惠州市,惠阳区,惠阳,huiyangqu,huiyang,516200,HYQ,local_county,1,1
3600605,36,36006,440000,广东省,惠州市,龙门县,龙门,longmenxian,longmen,516800,LMX,local_county,1,1
3600701,36,36007,440000,广东省,揭阳市,惠来县,惠来,huilaixian,huilai,515200,HLX,local_county,1,1
3600702,36,36007,440000,广东省,揭阳市,揭东县,揭东,jiedongxian,jiedong,515500,JDX,local_county,0,0
3600703,36,36007,440000,广东省,揭阳市,揭西县,揭西,jiexixian,jiexi,515400,JXX,local_county,1,1
3600704,36,36007,440000,广东省,揭阳市,普宁市,普宁,puningshi,puning,515300,PNS,local_county,1,1
3600705,36,36007,440000,广东省,揭阳市,榕城区,榕城,rongchengqu,rongcheng,522000,CQ,local_county,1,1
3600801,36,36008,440000,广东省,梅州市,丰顺县,丰顺,fengshunxian,fengshun,514300,FSX,local_county,1,1
3600802,36,36008,440000,广东省,梅州市,五华县,五华,wuhuaxian,wuhua,514400,WHX,local_county,1,1
3600803,36,36008,440000,广东省,梅州市,兴宁市,兴宁,xingningshi,xingning,514500,XNS,local_county,1,1
3600804,36,36008,440000,广东省,梅州市,大埔县,大埔,dabuxian,dabu,514200,DPX,local_county,1,1
3600805,36,36008,440000,广东省,梅州市,平远县,平远,pingyuanxian,pingyuan,514600,PYX,local_county,1,1
3600806,36,36008,440000,广东省,梅州市,梅县,梅,meixian,mei,514700,X,local_county,1,1
3600807,36,36008,440000,广东省,梅州市,梅江区,梅江,meijiangqu,meijiang,514000,JQ,local_county,1,1
3600808,36,36008,440000,广东省,梅州市,蕉岭县,蕉岭,jiaolingxian,jiaoling,514000,JLX,local_county,1,1
3600901,36,36009,440000,广东省,汕头市,升平区,升平,shengpingqu,shengping,514100,SPQ,local_county,0,0
3600902,36,36009,440000,广东省,汕头市,南澳县,南澳,nanaoxian,nanao,515900,NAX,local_county,1,1
3600903,36,36009,440000,广东省,汕头市,河浦区,河浦,hepuqu,hepu,515900,HPQ,local_county,0,0
3600904,36,36009,440000,广东省,汕头市,潮南区,潮南,chaonanqu,chaonan,515100,CNQ,local_county,1,1
3600905,36,36009,440000,广东省,汕头市,潮阳区,潮阳,chaoyangqu,chaoyang,515100,CYQ,local_county,1,1
3600906,36,36009,440000,广东省,汕头市,澄海区,澄海,chenghaiqu,chenghai,515800,CHQ,local_county,1,1
3600907,36,36009,440000,广东省,汕头市,濠江区,濠江,haojiangqu,haojiang,515000,JQ,local_county,1,1
3600908,36,36009,440000,广东省,汕头市,达濠区,达濠,dahaoqu,dahao,515000,DQ,local_county,0,0
3600909,36,36009,440000,广东省,汕头市,金园区,金园,jinyuanqu,jinyuan,515000,JYQ,local_county,0,0
3600910,36,36009,440000,广东省,汕头市,金平区,金平,jinpingqu,jinping,515000,JPQ,local_county,1,1
3600911,36,36009,440000,广东省,汕头市,龙湖区,龙湖,longhuqu,longhu,515000,LHQ,local_county,1,1
3601001,36,36010,440000,广东省,汕尾市,城区,城,chengqu,cheng,037000,CQ,local_county,1,1
3601002,36,36010,440000,广东省,汕尾市,海丰县,海丰,haifengxian,haifeng,516400,HFX,local_county,1,1
3601003,36,36010,440000,广东省,汕尾市,陆丰市,陆丰,lufengshi,lufeng,516500,LFS,local_county,1,1
3601004,36,36010,440000,广东省,汕尾市,陆河县,陆河,luhexian,luhe,516700,LHX,local_county,1,1
3601101,36,36011,440000,广东省,江门市,台山市,台山,taishanshi,taishan,529200,TSS,local_county,1,1
3601102,36,36011,440000,广东省,江门市,开平市,开平,kaipingshi,kaiping,529300,KPS,local_county,1,1
3601103,36,36011,440000,广东省,江门市,恩平市,恩平,enpingshi,enping,529400,EPS,local_county,1,1
3601104,36,36011,440000,广东省,江门市,新会区,新会,xinhuiqu,xinhui,529100,XHQ,local_county,1,1
3601105,36,36011,440000,广东省,江门市,江海区,江海,jianghaiqu,jianghai,529000,JHQ,local_county,1,1
3601106,36,36011,440000,广东省,江门市,蓬江区,蓬江,pengjiangqu,pengjiang,529000,PJQ,local_county,1,1
3601107,36,36011,440000,广东省,江门市,鹤山市,鹤山,heshanshi,heshan,529700,HSS,local_county,1,1
3601201,36,36012,440000,广东省,河源市,东源县,东源,dongyuanxian,dongyuan,517500,DYX,local_county,1,1
3601202,36,36012,440000,广东省,河源市,和平县,和平,hepingxian,heping,517200,HPX,local_county,1,1
3601203,36,36012,440000,广东省,河源市,源城区,源城,yuanchengqu,yuancheng,517000,YCQ,local_county,1,1
3601204,36,36012,440000,广东省,河源市,紫金县,紫金,zijinxian,zijin,517400,ZJX,local_county,1,1
3601205,36,36012,440000,广东省,河源市,连平县,连平,lianpingxian,lianping,517100,LPX,local_county,1,1
3601206,36,36012,440000,广东省,河源市,龙川县,龙川,longchuanxian,longchuan,517300,LCX,local_county,1,1
3601301,36,36013,440000,广东省,深圳市,南山区,南山,nanshanqu,nanshan,154100,NSQ,local_county,1,1
3601302,36,36013,440000,广东省,深圳市,坪山新区,坪山,pingshanxinqu,pingshan,518000,PSXQ,local_county,0,0
3601303,36,36013,440000,广东省,深圳市,宝安区,宝安,baoanqu,baoan,518100,BAQ,local_county,1,1
3601304,36,36013,440000,广东省,深圳市,盐田区,盐田,yantianqu,yantian,518000,YTQ,local_county,1,1
3601305,36,36013,440000,广东省,深圳市,福田区,福田,futianqu,futian,518000,FTQ,local_county,1,1
3601306,36,36013,440000,广东省,深圳市,罗湖区,罗湖,luohuqu,luohu,518000,LHQ,local_county,1,1
3601307,36,36013,440000,广东省,深圳市,龙岗区,龙岗,longgangqu,longgang,518100,LGQ,local_county,1,1
3601401,36,36014,440000,广东省,清远市,佛冈县,佛冈,fugangxian,fugang,511600,FGX,local_county,1,1
3601402,36,36014,440000,广东省,清远市,清城区,清城,qingchengqu,qingcheng,511500,QCQ,local_county,1,1
3601403,36,36014,440000,广东省,清远市,清新县,清新,qingxinxian,qingxin,511800,QXX,local_county,0,0
3601404,36,36014,440000,广东省,清远市,英德市,英德,yingdeshi,yingde,513000,YDS,local_county,1,1
3601405,36,36014,440000,广东省,清远市,连南瑶族自治县,连南瑶族,liannanyaozuzizhixian,liannanyaozu,513300,LNYZZZX,local_county,1,1
3601406,36,36014,440000,广东省,清远市,连山壮族瑶族自治县,连山壮族瑶族,lianshanzhuangzuyaozuzizhixian,lianshanzhuangzuyaozu,513200,LSZZYZZZX,local_county,1,1
3601407,36,36014,440000,广东省,清远市,连州市,连州,lianzhoushi,lianzhou,513400,LZS,local_county,1,1
3601408,36,36014,440000,广东省,清远市,阳山县,阳山,yangshanxian,yangshan,513100,YSX,local_county,1,1
3601501,36,36015,440000,广东省,湛江市,吴川市,吴川,wuchuanshi,wuchuan,524500,WCS,local_county,1,1
3601502,36,36015,440000,广东省,湛江市,坡头区,坡头,potouqu,potou,524000,PTQ,local_county,1,1
3601503,36,36015,440000,广东省,湛江市,廉江市,廉江,lianjiangshi,lianjiang,524400,LJS,local_county,1,1
3601504,36,36015,440000,广东省,湛江市,徐闻县,徐闻,xuwenxian,xuwen,524100,XWX,local_county,1,1
3601505,36,36015,440000,广东省,湛江市,赤坎区,赤坎,chikanqu,chikan,524000,CKQ,local_county,1,1
3601506,36,36015,440000,广东省,湛江市,遂溪县,遂溪,suixixian,suixi,524300,SXX,local_county,1,1
3601507,36,36015,440000,广东省,湛江市,雷州市,雷州,leizhoushi,leizhou,524200,LZS,local_county,1,1
3601508,36,36015,440000,广东省,湛江市,霞山区,霞山,xiashanqu,xiashan,524000,XSQ,local_county,1,1
3601509,36,36015,440000,广东省,湛江市,麻章区,麻章,mazhangqu,mazhang,524000,MZQ,local_county,1,1
3601601,36,36016,440000,广东省,潮州市,湘桥区,湘桥,xiangqiaoqu,xiangqiao,521000,XQQ,local_county,1,1
3601602,36,36016,440000,广东省,潮州市,潮安县,潮安,chaoanxian,chaoan,515600,CAX,local_county,0,0
3601603,36,36016,440000,广东省,潮州市,饶平县,饶平,raopingxian,raoping,515700,RPX,local_county,1,1
3601701,36,36017,440000,广东省,珠海市,斗门区,斗门,doumenqu,doumen,519100,DMQ,local_county,1,1
3601702,36,36017,440000,广东省,珠海市,金湾区,金湾,jinwanqu,jinwan,519090,JWQ,local_county,1,1
3601703,36,36017,440000,广东省,珠海市,香洲区,香洲,xiangzhouqu,xiangzhou,519000,XZQ,local_county,1,1
3601801,36,36018,440000,广东省,肇庆市,四会市,四会,sihuishi,sihui,526200,SHS,local_county,1,1
3601802,36,36018,440000,广东省,肇庆市,封开县,封开,fengkaixian,fengkai,526500,FKX,local_county,1,1
3601803,36,36018,440000,广东省,肇庆市,广宁县,广宁,guangningxian,guangning,526300,GNX,local_county,1,1
3601804,36,36018,440000,广东省,肇庆市,德庆县,德庆,deqingxian,deqing,526600,DQX,local_county,1,1
3601805,36,36018,440000,广东省,肇庆市,怀集县,怀集,huaijixian,huaiji,526400,HJX,local_county,1,1
3601806,36,36018,440000,广东省,肇庆市,端州区,端州,duanzhouqu,duanzhou,526000,DZQ,local_county,1,1
3601807,36,36018,440000,广东省,肇庆市,高要市,高要,gaoyaoshi,gaoyao,526100,GYS,local_county,1,1
3601808,36,36018,440000,广东省,肇庆市,鼎湖区,鼎湖,dinghuqu,dinghu,526000,DHQ,local_county,1,1
3601901,36,36019,440000,广东省,茂名市,信宜市,信宜,xinyishi,xinyi,525300,XYS,local_county,1,1
3601902,36,36019,440000,广东省,茂名市,化州市,化州,huazhoushi,huazhou,525100,HZS,local_county,1,1
3601903,36,36019,440000,广东省,茂名市,电白县,电白,dianbaixian,dianbai,525400,DBX,local_county,0,0
3601904,36,36019,440000,广东省,茂名市,茂南区,茂南,maonanqu,maonan,525000,MNQ,local_county,1,1
3601905,36,36019,440000,广东省,茂名市,茂港区,茂港,maogangqu,maogang,525000,MGQ,local_county,1,1
3601906,36,36019,440000,广东省,茂名市,高州市,高州,gaozhoushi,gaozhou,525200,GZS,local_county,1,1
3602001,36,36020,440000,广东省,阳江市,江城区,江城,jiangchengqu,jiangcheng,529500,JCQ,local_county,1,1
3602002,36,36020,440000,广东省,阳江市,阳东县,阳东,yangdongxian,yangdong,529900,YDX,local_county,0,0
3602003,36,36020,440000,广东省,阳江市,阳春市,阳春,yangchunshi,yangchun,529600,YCS,local_county,1,1
3602004,36,36020,440000,广东省,阳江市,阳西县,阳西,yangxixian,yangxi,529800,YXX,local_county,1,1
3602101,36,36021,440000,广东省,韶关市,乐昌市,乐昌,lechangshi,lechang,512200,LCS,local_county,1,1
3602102,36,36021,440000,广东省,韶关市,乳源瑶族自治县,乳源瑶族,ruyuanyaozuzizhixian,ruyuanyaozu,512600,RYYZZZX,local_county,1,1
3602103,36,36021,440000,广东省,韶关市,仁化县,仁化,renhuaxian,renhua,512300,RHX,local_county,1,1
3602104,36,36021,440000,广东省,韶关市,北江区,北江,beijiangqu,beijiang,512300,BJQ,local_county,0,0
3602105,36,36021,440000,广东省,韶关市,南雄市,南雄,nanxiongshi,nanxiong,512400,NXS,local_county,1,1
3602106,36,36021,440000,广东省,韶关市,始兴县,始兴,shixingxian,shixing,512500,SXX,local_county,1,1
3602107,36,36021,440000,广东省,韶关市,新丰县,新丰,xinfengxian,xinfeng,511100,XFX,local_county,1,1
3602108,36,36021,440000,广东省,韶关市,曲江区,曲江,qujiangqu,qujiang,512100,QJQ,local_county,1,1
3602109,36,36021,440000,广东省,韶关市,武江区,武江,wujiangqu,wujiang,512000,WJQ,local_county,1,1
3602110,36,36021,440000,广东省,韶关市,浈江区,浈江,zhenjiangqu,zhenjiang,512000,JQ,local_county,1,1
3602111,36,36021,440000,广东省,韶关市,翁源县,翁源,wengyuanxian,wengyuan,512600,WYX,local_county,1,1
4100101,41,41001,450000,广西壮族自治区,北海市,合浦县,合浦,hepuxian,hepu,536100,HPX,local_county,1,1
4100102,41,41001,450000,广西壮族自治区,北海市,海城区,海城,haichengqu,haicheng,536000,HCQ,local_county,1,1
4100103,41,41001,450000,广西壮族自治区,北海市,铁山港区,铁山港,tieshangangqu,tieshangang,536000,TSGQ,local_county,1,1
4100104,41,41001,450000,广西壮族自治区,北海市,银海区,银海,yinhaiqu,yinhai,536000,YHQ,local_county,1,1
4100201,41,41002,450000,广西壮族自治区,南宁市,上林县,上林,shanglinxian,shanglin,530500,SLX,local_county,1,1
4100202,41,41002,450000,广西壮族自治区,南宁市,兴宁区,兴宁,xingningqu,xingning,530000,XNQ,local_county,1,1
4100203,41,41002,450000,广西壮族自治区,南宁市,宾阳县,宾阳,binyangxian,binyang,530400,BYX,local_county,1,1
4100204,41,41002,450000,广西壮族自治区,南宁市,横县,横,hengxian,heng,530300,HX,local_county,1,1
4100205,41,41002,450000,广西壮族自治区,南宁市,武鸣县,武鸣,wumingxian,wuming,530100,WMX,local_county,0,0
4100206,41,41002,450000,广西壮族自治区,南宁市,江南区,江南,jiangnanqu,jiangnan,530000,JNQ,local_county,1,1
4100207,41,41002,450000,广西壮族自治区,南宁市,良庆区,良庆,liangqingqu,liangqing,530200,LQQ,local_county,1,1
4100208,41,41002,450000,广西壮族自治区,南宁市,西乡塘区,西乡塘,xixiangtangqu,xixiangtang,530000,XXTQ,local_county,1,1
4100209,41,41002,450000,广西壮族自治区,南宁市,邕宁区,邕宁,yongningqu,yongning,530200,NQ,local_county,1,1
4100210,41,41002,450000,广西壮族自治区,南宁市,隆安县,隆安,longanxian,longan,532700,LAX,local_county,1,1
4100211,41,41002,450000,广西壮族自治区,南宁市,青秀区,青秀,qingxiuqu,qingxiu,530000,QXQ,local_county,1,1
4100212,41,41002,450000,广西壮族自治区,南宁市,马山县,马山,mashanxian,mashan,530600,MSX,local_county,1,1
4100301,41,41003,450000,广西壮族自治区,崇左市,凭祥市,凭祥,pingxiangshi,pingxiang,532600,PXS,local_county,1,1
4100302,41,41003,450000,广西壮族自治区,崇左市,大新县,大新,daxinxian,daxin,532300,DXX,local_county,1,1
4100303,41,41003,450000,广西壮族自治区,崇左市,天等县,天等,tiandengxian,tiandeng,532800,TDX,local_county,1,1
4100304,41,41003,450000,广西壮族自治区,崇左市,宁明县,宁明,ningmingxian,ningming,532500,NMX,local_county,1,1
4100305,41,41003,450000,广西壮族自治区,崇左市,扶绥县,扶绥,fusuixian,fusui,532100,FSX,local_county,1,1
4100306,41,41003,450000,广西壮族自治区,崇左市,江州区,江州,jiangzhouqu,jiangzhou,532100,JZQ,local_county,1,1
4100307,41,41003,450000,广西壮族自治区,崇左市,江洲区,江洲,jiangzhouqu,jiangzhou,532200,JZQ,local_county,1,1
4100308,41,41003,450000,广西壮族自治区,崇左市,龙州县,龙州,longzhouxian,longzhou,532400,LZX,local_county,1,1
4100401,41,41004,450000,广西壮族自治区,来宾市,兴宾区,兴宾,xingbinqu,xingbin,546100,XBQ,local_county,1,1
4100402,41,41004,450000,广西壮族自治区,来宾市,合山市,合山,heshanshi,heshan,546500,HSS,local_county,1,1
4100403,41,41004,450000,广西壮族自治区,来宾市,忻城县,忻城,xinchengxian,xincheng,546200,XCX,local_county,1,1
4100404,41,41004,450000,广西壮族自治区,来宾市,武宣县,武宣,wuxuanxian,wuxuan,545900,WXX,local_county,1,1
4100405,41,41004,450000,广西壮族自治区,来宾市,象州县,象州,xiangzhouxian,xiangzhou,545800,XZX,local_county,1,1
4100406,41,41004,450000,广西壮族自治区,来宾市,金秀瑶族自治县,金秀瑶族,jinxiuyaozuzizhixian,jinxiuyaozu,545700,JXYZZZX,local_county,1,1
4100501,41,41005,450000,广西壮族自治区,柳州市,三江侗族自治县,三江侗族,sanjiangdongzuzizhixian,sanjiangdongzu,545500,SJDZZZX,local_county,1,1
4100502,41,41005,450000,广西壮族自治区,柳州市,城中区,城中,chengzhongqu,chengzhong,545000,CZQ,local_county,1,1
4100503,41,41005,450000,广西壮族自治区,柳州市,柳北区,柳北,liubeiqu,liubei,545000,LBQ,local_county,1,1
4100504,41,41005,450000,广西壮族自治区,柳州市,柳南区,柳南,liunanqu,liunan,545000,LNQ,local_county,1,1
4100505,41,41005,450000,广西壮族自治区,柳州市,柳城县,柳城,liuchengxian,liucheng,545200,LCX,local_county,1,1
4100506,41,41005,450000,广西壮族自治区,柳州市,柳江县,柳江,liujiangxian,liujiang,545100,LJX,local_county,0,0
4100507,41,41005,450000,广西壮族自治区,柳州市,融安县,融安,ronganxian,rongan,545400,RAX,local_county,1,1
4100508,41,41005,450000,广西壮族自治区,柳州市,融水苗族自治县,融水苗族,rongshuimiaozuzizhixian,rongshuimiaozu,545300,RSMZZZX,local_county,1,1
4100509,41,41005,450000,广西壮族自治区,柳州市,鱼峰区,鱼峰,yufengqu,yufeng,545000,YFQ,local_county,1,1
4100510,41,41005,450000,广西壮族自治区,柳州市,鹿寨县,鹿寨,luzhaixian,luzhai,545600,LZX,local_county,1,1
4100601,41,41006,450000,广西壮族自治区,桂林市,七星区,七星,qixingqu,qixing,541000,QXQ,local_county,1,1
4100602,41,41006,450000,广西壮族自治区,桂林市,临桂县,临桂,linguixian,lingui,541100,LGX,local_county,0,0
4100603,41,41006,450000,广西壮族自治区,桂林市,全州县,全州,quanzhouxian,quanzhou,541500,QZX,local_county,1,1
4100604,41,41006,450000,广西壮族自治区,桂林市,兴安县,兴安,xinganxian,xingan,541300,XAX,local_county,1,1
4100605,41,41006,450000,广西壮族自治区,桂林市,叠彩区,叠彩,diecaiqu,diecai,541000,DCQ,local_county,1,1
4100606,41,41006,450000,广西壮族自治区,桂林市,平乐县,平乐,pinglexian,pingle,542400,PLX,local_county,1,1
4100607,41,41006,450000,广西壮族自治区,桂林市,恭城瑶族自治县,恭城瑶族,gongchengyaozuzizhixian,gongchengyaozu,542500,GCYZZZX,local_county,1,1
4100608,41,41006,450000,广西壮族自治区,桂林市,永福县,永福,yongfuxian,yongfu,541800,YFX,local_county,1,1
4100609,41,41006,450000,广西壮族自治区,桂林市,灌阳县,灌阳,guanyangxian,guanyang,541600,GYX,local_county,1,1
4100610,41,41006,450000,广西壮族自治区,桂林市,灵川县,灵川,lingchuanxian,lingchuan,541200,LCX,local_county,1,1
4100611,41,41006,450000,广西壮族自治区,桂林市,秀峰区,秀峰,xiufengqu,xiufeng,541000,XFQ,local_county,1,1
4100612,41,41006,450000,广西壮族自治区,桂林市,荔浦县,荔浦,lipuxian,lipu,541000,LPX,local_county,1,1
4100613,41,41006,450000,广西壮族自治区,桂林市,荔蒲县,荔蒲,lipuxian,lipu,546600,LPX,local_county,1,1
4100614,41,41006,450000,广西壮族自治区,桂林市,象山区,象山,xiangshanqu,xiangshan,541000,XSQ,local_county,1,1
4100615,41,41006,450000,广西壮族自治区,桂林市,资源县,资源,ziyuanxian,ziyuan,541400,ZYX,local_county,1,1
4100616,41,41006,450000,广西壮族自治区,桂林市,阳朔县,阳朔,yangshuoxian,yangshuo,541900,YSX,local_county,1,1
4100617,41,41006,450000,广西壮族自治区,桂林市,雁山区,雁山,yanshanqu,yanshan,541000,YSQ,local_county,1,1
4100618,41,41006,450000,广西壮族自治区,桂林市,龙胜各族自治县,龙胜各族,longshenggezuzizhixian,longshenggezu,541700,LSGZZZX,local_county,1,1
4100701,41,41007,450000,广西壮族自治区,梧州市,万秀区,万秀,wanxiuqu,wanxiu,543000,WXQ,local_county,1,1
4100702,41,41007,450000,广西壮族自治区,梧州市,岑溪市,岑溪,cenxishi,cenxi,543200,XS,local_county,1,1
4100703,41,41007,450000,广西壮族自治区,梧州市,市郊区,市郊,shijiaoqu,shijiao,543200,SJQ,local_county,1,1
4100704,41,41007,450000,广西壮族自治区,梧州市,苍梧县,苍梧,cangwuxian,cangwu,543100,CWX,local_county,1,1
4100705,41,41007,450000,广西壮族自治区,梧州市,蒙山县,蒙山,mengshanxian,mengshan,546700,MSX,local_county,1,1
4100706,41,41007,450000,广西壮族自治区,梧州市,藤县,藤,tengxian,teng,543300,TX,local_county,1,1
4100707,41,41007,450000,广西壮族自治区,梧州市,蝶山区,蝶山,dieshanqu,dieshan,543000,DSQ,local_county,0,0
4100708,41,41007,450000,广西壮族自治区,梧州市,长洲区,长洲,zhangzhouqu,zhangzhou,543000,CZQ,local_county,1,1
4100801,41,41008,450000,广西壮族自治区,河池市,东兰县,东兰,donglanxian,donglan,547400,DLX,local_county,1,1
4100802,41,41008,450000,广西壮族自治区,河池市,凤山县,凤山,fengshanxian,fengshan,547600,FSX,local_county,1,1
4100803,41,41008,450000,广西壮族自治区,河池市,南丹县,南丹,nandanxian,nandan,547200,NDX,local_county,1,1
4100804,41,41008,450000,广西壮族自治区,河池市,大化瑶族自治县,大化瑶族,dahuayaozuzizhixian,dahuayaozu,530800,DHYZZZX,local_county,1,1
4100805,41,41008,450000,广西壮族自治区,河池市,天峨县,天峨,tianexian,tiane,547300,TEX,local_county,1,1
4100806,41,41008,450000,广西壮族自治区,河池市,宜州市,宜州,yizhoushi,yizhou,546300,YZS,local_county,1,1
4100807,41,41008,450000,广西壮族自治区,河池市,巴马瑶族自治县,巴马瑶族,bamayaozuzizhixian,bamayaozu,547500,BMYZZZX,local_county,1,1
4100808,41,41008,450000,广西壮族自治区,河池市,环江毛南族自治县,环江毛南族,huanjiangmaonanzuzizhixian,huanjiangmaonanzu,547100,HJMNZZZX,local_county,1,1
4100809,41,41008,450000,广西壮族自治区,河池市,罗城仫佬族自治县,罗城仫佬族,luochengmulaozuzizhixian,luochengmulaozu,546400,LCLZZZX,local_county,1,1
4100810,41,41008,450000,广西壮族自治区,河池市,都安瑶族自治县,都安瑶族,douanyaozuzizhixian,douanyaozu,530700,DAYZZZX,local_county,1,1
4100811,41,41008,450000,广西壮族自治区,河池市,金城江区,金城江,jinchengjiangqu,jinchengjiang,547000,JCJQ,local_county,1,1
4100901,41,41009,450000,广西壮族自治区,玉林市,兴业县,兴业,xingyexian,xingye,537800,XYX,local_county,1,1
4100902,41,41009,450000,广西壮族自治区,玉林市,北流市,北流,beiliushi,beiliu,537400,BLS,local_county,1,1
4100903,41,41009,450000,广西壮族自治区,玉林市,博白县,博白,bobaixian,bobai,537600,BBX,local_county,1,1
4100904,41,41009,450000,广西壮族自治区,玉林市,容县,容,rongxian,rong,537500,RX,local_county,1,1
4100905,41,41009,450000,广西壮族自治区,玉林市,玉州区,玉州,yuzhouqu,yuzhou,537000,YZQ,local_county,1,1
4100906,41,41009,450000,广西壮族自治区,玉林市,陆川县,陆川,luchuanxian,luchuan,537700,LCX,local_county,1,1
4101001,41,41010,450000,广西壮族自治区,百色市,乐业县,乐业,leyexian,leye,533200,LYX,local_county,1,1
4101002,41,41010,450000,广西壮族自治区,百色市,凌云县,凌云,lingyunxian,lingyun,533100,LYX,local_county,1,1
4101003,41,41010,450000,广西壮族自治区,百色市,右江区,右江,youjiangqu,youjiang,533000,YJQ,local_county,1,1
4101004,41,41010,450000,广西壮族自治区,百色市,平果县,平果,pingguoxian,pingguo,531400,PGX,local_county,1,1
4101005,41,41010,450000,广西壮族自治区,百色市,德保县,德保,debaoxian,debao,533700,DBX,local_county,1,1
4101006,41,41010,450000,广西壮族自治区,百色市,田东县,田东,tiandongxian,tiandong,531500,TDX,local_county,1,1
4101007,41,41010,450000,广西壮族自治区,百色市,田林县,田林,tianlinxian,tianlin,533300,TLX,local_county,1,1
4101008,41,41010,450000,广西壮族自治区,百色市,田阳县,田阳,tianyangxian,tianyang,533600,TYX,local_county,1,1
4101009,41,41010,450000,广西壮族自治区,百色市,西林县,西林,xilinxian,xilin,533500,XLX,local_county,1,1
4101010,41,41010,450000,广西壮族自治区,百色市,那坡县,那坡,napoxian,napo,533900,NPX,local_county,1,1
4101011,41,41010,450000,广西壮族自治区,百色市,隆林各族自治县,隆林各族,longlingezuzizhixian,longlingezu,533500,LLGZZZX,local_county,1,1
4101012,41,41010,450000,广西壮族自治区,百色市,靖西县,靖西,jingxixian,jingxi,533800,JXX,local_county,0,0
4101101,41,41011,450000,广西壮族自治区,贵港市,平南县,平南,pingnanxian,pingnan,537300,PNX,local_county,1,1
4101102,41,41011,450000,广西壮族自治区,贵港市,桂平市,桂平,guipingshi,guiping,537200,GPS,local_county,1,1
4101103,41,41011,450000,广西壮族自治区,贵港市,港北区,港北,gangbeiqu,gangbei,537100,GBQ,local_county,1,1
4101104,41,41011,450000,广西壮族自治区,贵港市,港南区,港南,gangnanqu,gangnan,537100,GNQ,local_county,1,1
4101105,41,41011,450000,广西壮族自治区,贵港市,覃塘区,覃塘,tantangqu,tantang,537100,TQ,local_county,1,1
4101201,41,41012,450000,广西壮族自治区,贺州市,八步区,八步,babuqu,babu,552106,BBQ,local_county,1,1
4101202,41,41012,450000,广西壮族自治区,贺州市,富川瑶族自治县,富川瑶族,fuchuanyaozuzizhixian,fuchuanyaozu,542700,FCYZZZX,local_county,1,1
4101203,41,41012,450000,广西壮族自治区,贺州市,平桂管理区,平桂管理,pingguiguanliqu,pingguiguanli,542700,PGGLQ,local_county,0,0
4101204,41,41012,450000,广西壮族自治区,贺州市,昭平县,昭平,zhaopingxian,zhaoping,546800,ZPX,local_county,1,1
4101205,41,41012,450000,广西壮族自治区,贺州市,钟山县,钟山,zhongshanxian,zhongshan,542600,ZSX,local_county,1,1
4101301,41,41013,450000,广西壮族自治区,钦州市,浦北县,浦北,pubeixian,pubei,535300,PBX,local_county,1,1
4101302,41,41013,450000,广西壮族自治区,钦州市,灵山县,灵山,lingshanxian,lingshan,535400,LSX,local_county,1,1
4101303,41,41013,450000,广西壮族自治区,钦州市,钦北区,钦北,qinbeiqu,qinbei,535000,QBQ,local_county,1,1
4101304,41,41013,450000,广西壮族自治区,钦州市,钦南区,钦南,qinnanqu,qinnan,535000,QNQ,local_county,1,1
4101401,41,41014,450000,广西壮族自治区,防城港市,上思县,上思,shangsixian,shangsi,535500,SSX,local_county,1,1
4101402,41,41014,450000,广西壮族自治区,防城港市,东兴市,东兴,dongxingshi,dongxing,538100,DXS,local_county,1,1
4101403,41,41014,450000,广西壮族自治区,防城港市,港口区,港口,gangkouqu,gangkou,538000,GKQ,local_county,1,1
4101404,41,41014,450000,广西壮族自治区,防城港市,防城区,防城,fangchengqu,fangcheng,538000,FCQ,local_county,1,1
2500101,25,25001,650000,新疆维吾尔自治区,乌鲁木齐市,东山区,东山,dongshanqu,dongshan,154100,DSQ,local_county,0,0
2500102,25,25001,650000,新疆维吾尔自治区,乌鲁木齐市,乌鲁木齐县,乌鲁木齐,wulumuqixian,wulumuqi,830000,WLMQX,local_county,1,1
2500103,25,25001,650000,新疆维吾尔自治区,乌鲁木齐市,天山区,天山,tianshanqu,tianshan,830000,TSQ,local_county,1,1
2500104,25,25001,650000,新疆维吾尔自治区,乌鲁木齐市,头屯河区,头屯河,toutunhequ,toutunhe,830000,TTHQ,local_county,1,1
2500105,25,25001,650000,新疆维吾尔自治区,乌鲁木齐市,新市区,新市,xinshiqu,xinshi,071000,XSQ,local_county,1,1
2500106,25,25001,650000,新疆维吾尔自治区,乌鲁木齐市,水磨沟区,水磨沟,shuimogouqu,shuimogou,830000,SMGQ,local_county,1,1
2500107,25,25001,650000,新疆维吾尔自治区,乌鲁木齐市,沙依巴克区,沙依巴克,shayibakequ,shayibake,830000,SYBKQ,local_county,1,1
2500108,25,25001,650000,新疆维吾尔自治区,乌鲁木齐市,米东区,米东,midongqu,midong,830000,MDQ,local_county,1,1
2500109,25,25001,650000,新疆维吾尔自治区,乌鲁木齐市,达坂城区,达坂城,dabanchengqu,dabancheng,830000,DCQ,local_county,1,1
2500201,25,25002,650000,新疆维吾尔自治区,伊犁哈萨克自治州,伊宁县,伊宁,yiningxian,yining,835100,YNX,local_county,1,1
2500202,25,25002,650000,新疆维吾尔自治区,伊犁哈萨克自治州,伊宁市,伊宁,yiningshi,yining,835000,YNS,local_county,1,1
2500203,25,25002,650000,新疆维吾尔自治区,伊犁哈萨克自治州,奎屯市,奎屯,kuitunshi,kuitun,833200,KTS,local_county,1,1
2500204,25,25002,650000,新疆维吾尔自治区,伊犁哈萨克自治州,察布查尔锡伯自治县,察布查尔锡伯,chabuchaerxibozizhixian,chabuchaerxibo,835300,CBCEXBZZX,local_county,1,1
2500205,25,25002,650000,新疆维吾尔自治区,伊犁哈萨克自治州,尼勒克县,尼勒克,nileikexian,nileike,835700,NLKX,local_county,1,1
2500206,25,25002,650000,新疆维吾尔自治区,伊犁哈萨克自治州,巩留县,巩留,gongliuxian,gongliu,835400,GLX,local_county,1,1
2500207,25,25002,650000,新疆维吾尔自治区,伊犁哈萨克自治州,新源县,新源,xinyuanxian,xinyuan,835800,XYX,local_county,1,1
2500208,25,25002,650000,新疆维吾尔自治区,伊犁哈萨克自治州,昭苏县,昭苏,zhaosuxian,zhaosu,835600,ZSX,local_county,1,1
2500209,25,25002,650000,新疆维吾尔自治区,伊犁哈萨克自治州,特克斯县,特克斯,tekesixian,tekesi,835500,TKSX,local_county,1,1
2500210,25,25002,650000,新疆维吾尔自治区,伊犁哈萨克自治州,霍城县,霍城,huochengxian,huocheng,835200,HCX,local_county,1,1
2500301,25,25003,650000,新疆维吾尔自治区,克孜勒苏柯尔克孜自治州,乌恰县,乌恰,wuqiaxian,wuqia,845450,WQX,local_county,1,1
2500302,25,25003,650000,新疆维吾尔自治区,克孜勒苏柯尔克孜自治州,阿克陶县,阿克陶,aketaoxian,aketao,845550,AKTX,local_county,1,1
2500303,25,25003,650000,新疆维吾尔自治区,克孜勒苏柯尔克孜自治州,阿合奇县,阿合奇,aheqixian,aheqi,843500,AHQX,local_county,1,1
2500304,25,25003,650000,新疆维吾尔自治区,克孜勒苏柯尔克孜自治州,阿图什市,阿图什,atushenshi,atushen,845350,ATSS,local_county,1,1
2500401,25,25004,650000,新疆维吾尔自治区,克拉玛依市,乌尔禾区,乌尔禾,wuerhequ,wuerhe,834000,WEHQ,local_county,1,1
2500402,25,25004,650000,新疆维吾尔自治区,克拉玛依市,克拉玛依区,克拉玛依,kelamayiqu,kelamayi,834000,KLMYQ,local_county,1,1
2500403,25,25004,650000,新疆维吾尔自治区,克拉玛依市,独山子区,独山子,dushanziqu,dushanzi,838600,DSZQ,local_county,1,1
2500404,25,25004,650000,新疆维吾尔自治区,克拉玛依市,白碱滩区,白碱滩,baijiantanqu,baijiantan,834000,BJTQ,local_county,1,1
2500501,25,25005,650000,新疆维吾尔自治区,博尔塔拉蒙古自治州,博乐市,博乐,boleshi,bole,833400,BLS,local_county,1,1
2500502,25,25005,650000,新疆维吾尔自治区,博尔塔拉蒙古自治州,温泉县,温泉,wenquanxian,wenquan,833500,WQX,local_county,1,1
2500503,25,25005,650000,新疆维吾尔自治区,博尔塔拉蒙古自治州,精河县,精河,jinghexian,jinghe,833300,JHX,local_county,1,1
2500601,25,25006,650000,新疆维吾尔自治区,吐鲁番地区,吐鲁番市,吐鲁番,tulufanshi,tulufan,838000,TLFS,local_county,0,0
2500602,25,25006,650000,新疆维吾尔自治区,吐鲁番地区,托克逊县,托克逊,tuokexunxian,tuokexun,838100,TKXX,local_county,0,0
2500603,25,25006,650000,新疆维吾尔自治区,吐鲁番地区,鄯善县,鄯善,shanshanxian,shanshan,838200,SX,local_county,0,0
2500701,25,25007,650000,新疆维吾尔自治区,和田地区,于田县,于田,yutianxian,yutian,848400,YTX,local_county,1,1
2500702,25,25007,650000,新疆维吾尔自治区,和田地区,和田县,和田,hetianxian,hetian,848000,HTX,local_county,1,1
2500703,25,25007,650000,新疆维吾尔自治区,和田地区,和田市,和田,hetianshi,hetian,848000,HTS,local_county,1,1
2500704,25,25007,650000,新疆维吾尔自治区,和田地区,墨玉县,墨玉,moyuxian,moyu,848100,YX,local_county,1,1
2500705,25,25007,650000,新疆维吾尔自治区,和田地区,民丰县,民丰,minfengxian,minfeng,848500,MFX,local_county,1,1
2500706,25,25007,650000,新疆维吾尔自治区,和田地区,洛浦县,洛浦,luopuxian,luopu,848200,LPX,local_county,1,1
2500707,25,25007,650000,新疆维吾尔自治区,和田地区,皮山县,皮山,pishanxian,pishan,845150,PSX,local_county,1,1
2500708,25,25007,650000,新疆维吾尔自治区,和田地区,策勒县,策勒,celeixian,celei,848300,CLX,local_county,1,1
2500801,25,25008,650000,新疆维吾尔自治区,哈密地区,伊吾县,伊吾,yiwuxian,yiwu,839300,YWX,local_county,0,0
2500802,25,25008,650000,新疆维吾尔自治区,哈密地区,哈密市,哈密,hamishi,hami,839000,HMS,local_county,0,0
2500803,25,25008,650000,新疆维吾尔自治区,哈密地区,巴里坤哈萨克自治县,巴里坤哈萨克,balikunhasakezizhixian,balikunhasake,839200,BLKHSKZZX,local_county,0,0
2500901,25,25009,650000,新疆维吾尔自治区,喀什地区,伽师县,伽师,gashixian,gashi,844300,SX,local_county,1,1
2500902,25,25009,650000,新疆维吾尔自治区,喀什地区,叶城县,叶城,yechengxian,yecheng,844900,YCX,local_county,1,1
2500903,25,25009,650000,新疆维吾尔自治区,喀什地区,喀什市,喀什,kashishi,kashi,844000,KSS,local_county,1,1
2500904,25,25009,650000,新疆维吾尔自治区,喀什地区,塔什库尔干塔吉克自治县,塔什库尔干塔吉克,tashenkuergantajikezizhixian,tashenkuergantajike,845250,TSKEGTJKZZ,local_county,1,1
2500905,25,25009,650000,新疆维吾尔自治区,喀什地区,岳普湖县,岳普湖,yuepuhuxian,yuepuhu,844400,YPHX,local_county,1,1
2500906,25,25009,650000,新疆维吾尔自治区,喀什地区,巴楚县,巴楚,bachuxian,bachu,843800,BCX,local_county,1,1
2500907,25,25009,650000,新疆维吾尔自治区,喀什地区,泽普县,泽普,zepuxian,zepu,844800,ZPX,local_county,1,1
2500908,25,25009,650000,新疆维吾尔自治区,喀什地区,疏勒县,疏勒,shulexian,shule,844200,SLX,local_county,1,1
2500909,25,25009,650000,新疆维吾尔自治区,喀什地区,疏附县,疏附,shufuxian,shufu,844100,SFX,local_county,1,1
2500910,25,25009,650000,新疆维吾尔自治区,喀什地区,英吉沙县,英吉沙,yingjishaxian,yingjisha,844500,YJSX,local_county,1,1
2500911,25,25009,650000,新疆维吾尔自治区,喀什地区,莎车县,莎车,shachexian,shache,844700,SCX,local_county,1,1
2500912,25,25009,650000,新疆维吾尔自治区,喀什地区,麦盖提县,麦盖提,maigaitixian,maigaiti,844600,MGTX,local_county,1,1
2501001,25,25010,650000,新疆维吾尔自治区,塔城地区,乌苏市,乌苏,wusushi,wusu,833300,WSS,local_county,1,1
2501002,25,25010,650000,新疆维吾尔自治区,塔城地区,和布克赛尔蒙古自治县,和布克赛尔蒙古,hebukesaiermengguzizhixian,hebukesaiermenggu,834400,HBKSEMGZZX,local_county,1,1
2501003,25,25010,650000,新疆维吾尔自治区,塔城地区,塔城市,塔城,tachengshi,tacheng,834300,TCS,local_county,1,1
2501004,25,25010,650000,新疆维吾尔自治区,塔城地区,托里县,托里,tuolixian,tuoli,834500,TLX,local_county,1,1
2501005,25,25010,650000,新疆维吾尔自治区,塔城地区,沙湾县,沙湾,shawanxian,shawan,832100,SWX,local_county,1,1
2501006,25,25010,650000,新疆维吾尔自治区,塔城地区,裕民县,裕民,yuminxian,yumin,834800,YMX,local_county,1,1
2501007,25,25010,650000,新疆维吾尔自治区,塔城地区,额敏县,额敏,eminxian,emin,834600,EMX,local_county,1,1
2501101,25,25011,650000,新疆维吾尔自治区,巴音郭楞蒙古自治州,且末县,且末,qiemoxian,qiemo,841900,QMX,local_county,1,1
2501102,25,25011,650000,新疆维吾尔自治区,巴音郭楞蒙古自治州,博湖县,博湖,bohuxian,bohu,841400,BHX,local_county,1,1
2501103,25,25011,650000,新疆维吾尔自治区,巴音郭楞蒙古自治州,和硕县,和硕,heshuoxian,heshuo,841200,HSX,local_county,1,1
2501104,25,25011,650000,新疆维吾尔自治区,巴音郭楞蒙古自治州,和静县,和静,hejingxian,hejing,841300,HJX,local_county,1,1
2501105,25,25011,650000,新疆维吾尔自治区,巴音郭楞蒙古自治州,尉犁县,尉犁,yulixian,yuli,841500,LX,local_county,1,1
2501106,25,25011,650000,新疆维吾尔自治区,巴音郭楞蒙古自治州,库尔勒市,库尔勒,kuerleishi,kuerlei,841000,KELS,local_county,1,1
2501107,25,25011,650000,新疆维吾尔自治区,巴音郭楞蒙古自治州,焉耆回族自治县,焉耆回族,yanqihuizuzizhixian,yanqihuizu,841100,YHZZZX,local_county,1,1
2501108,25,25011,650000,新疆维吾尔自治区,巴音郭楞蒙古自治州,若羌县,若羌,ruoqiangxian,ruoqiang,841800,RQX,local_county,1,1
2501109,25,25011,650000,新疆维吾尔自治区,巴音郭楞蒙古自治州,轮台县,轮台,luntaixian,luntai,841600,LTX,local_county,1,1
2501201,25,25012,650000,新疆维吾尔自治区,昌吉回族自治州,吉木萨尔县,吉木萨尔,jimusaerxian,jimusaer,831700,JMSEX,local_county,1,1
2501202,25,25012,650000,新疆维吾尔自治区,昌吉回族自治州,呼图壁县,呼图壁,hutubixian,hutubi,831200,HTBX,local_county,1,1
2501203,25,25012,650000,新疆维吾尔自治区,昌吉回族自治州,奇台县,奇台,qitaixian,qitai,831800,QTX,local_county,1,1
2501204,25,25012,650000,新疆维吾尔自治区,昌吉回族自治州,昌吉市,昌吉,changjishi,changji,831100,CJS,local_county,1,1
2501205,25,25012,650000,新疆维吾尔自治区,昌吉回族自治州,木垒哈萨克自治县,木垒哈萨克,muleihasakezizhixian,muleihasake,831900,MLHSKZZX,local_county,1,1
2501206,25,25012,650000,新疆维吾尔自治区,昌吉回族自治州,玛纳斯县,玛纳斯,manasixian,manasi,832200,MNSX,local_county,1,1
2501207,25,25012,650000,新疆维吾尔自治区,昌吉回族自治州,米泉市,米泉,miquanshi,miquan,832200,MQS,local_county,0,0
2501208,25,25012,650000,新疆维吾尔自治区,昌吉回族自治州,阜康市,阜康,fukangshi,fukang,831500,FKS,local_county,1,1
2501301,25,25013,650000,新疆维吾尔自治区,省直辖,五家渠市,五家渠,wujiaqushi,wujiaqu,831300,WJQS,local_county,0,0
2501302,25,25013,650000,新疆维吾尔自治区,省直辖,图木舒克市,图木舒克,tumushukeshi,tumushuke,844000,TMSKS,local_county,0,0
2501303,25,25013,650000,新疆维吾尔自治区,省直辖,石河子市,石河子,shihezishi,shihezi,832000,SHZS,local_county,0,0
2501304,25,25013,650000,新疆维吾尔自治区,省直辖,阿拉尔市,阿拉尔,alaershi,alaer,843300,ALES,local_county,0,0
2501401,25,25014,650000,新疆维吾尔自治区,阿克苏地区,乌什县,乌什,wushenxian,wushen,843400,WSX,local_county,1,1
2501402,25,25014,650000,新疆维吾尔自治区,阿克苏地区,库车县,库车,kuchexian,kuche,842000,KCX,local_county,1,1
2501403,25,25014,650000,新疆维吾尔自治区,阿克苏地区,拜城县,拜城,baichengxian,baicheng,842300,BCX,local_county,1,1
2501404,25,25014,650000,新疆维吾尔自治区,阿克苏地区,新和县,新和,xinhexian,xinhe,842100,XHX,local_county,1,1
2501405,25,25014,650000,新疆维吾尔自治区,阿克苏地区,柯坪县,柯坪,kepingxian,keping,845350,KPX,local_county,1,1
2501406,25,25014,650000,新疆维吾尔自治区,阿克苏地区,沙雅县,沙雅,shayaxian,shaya,842200,SYX,local_county,1,1
2501407,25,25014,650000,新疆维吾尔自治区,阿克苏地区,温宿县,温宿,wensuxian,wensu,843100,WSX,local_county,1,1
2501408,25,25014,650000,新疆维吾尔自治区,阿克苏地区,阿克苏市,阿克苏,akesushi,akesu,843000,AKSS,local_county,1,1
2501409,25,25014,650000,新疆维吾尔自治区,阿克苏地区,阿瓦提县,阿瓦提,awatixian,awati,843200,AWTX,local_county,1,1
2501501,25,25015,650000,新疆维吾尔自治区,阿勒泰地区,吉木乃县,吉木乃,jimunaixian,jimunai,836800,JMNX,local_county,1,1
2501502,25,25015,650000,新疆维吾尔自治区,阿勒泰地区,哈巴河县,哈巴河,habahexian,habahe,836700,HBHX,local_county,1,1
2501503,25,25015,650000,新疆维吾尔自治区,阿勒泰地区,富蕴县,富蕴,fuyunxian,fuyun,836100,FYX,local_county,1,1
2501504,25,25015,650000,新疆维吾尔自治区,阿勒泰地区,布尔津县,布尔津,buerjinxian,buerjin,836600,BEJX,local_county,1,1
2501505,25,25015,650000,新疆维吾尔自治区,阿勒泰地区,福海县,福海,fuhaixian,fuhai,836400,FHX,local_county,1,1
2501506,25,25015,650000,新疆维吾尔自治区,阿勒泰地区,阿勒泰市,阿勒泰,aleitaishi,aleitai,836500,ALTS,local_county,1,1
2501507,25,25015,650000,新疆维吾尔自治区,阿勒泰地区,青河县,青河,qinghexian,qinghe,836200,QHX,local_county,1,1
3100101,31,31001,320000,江苏省,南京市,下关区,下关,xiaguanqu,xiaguan,210000,XGQ,local_county,0,0
3100102,31,31001,320000,江苏省,南京市,六合区,六合,liuhequ,liuhe,211500,LHQ,local_county,1,1
3100103,31,31001,320000,江苏省,南京市,建邺区,建邺,jianyequ,jianye,210000,JQ,local_county,1,1
3100104,31,31001,320000,江苏省,南京市,栖霞区,栖霞,qixiaqu,qixia,210000,QXQ,local_county,1,1
3100105,31,31001,320000,江苏省,南京市,江宁区,江宁,jiangningqu,jiangning,211100,JNQ,local_county,1,1
3100106,31,31001,320000,江苏省,南京市,浦口区,浦口,pukouqu,pukou,210000,PKQ,local_county,1,1
3100107,31,31001,320000,江苏省,南京市,溧水县,溧水,lishuixian,lishui,211200,SX,local_county,0,0
3100108,31,31001,320000,江苏省,南京市,玄武区,玄武,xuanwuqu,xuanwu,210000,XWQ,local_county,1,1
3100109,31,31001,320000,江苏省,南京市,白下区,白下,baixiaqu,baixia,210000,BXQ,local_county,0,0
3100110,31,31001,320000,江苏省,南京市,秦淮区,秦淮,qinhuaiqu,qinhuai,210000,QHQ,local_county,1,1
3100111,31,31001,320000,江苏省,南京市,雨花台区,雨花台,yuhuataiqu,yuhuatai,210000,YHTQ,local_county,1,1
3100112,31,31001,320000,江苏省,南京市,高淳县,高淳,gaochunxian,gaochun,211300,GCX,local_county,0,0
3100113,31,31001,320000,江苏省,南京市,鼓楼区,鼓楼,gulouqu,gulou,210000,GLQ,local_county,1,1
3100201,31,31002,320000,江苏省,南通市,启东市,启东,qidongshi,qidong,226200,QDS,local_county,1,1
3100202,31,31002,320000,江苏省,南通市,如东县,如东,rudongxian,rudong,226400,RDX,local_county,1,1
3100203,31,31002,320000,江苏省,南通市,如皋市,如皋,rugaoshi,rugao,226500,RGS,local_county,1,1
3100204,31,31002,320000,江苏省,南通市,崇川区,崇川,chongchuanqu,chongchuan,226000,CCQ,local_county,1,1
3100205,31,31002,320000,江苏省,南通市,海安县,海安,haianxian,haian,226600,HAX,local_county,1,1
3100206,31,31002,320000,江苏省,南通市,海门市,海门,haimenshi,haimen,226100,HMS,local_county,1,1
3100207,31,31002,320000,江苏省,南通市,港闸区,港闸,gangzhaqu,gangzha,226000,GZQ,local_county,1,1
3100208,31,31002,320000,江苏省,南通市,经济开发区,经济开发,jingjikaifaqu,jingjikaifa,226000,JJKFQ,local_county,0,0
3100209,31,31002,320000,江苏省,南通市,通州区,通州,tongzhouqu,tongzhou,100000,TZQ,local_county,1,1
3100301,31,31003,320000,江苏省,宿迁市,宿城区,宿城,suchengqu,sucheng,223800,SCQ,local_county,1,1
3100302,31,31003,320000,江苏省,宿迁市,宿豫区,宿豫,suyuqu,suyu,223800,SYQ,local_county,1,1
3100303,31,31003,320000,江苏省,宿迁市,沭阳县,沭阳,shuyangxian,shuyang,223600,YX,local_county,1,1
3100304,31,31003,320000,江苏省,宿迁市,泗洪县,泗洪,sihongxian,sihong,223900,HX,local_county,1,1
3100305,31,31003,320000,江苏省,宿迁市,泗阳县,泗阳,siyangxian,siyang,223700,YX,local_county,1,1
3100401,31,31004,320000,江苏省,常州市,天宁区,天宁,tianningqu,tianning,213000,TNQ,local_county,1,1
3100402,31,31004,320000,江苏省,常州市,戚墅堰区,戚墅堰,qishuyanqu,qishuyan,213000,QSYQ,local_county,0,0
3100403,31,31004,320000,江苏省,常州市,新北区,新北,xinbeiqu,xinbei,213000,XBQ,local_county,1,1
3100404,31,31004,320000,江苏省,常州市,武进区,武进,wujinqu,wujin,213100,WJQ,local_county,1,1
3100405,31,31004,320000,江苏省,常州市,溧阳市,溧阳,liyangshi,liyang,213300,YS,local_county,1,1
3100406,31,31004,320000,江苏省,常州市,金坛市,金坛,jintanshi,jintan,213200,JTS,local_county,1,1
3100407,31,31004,320000,江苏省,常州市,钟楼区,钟楼,zhonglouqu,zhonglou,213000,ZLQ,local_county,1,1
3100501,31,31005,320000,江苏省,徐州市,丰县,丰,fengxian,feng,221700,FX,local_county,1,1
3100502,31,31005,320000,江苏省,徐州市,九里区,九里,jiuliqu,jiuli,221000,JLQ,local_county,0,0
3100503,31,31005,320000,江苏省,徐州市,云龙区,云龙,yunlongqu,yunlong,221000,YLQ,local_county,1,1
3100504,31,31005,320000,江苏省,徐州市,新沂市,新沂,xinyishi,xinyi,221400,XYS,local_county,1,1
3100505,31,31005,320000,江苏省,徐州市,沛县,沛,peixian,pei,221600,PX,local_county,1,1
3100506,31,31005,320000,江苏省,徐州市,泉山区,泉山,quanshanqu,quanshan,221000,QSQ,local_county,1,1
3100507,31,31005,320000,江苏省,徐州市,睢宁县,睢宁,suiningxian,suining,221200,NX,local_county,1,1
3100508,31,31005,320000,江苏省,徐州市,贾汪区,贾汪,jiawangqu,jiawang,221000,JWQ,local_county,1,1
3100509,31,31005,320000,江苏省,徐州市,邳州市,邳州,pizhoushi,pizhou,221300,ZS,local_county,1,1
3100510,31,31005,320000,江苏省,徐州市,铜山区,铜山,tongshanqu,tongshan,221300,TSQ,local_county,1,1
3100511,31,31005,320000,江苏省,徐州市,鼓楼区,鼓楼,gulouqu,gulou,210000,GLQ,local_county,1,1
3100601,31,31006,320000,江苏省,扬州市,仪征市,仪征,yizhengshi,yizheng,211400,YZS,local_county,1,1
3100602,31,31006,320000,江苏省,扬州市,宝应县,宝应,baoyingxian,baoying,225800,BYX,local_county,1,1
3100603,31,31006,320000,江苏省,扬州市,广陵区,广陵,guanglingqu,guangling,225000,GLQ,local_county,1,1
3100604,31,31006,320000,江苏省,扬州市,江都市,江都,jiangdushi,jiangdu,225200,JDS,local_county,1,1
3100605,31,31006,320000,江苏省,扬州市,维扬区,维扬,weiyangqu,weiyang,225200,WYQ,local_county,0,0
3100606,31,31006,320000,江苏省,扬州市,邗江区,邗江,hanjiangqu,hanjiang,225100,JQ,local_county,1,1
3100607,31,31006,320000,江苏省,扬州市,高邮市,高邮,gaoyoushi,gaoyou,225600,GYS,local_county,1,1
3100701,31,31007,320000,江苏省,无锡市,北塘区,北塘,beitangqu,beitang,214000,BTQ,local_county,0,0
3100702,31,31007,320000,江苏省,无锡市,南长区,南长,nanzhangqu,nanzhang,214000,NCQ,local_county,0,0
3100703,31,31007,320000,江苏省,无锡市,宜兴市,宜兴,yixingshi,yixing,214200,YXS,local_county,1,1
3100704,31,31007,320000,江苏省,无锡市,崇安区,崇安,chonganqu,chongan,214000,CAQ,local_county,0,0
3100705,31,31007,320000,江苏省,无锡市,惠山区,惠山,huishanqu,huishan,214000,HSQ,local_county,1,1
3100706,31,31007,320000,江苏省,无锡市,无锡新区,无锡,wuxixinqu,wuxi,214000,WXXQ,local_county,0,0
3100707,31,31007,320000,江苏省,无锡市,江阴市,江阴,jiangyinshi,jiangyin,214400,JYS,local_county,1,1
3100708,31,31007,320000,江苏省,无锡市,滨湖区,滨湖,binhuqu,binhu,214000,BHQ,local_county,1,1
3100709,31,31007,320000,江苏省,无锡市,锡山区,锡山,xishanqu,xishan,214000,XSQ,local_county,1,1
3100801,31,31008,320000,江苏省,泰州市,兴化市,兴化,xinghuashi,xinghua,225700,XHS,local_county,1,1
3100802,31,31008,320000,江苏省,泰州市,姜堰市,姜堰,jiangyanshi,jiangyan,225500,JYS,local_county,1,1
3100803,31,31008,320000,江苏省,泰州市,泰兴市,泰兴,taixingshi,taixing,225400,TXS,local_county,1,1
3100804,31,31008,320000,江苏省,泰州市,海陵区,海陵,hailingqu,hailing,225300,HLQ,local_county,1,1
3100805,31,31008,320000,江苏省,泰州市,靖江市,靖江,jingjiangshi,jingjiang,214500,JJS,local_county,1,1
3100806,31,31008,320000,江苏省,泰州市,高港区,高港,gaogangqu,gaogang,225300,GGQ,local_county,1,1
3100901,31,31009,320000,江苏省,淮安市,楚州区,楚州,chuzhouqu,chuzhou,223200,CZQ,local_county,0,0
3100902,31,31009,320000,江苏省,淮安市,洪泽县,洪泽,hongzexian,hongze,223100,HZX,local_county,0,0
3100903,31,31009,320000,江苏省,淮安市,涟水县,涟水,lianshuixian,lianshui,223400,LSX,local_county,1,1
3100904,31,31009,320000,江苏省,淮安市,淮阴区,淮阴,huaiyinqu,huaiyin,223300,HYQ,local_county,1,1
3100905,31,31009,320000,江苏省,淮安市,清河区,清河,qinghequ,qinghe,112000,QHQ,local_county,0,0
3100906,31,31009,320000,江苏省,淮安市,清浦区,清浦,qingpuqu,qingpu,223001,QPQ,local_county,1,1
3100907,31,31009,320000,江苏省,淮安市,盱眙县,盱眙,xuyixian,xuyi,211700,X,local_county,1,1
3100908,31,31009,320000,江苏省,淮安市,金湖县,金湖,jinhuxian,jinhu,211600,JHX,local_county,1,1
3101001,31,31010,320000,江苏省,盐城市,东台市,东台,dongtaishi,dongtai,224200,DTS,local_county,1,1
3101002,31,31010,320000,江苏省,盐城市,亭湖区,亭湖,tinghuqu,tinghu,224000,THQ,local_county,1,1
3101003,31,31010,320000,江苏省,盐城市,响水县,响水,xiangshuixian,xiangshui,224600,XSX,local_county,1,1
3101004,31,31010,320000,江苏省,盐城市,城区,城,chengqu,cheng,037000,CQ,local_county,0,0
3101005,31,31010,320000,江苏省,盐城市,大丰市,大丰,dafengshi,dafeng,224100,DFS,local_county,1,1
3101006,31,31010,320000,江苏省,盐城市,射阳县,射阳,sheyangxian,sheyang,224300,SYX,local_county,1,1
3101007,31,31010,320000,江苏省,盐城市,建湖县,建湖,jianhuxian,jianhu,224700,JHX,local_county,1,1
3101008,31,31010,320000,江苏省,盐城市,滨海县,滨海,binhaixian,binhai,224000,BHX,local_county,1,1
3101009,31,31010,320000,江苏省,盐城市,盐都区,盐都,yandouqu,yandou,224000,YDQ,local_county,1,1
3101010,31,31010,320000,江苏省,盐城市,阜宁县,阜宁,funingxian,funing,224400,FNX,local_county,1,1
3101101,31,31011,320000,江苏省,苏州市,吴中区,吴中,wuzhongqu,wuzhong,215100,WZQ,local_county,1,1
3101102,31,31011,320000,江苏省,苏州市,吴江市,吴江,wujiangshi,wujiang,215200,WJS,local_county,1,1
3101103,31,31011,320000,江苏省,苏州市,太仓市,太仓,taicangshi,taicang,215400,TCS,local_county,1,1
3101104,31,31011,320000,江苏省,苏州市,工业园区,工业园,gongyeyuanqu,gongyeyuan,215400,GYYQ,local_county,0,0
3101105,31,31011,320000,江苏省,苏州市,常熟市,常熟,changshushi,changshu,215500,CSS,local_county,1,1
3101106,31,31011,320000,江苏省,苏州市,平江区,平江,pingjiangqu,pingjiang,215000,PJQ,local_county,0,0
3101107,31,31011,320000,江苏省,苏州市,张家港市,张家港,zhangjiagangshi,zhangjiagang,215600,ZJGS,local_county,1,1
3101108,31,31011,320000,江苏省,苏州市,昆山市,昆山,kunshanshi,kunshan,215300,KSS,local_county,1,1
3101109,31,31011,320000,江苏省,苏州市,沧浪区,沧浪,canglangqu,canglang,215000,CLQ,local_county,0,0
3101110,31,31011,320000,江苏省,苏州市,相城区,相城,xiangchengqu,xiangcheng,215100,XCQ,local_county,1,1
3101111,31,31011,320000,江苏省,苏州市,虎丘区,虎丘,huqiuqu,huqiu,215000,HQQ,local_county,1,1
3101112,31,31011,320000,江苏省,苏州市,金阊区,金阊,jinchangqu,jinchang,215000,JQ,local_county,0,0
3101113,31,31011,320000,江苏省,苏州市,高新区,高,gaoxinqu,gao,215000,GXQ,local_county,0,0
3101201,31,31012,320000,江苏省,连云港市,东海县,东海,donghaixian,donghai,222300,DHX,local_county,1,1
3101202,31,31012,320000,江苏省,连云港市,新浦区,新浦,xinpuqu,xinpu,222000,XPQ,local_county,0,0
3101203,31,31012,320000,江苏省,连云港市,海州区,海州,haizhouqu,haizhou,123000,HZQ,local_county,1,1
3101204,31,31012,320000,江苏省,连云港市,灌云县,灌云,guanyunxian,guanyun,222200,GYX,local_county,1,1
3101205,31,31012,320000,江苏省,连云港市,灌南县,灌南,guannanxian,guannan,223500,GNX,local_county,1,1
3101206,31,31012,320000,江苏省,连云港市,赣榆县,赣榆,ganyuxian,ganyu,222100,GYX,local_county,0,0
3101207,31,31012,320000,江苏省,连云港市,连云区,连云,lianyunqu,lianyun,222000,LYQ,local_county,1,1
3101301,31,31013,320000,江苏省,镇江市,丹徒区,丹徒,dantuqu,dantu,212100,DTQ,local_county,1,1
3101302,31,31013,320000,江苏省,镇江市,丹阳市,丹阳,danyangshi,danyang,212300,DYS,local_county,1,1
3101303,31,31013,320000,江苏省,镇江市,京口区,京口,jingkouqu,jingkou,212000,JKQ,local_county,1,1
3101304,31,31013,320000,江苏省,镇江市,句容市,句容,jurongshi,jurong,212400,JRS,local_county,1,1
3101305,31,31013,320000,江苏省,镇江市,扬中市,扬中,yangzhongshi,yangzhong,212200,YZS,local_county,1,1
3101306,31,31013,320000,江苏省,镇江市,润州区,润州,runzhouqu,runzhou,212000,RZQ,local_county,1,1
3000101,30,30001,360000,江西省,上饶市,万年县,万年,wannianxian,wannian,335500,WNX,local_county,1,1
3000102,30,30001,360000,江西省,上饶市,上饶县,上饶,shangraoxian,shangrao,334100,SRX,local_county,1,1
3000103,30,30001,360000,江西省,上饶市,余干县,余干,yuganxian,yugan,335100,YGX,local_county,1,1
3000104,30,30001,360000,江西省,上饶市,信州区,信州,xinzhouqu,xinzhou,334000,XZQ,local_county,1,1
3000105,30,30001,360000,江西省,上饶市,婺源县,婺源,wuyuanxian,wuyuan,333200,YX,local_county,1,1
3000106,30,30001,360000,江西省,上饶市,广丰县,广丰,guangfengxian,guangfeng,334600,GFX,local_county,1,1
3000107,30,30001,360000,江西省,上饶市,弋阳县,弋阳,yiyangxian,yiyang,334400,YX,local_county,1,1
3000108,30,30001,360000,江西省,上饶市,德兴市,德兴,dexingshi,dexing,334200,DXS,local_county,1,1
3000109,30,30001,360000,江西省,上饶市,横峰县,横峰,hengfengxian,hengfeng,334300,HFX,local_county,1,1
3000110,30,30001,360000,江西省,上饶市,波阳县,波阳,boyangxian,boyang,334300,BYX,local_county,0,0
3000111,30,30001,360000,江西省,上饶市,玉山县,玉山,yushanxian,yushan,334700,YSX,local_county,1,1
3000112,30,30001,360000,江西省,上饶市,鄱阳县,鄱阳,poyangxian,poyang,333100,YX,local_county,1,1
3000113,30,30001,360000,江西省,上饶市,铅山县,铅山,yanshanxian,yanshan,334500,QSX,local_county,1,1
3000201,30,30002,360000,江西省,九江市,九江县,九江,jiujiangxian,jiujiang,332100,JJX,local_county,1,1
3000202,30,30002,360000,江西省,九江市,修水县,修水,xiushuixian,xiushui,332400,XSX,local_county,1,1
3000203,30,30002,360000,江西省,九江市,共青城市,共青城,gongqingchengshi,gongqingcheng,332400,GQCS,local_county,1,1
3000204,30,30002,360000,江西省,九江市,庐山区,庐山,lushanqu,lushan,332900,LSQ,local_county,1,1
3000205,30,30002,360000,江西省,九江市,彭泽县,彭泽,pengzexian,pengze,332700,PZX,local_county,1,1
3000206,30,30002,360000,江西省,九江市,德安县,德安,deanxian,dean,330400,DAX,local_county,1,1
3000207,30,30002,360000,江西省,九江市,星子县,星子,xingzixian,xingzi,332800,XZX,local_county,0,0
3000208,30,30002,360000,江西省,九江市,武宁县,武宁,wuningxian,wuning,332300,WNX,local_county,1,1
3000209,30,30002,360000,江西省,九江市,永修县,永修,yongxiuxian,yongxiu,330300,YXX,local_county,1,1
3000210,30,30002,360000,江西省,九江市,浔阳区,浔阳,xunyangqu,xunyang,332000,YQ,local_county,1,1
3000211,30,30002,360000,江西省,九江市,湖口县,湖口,hukouxian,hukou,332500,HKX,local_county,1,1
3000212,30,30002,360000,江西省,九江市,瑞昌市,瑞昌,ruichangshi,ruichang,332200,RCS,local_county,1,1
3000213,30,30002,360000,江西省,九江市,都昌县,都昌,douchangxian,douchang,332600,DCX,local_county,1,1
3000301,30,30003,360000,江西省,南昌市,东湖区,东湖,donghuqu,donghu,330000,DHQ,local_county,1,1
3000302,30,30003,360000,江西省,南昌市,南昌县,南昌,nanchangxian,nanchang,330200,NCX,local_county,1,1
3000303,30,30003,360000,江西省,南昌市,安义县,安义,anyixian,anyi,330500,AYX,local_county,1,1
3000304,30,30003,360000,江西省,南昌市,新建县,新建,xinjianxian,xinjian,330100,XJX,local_county,0,0
3000305,30,30003,360000,江西省,南昌市,湾里区,湾里,wanliqu,wanli,330000,WLQ,local_county,1,1
3000306,30,30003,360000,江西省,南昌市,红谷滩区,红谷滩,honggutanqu,honggutan,330000,HGTQ,local_county,0,0
3000307,30,30003,360000,江西省,南昌市,西湖区,西湖,xihuqu,xihu,310000,XHQ,local_county,1,1
3000308,30,30003,360000,江西省,南昌市,进贤县,进贤,jinxianxian,jinxian,331700,JXX,local_county,1,1
3000309,30,30003,360000,江西省,南昌市,青云谱区,青云谱,qingyunpuqu,qingyunpu,330000,QYPQ,local_county,1,1
3000310,30,30003,360000,江西省,南昌市,青山湖区,青山湖,qingshanhuqu,qingshanhu,330000,QSHQ,local_county,1,1
3000401,30,30004,360000,江西省,吉安市,万安县,万安,wananxian,wanan,343800,WAX,local_county,1,1
3000402,30,30004,360000,江西省,吉安市,井冈山市,井冈山,jinggangshanshi,jinggangshan,343600,JGSS,local_county,1,1
3000403,30,30004,360000,江西省,吉安市,吉安县,吉安,jianxian,jian,343100,JAX,local_county,1,1
3000404,30,30004,360000,江西省,吉安市,吉州区,吉州,jizhouqu,jizhou,343000,JZQ,local_county,1,1
3000405,30,30004,360000,江西省,吉安市,吉水县,吉水,jishuixian,jishui,331600,JSX,local_county,1,1
3000406,30,30004,360000,江西省,吉安市,安福县,安福,anfuxian,anfu,343200,AFX,local_county,1,1
3000407,30,30004,360000,江西省,吉安市,峡江县,峡江,xiajiangxian,xiajiang,331400,XJX,local_county,1,1
3000408,30,30004,360000,江西省,吉安市,新干县,新干,xinganxian,xingan,331300,XGX,local_county,1,1
3000409,30,30004,360000,江西省,吉安市,永丰县,永丰,yongfengxian,yongfeng,331500,YFX,local_county,1,1
3000410,30,30004,360000,江西省,吉安市,永新县,永新,yongxinxian,yongxin,343400,YXX,local_county,1,1
3000411,30,30004,360000,江西省,吉安市,泰和县,泰和,taihexian,taihe,343700,THX,local_county,1,1
3000412,30,30004,360000,江西省,吉安市,遂川县,遂川,suichuanxian,suichuan,343900,SCX,local_county,1,1
3000413,30,30004,360000,江西省,吉安市,青原区,青原,qingyuanqu,qingyuan,343000,QYQ,local_county,1,1
3000501,30,30005,360000,江西省,宜春市,万载县,万载,wanzaixian,wanzai,336100,WZX,local_county,1,1
3000502,30,30005,360000,江西省,宜春市,上高县,上高,shanggaoxian,shanggao,336400,SGX,local_county,1,1
3000503,30,30005,360000,江西省,宜春市,丰城市,丰城,fengchengshi,fengcheng,331100,FCS,local_county,1,1
3000504,30,30005,360000,江西省,宜春市,奉新县,奉新,fengxinxian,fengxin,330700,FXX,local_county,1,1
3000505,30,30005,360000,江西省,宜春市,宜丰县,宜丰,yifengxian,yifeng,336300,YFX,local_county,1,1
3000506,30,30005,360000,江西省,宜春市,樟树市,樟树,zhangshushi,zhangshu,331200,ZSS,local_county,1,1
3000507,30,30005,360000,江西省,宜春市,袁州区,袁州,yuanzhouqu,yuanzhou,336000,YZQ,local_county,1,1
3000508,30,30005,360000,江西省,宜春市,铜鼓县,铜鼓,tongguxian,tonggu,336200,TGX,local_county,1,1
3000509,30,30005,360000,江西省,宜春市,靖安县,靖安,jinganxian,jingan,330600,JAX,local_county,1,1
3000510,30,30005,360000,江西省,宜春市,高安市,高安,gaoanshi,gaoan,330800,GAS,local_county,1,1
3000601,30,30006,360000,江西省,抚州市,东乡县,东乡,dongxiangxian,dongxiang,331800,DXX,local_county,1,1
3000602,30,30006,360000,江西省,抚州市,临川区,临川,linchuanqu,linchuan,344100,LCQ,local_county,1,1
3000603,30,30006,360000,江西省,抚州市,乐安县,乐安,leanxian,lean,344300,LAX,local_county,1,1
3000604,30,30006,360000,江西省,抚州市,南丰县,南丰,nanfengxian,nanfeng,344500,NFX,local_county,1,1
3000605,30,30006,360000,江西省,抚州市,南城县,南城,nanchengxian,nancheng,344700,NCX,local_county,1,1
3000606,30,30006,360000,江西省,抚州市,宜黄县,宜黄,yihuangxian,yihuang,344400,YHX,local_county,1,1
3000607,30,30006,360000,江西省,抚州市,崇仁县,崇仁,chongrenxian,chongren,344200,CRX,local_county,1,1
3000608,30,30006,360000,江西省,抚州市,广昌县,广昌,guangchangxian,guangchang,344900,GCX,local_county,1,1
3000609,30,30006,360000,江西省,抚州市,资溪县,资溪,zixixian,zixi,335300,ZXX,local_county,1,1
3000610,30,30006,360000,江西省,抚州市,金溪县,金溪,jinxixian,jinxi,344800,JXX,local_county,1,1
3000611,30,30006,360000,江西省,抚州市,黎川县,黎川,lichuanxian,lichuan,344600,LCX,local_county,1,1
3000701,30,30007,360000,江西省,新余市,分宜县,分宜,fenyixian,fenyi,336600,FYX,local_county,1,1
3000702,30,30007,360000,江西省,新余市,渝水区,渝水,yushuiqu,yushui,336500,YSQ,local_county,1,1
3000801,30,30008,360000,江西省,景德镇市,乐平市,乐平,lepingshi,leping,333300,LPS,local_county,1,1
3000802,30,30008,360000,江西省,景德镇市,昌江区,昌江,changjiangqu,changjiang,333000,CJQ,local_county,1,1
3000803,30,30008,360000,江西省,景德镇市,浮梁县,浮梁,fuliangxian,fuliang,333400,FLX,local_county,1,1
3000804,30,30008,360000,江西省,景德镇市,珠山区,珠山,zhushanqu,zhushan,333000,ZSQ,local_county,1,1
3000901,30,30009,360000,江西省,萍乡市,上栗县,上栗,shanglixian,shangli,337000,SLX,local_county,1,1
3000902,30,30009,360000,江西省,萍乡市,安源区,安源,anyuanqu,anyuan,337000,AYQ,local_county,1,1
3000903,30,30009,360000,江西省,萍乡市,湘东区,湘东,xiangdongqu,xiangdong,337000,XDQ,local_county,1,1
3000904,30,30009,360000,江西省,萍乡市,芦溪县,芦溪,luxixian,luxi,337000,LXX,local_county,1,1
3000905,30,30009,360000,江西省,萍乡市,莲花县,莲花,lianhuaxian,lianhua,337100,LHX,local_county,1,1
3001001,30,30010,360000,江西省,赣州市,上犹县,上犹,shangyouxian,shangyou,341200,SYX,local_county,1,1
3001002,30,30010,360000,江西省,赣州市,于都县,于都,yudouxian,yudou,342300,YDX,local_county,1,1
3001003,30,30010,360000,江西省,赣州市,会昌县,会昌,huichangxian,huichang,342600,HCX,local_county,1,1
3001004,30,30010,360000,江西省,赣州市,信丰县,信丰,xinfengxian,xinfeng,341600,XFX,local_county,1,1
3001005,30,30010,360000,江西省,赣州市,全南县,全南,quannanxian,quannan,341800,QNX,local_county,1,1
3001006,30,30010,360000,江西省,赣州市,兴国县,兴国,xingguoxian,xingguo,342400,XGX,local_county,1,1
3001007,30,30010,360000,江西省,赣州市,南康市,南康,nankangshi,nankang,341400,NKS,local_county,1,1
3001008,30,30010,360000,江西省,赣州市,大余县,大余,dayuxian,dayu,341500,DYX,local_county,1,1
3001009,30,30010,360000,江西省,赣州市,宁都县,宁都,ningdouxian,ningdou,342800,NDX,local_county,1,1
3001010,30,30010,360000,江西省,赣州市,安远县,安远,anyuanxian,anyuan,342100,AYX,local_county,1,1
3001011,30,30010,360000,江西省,赣州市,定南县,定南,dingnanxian,dingnan,341900,DNX,local_county,1,1
3001012,30,30010,360000,江西省,赣州市,寻乌县,寻乌,xunwuxian,xunwu,342200,XWX,local_county,1,1
3001013,30,30010,360000,江西省,赣州市,崇义县,崇义,chongyixian,chongyi,341300,CYX,local_county,1,1
3001014,30,30010,360000,江西省,赣州市,瑞金市,瑞金,ruijinshi,ruijin,342500,RJS,local_county,1,1
3001015,30,30010,360000,江西省,赣州市,石城县,石城,shichengxian,shicheng,342700,SCX,local_county,1,1
3001016,30,30010,360000,江西省,赣州市,章贡区,章贡,zhanggongqu,zhanggong,341000,ZGQ,local_county,1,1
3001017,30,30010,360000,江西省,赣州市,赣县,赣,ganxian,gan,341100,GX,local_county,1,1
3001018,30,30010,360000,江西省,赣州市,龙南县,龙南,longnanxian,longnan,341700,LNX,local_county,1,1
3001101,30,30011,360000,江西省,鹰潭市,余江县,余江,yujiangxian,yujiang,335200,YJX,local_county,1,1
3001102,30,30011,360000,江西省,鹰潭市,月湖区,月湖,yuehuqu,yuehu,335000,YHQ,local_county,1,1
3001103,30,30011,360000,江西省,鹰潭市,贵溪市,贵溪,guixishi,guixi,335400,GXS,local_county,1,1
2800101,28,28001,130000,河北省,保定市,北市区,北市,beishiqu,beishi,071000,BSQ,local_county,0,0
2800102,28,28001,130000,河北省,保定市,南市区,南市,nanshiqu,nanshi,071000,NSQ,local_county,0,0
2800103,28,28001,130000,河北省,保定市,博野县,博野,boyexian,boye,071300,BYX,local_county,1,1
2800104,28,28001,130000,河北省,保定市,唐县,唐,tangxian,tang,072350,TX,local_county,1,1
2800105,28,28001,130000,河北省,保定市,安国市,安国,anguoshi,anguo,071200,AGS,local_county,1,1
2800106,28,28001,130000,河北省,保定市,安新县,安新,anxinxian,anxin,071600,AXX,local_county,1,1
2800107,28,28001,130000,河北省,保定市,定兴县,定兴,dingxingxian,dingxing,072650,DXX,local_county,1,1
2800108,28,28001,130000,河北省,保定市,定州市,定州,dingzhoushi,dingzhou,073000,DZS,local_county,0,0
2800109,28,28001,130000,河北省,保定市,容城县,容城,rongchengxian,rongcheng,071700,RCX,local_county,1,1
2800110,28,28001,130000,河北省,保定市,徐水县,徐水,xushuixian,xushui,072550,XSX,local_county,0,0
2800111,28,28001,130000,河北省,保定市,新市区,新市,xinshiqu,xinshi,071000,XSQ,local_county,0,0
2800112,28,28001,130000,河北省,保定市,易县,易,yixian,yi,074200,YX,local_county,1,1
2800113,28,28001,130000,河北省,保定市,曲阳县,曲阳,quyangxian,quyang,073100,QYX,local_county,1,1
2800114,28,28001,130000,河北省,保定市,望都县,望都,wangdouxian,wangdou,072450,WDX,local_county,1,1
2800115,28,28001,130000,河北省,保定市,涞水县,涞水,laishuixian,laishui,074100,SX,local_county,1,1
2800116,28,28001,130000,河北省,保定市,涞源县,涞源,laiyuanxian,laiyuan,074305,YX,local_county,1,1
2800117,28,28001,130000,河北省,保定市,涿州市,涿州,zhuozhoushi,zhuozhou,072750,ZS,local_county,1,1
2800118,28,28001,130000,河北省,保定市,清苑县,清苑,qingyuanxian,qingyuan,071100,QYX,local_county,1,1
2800119,28,28001,130000,河北省,保定市,满城县,满城,manchengxian,mancheng,072150,MCX,local_county,0,0
2800120,28,28001,130000,河北省,保定市,蠡县,蠡,lixian,li,071400,X,local_county,1,1
2800121,28,28001,130000,河北省,保定市,阜平县,阜平,fupingxian,fuping,073200,FPX,local_county,1,1
2800122,28,28001,130000,河北省,保定市,雄县,雄,xiongxian,xiong,071800,XX,local_county,1,1
2800123,28,28001,130000,河北省,保定市,顺平县,顺平,shunpingxian,shunping,072250,SPX,local_county,1,1
2800124,28,28001,130000,河北省,保定市,高碑店市,高碑店,gaobeidianshi,gaobeidian,074000,GBDS,local_county,1,1
2800125,28,28001,130000,河北省,保定市,高阳县,高阳,gaoyangxian,gaoyang,071500,GYX,local_county,1,1
2800201,28,28002,130000,河北省,唐山市,丰南区,丰南,fengnanqu,fengnan,063300,FNQ,local_county,1,1
2800202,28,28002,130000,河北省,唐山市,丰润区,丰润,fengrunqu,fengrun,063000,FRQ,local_county,1,1
2800203,28,28002,130000,河北省,唐山市,乐亭县,乐亭,laotingxian,laoting,063600,LTX,local_county,1,1
2800204,28,28002,130000,河北省,唐山市,古冶区,古冶,guyequ,guye,063000,GYQ,local_county,1,1
2800205,28,28002,130000,河北省,唐山市,唐海县,唐海,tanghaixian,tanghai,063200,THX,local_county,0,0
2800206,28,28002,130000,河北省,唐山市,开平区,开平,kaipingqu,kaiping,063000,KPQ,local_county,1,1
2800207,28,28002,130000,河北省,唐山市,滦南县,滦南,luannanxian,luannan,063500,LNX,local_county,1,1
2800208,28,28002,130000,河北省,唐山市,滦县,滦,luanxian,luan,063700,LX,local_county,1,1
2800209,28,28002,130000,河北省,唐山市,玉田县,玉田,yutianxian,yutian,064100,YTX,local_county,1,1
2800210,28,28002,130000,河北省,唐山市,路北区,路北,lubeiqu,lubei,063000,LBQ,local_county,1,1
2800211,28,28002,130000,河北省,唐山市,路南区,路南,lunanqu,lunan,063000,LNQ,local_county,1,1
2800212,28,28002,130000,河北省,唐山市,迁安市,迁安,qiananshi,qianan,064400,QAS,local_county,1,1
2800213,28,28002,130000,河北省,唐山市,迁西县,迁西,qianxixian,qianxi,064300,QXX,local_county,1,1
2800214,28,28002,130000,河北省,唐山市,遵化市,遵化,zunhuashi,zunhua,064200,ZHS,local_county,1,1
2800301,28,28003,130000,河北省,廊坊市,三河市,三河,sanheshi,sanhe,065200,SHS,local_county,1,1
2800302,28,28003,130000,河北省,廊坊市,固安县,固安,guanxian,guan,065500,GAX,local_county,1,1
2800303,28,28003,130000,河北省,廊坊市,大厂回族自治县,大厂回族,dachanghuizuzizhixian,dachanghuizu,065300,DCHZZZX,local_county,1,1
2800304,28,28003,130000,河北省,廊坊市,大城县,大城,dachengxian,dacheng,065900,DCX,local_county,1,1
2800305,28,28003,130000,河北省,廊坊市,安次区,安次,anciqu,anci,065000,ACQ,local_county,1,1
2800306,28,28003,130000,河北省,廊坊市,广阳区,广阳,guangyangqu,guangyang,065000,GYQ,local_county,1,1
2800307,28,28003,130000,河北省,廊坊市,文安县,文安,wenanxian,wenan,065800,WAX,local_county,1,1
2800308,28,28003,130000,河北省,廊坊市,永清县,永清,yongqingxian,yongqing,065600,YQX,local_county,1,1
2800309,28,28003,130000,河北省,廊坊市,霸州市,霸州,bazhoushi,bazhou,065700,BZS,local_county,1,1
2800310,28,28003,130000,河北省,廊坊市,香河县,香河,xianghexian,xianghe,065400,XHX,local_county,1,1
2800401,28,28004,130000,河北省,张家口市,万全县,万全,wanquanxian,wanquan,076250,WQX,local_county,0,0
2800402,28,28004,130000,河北省,张家口市,下花园区,下花园,xiahuayuanqu,xiahuayuan,075000,XHYQ,local_county,1,1
2800403,28,28004,130000,河北省,张家口市,宣化区,宣化,xuanhuaqu,xuanhua,075000,XHQ,local_county,1,1
2800404,28,28004,130000,河北省,张家口市,宣化县,宣化,xuanhuaxian,xuanhua,075100,XHX,local_county,0,0
2800405,28,28004,130000,河北省,张家口市,尚义县,尚义,shangyixian,shangyi,076750,SYX,local_county,1,1
2800406,28,28004,130000,河北省,张家口市,崇礼县,崇礼,chonglixian,chongli,076350,CLX,local_county,0,0
2800407,28,28004,130000,河北省,张家口市,康保县,康保,kangbaoxian,kangbao,076650,KBX,local_county,1,1
2800408,28,28004,130000,河北省,张家口市,张北县,张北,zhangbeixian,zhangbei,076450,ZBX,local_county,1,1
2800409,28,28004,130000,河北省,张家口市,怀安县,怀安,huaianxian,huaian,076150,HAX,local_county,1,1
2800410,28,28004,130000,河北省,张家口市,怀来县,怀来,huailaixian,huailai,075400,HLX,local_county,1,1
2800411,28,28004,130000,河北省,张家口市,桥东区,桥东,qiaodongqu,qiaodong,050000,QDQ,local_county,1,1
2800412,28,28004,130000,河北省,张家口市,桥西区,桥西,qiaoxiqu,qiaoxi,050000,QXQ,local_county,1,1
2800413,28,28004,130000,河北省,张家口市,沽源县,沽源,guyuanxian,guyuan,076550,GYX,local_county,1,1
2800414,28,28004,130000,河北省,张家口市,涿鹿县,涿鹿,zhuoluxian,zhuolu,075600,LX,local_county,1,1
2800415,28,28004,130000,河北省,张家口市,蔚县,蔚,yuxian,wei,075700,X,local_county,1,1
2800416,28,28004,130000,河北省,张家口市,赤城县,赤城,chichengxian,chicheng,075500,CCX,local_county,1,1
2800417,28,28004,130000,河北省,张家口市,阳原县,阳原,yangyuanxian,yangyuan,075800,YYX,local_county,1,1
2800501,28,28005,130000,河北省,承德市,丰宁满族自治县,丰宁满族,fengningmanzuzizhixian,fengningmanzu,068350,FNMZZZX,local_county,1,1
2800502,28,28005,130000,河北省,承德市,兴隆县,兴隆,xinglongxian,xinglong,067300,XLX,local_county,1,1
2800503,28,28005,130000,河北省,承德市,双桥区,双桥,shuangqiaoqu,shuangqiao,067000,SQQ,local_county,1,1
2800504,28,28005,130000,河北省,承德市,双滦区,双滦,shuangluanqu,shuangluan,067000,SLQ,local_county,1,1
2800505,28,28005,130000,河北省,承德市,围场满族蒙古族自治县,围场满族蒙古族,weichangmanzumengguzuzizhixian,weichangmanzumengguzu,068450,CMZMGZZZX,local_county,1,1
2800506,28,28005,130000,河北省,承德市,宽城满族自治县,宽城满族,kuanchengmanzuzizhixian,kuanchengmanzu,067600,KCMZZZX,local_county,1,1
2800507,28,28005,130000,河北省,承德市,平泉县,平泉,pingquanxian,pingquan,067500,PQX,local_county,1,1
2800508,28,28005,130000,河北省,承德市,承德县,承德,chengdexian,chengde,067400,CDX,local_county,1,1
2800509,28,28005,130000,河北省,承德市,滦平县,滦平,luanpingxian,luanping,068250,LPX,local_county,1,1
2800510,28,28005,130000,河北省,承德市,隆化县,隆化,longhuaxian,longhua,068150,LHX,local_county,1,1
2800511,28,28005,130000,河北省,承德市,鹰手营子矿区,鹰手营子,yingshouyingzikuangqu,yingshouyingzi,067200,YSYZKQ,local_county,1,1
2800601,28,28006,130000,河北省,沧州市,东光县,东光,dongguangxian,dongguang,061600,DGX,local_county,1,1
2800602,28,28006,130000,河北省,沧州市,任丘市,任丘,renqiushi,renqiu,062550,RQS,local_county,1,1
2800603,28,28006,130000,河北省,沧州市,南皮县,南皮,nanpixian,nanpi,061500,NPX,local_county,1,1
2800604,28,28006,130000,河北省,沧州市,吴桥县,吴桥,wuqiaoxian,wuqiao,061800,WQX,local_county,1,1
2800605,28,28006,130000,河北省,沧州市,孟村回族自治县,孟村回族,mengcunhuizuzizhixian,mengcunhuizu,061400,MCHZZZX,local_county,1,1
2800606,28,28006,130000,河北省,沧州市,新华区,新华,xinhuaqu,xinhua,050000,XHQ,local_county,1,1
2800607,28,28006,130000,河北省,沧州市,沧县,沧,cangxian,cang,061000,CX,local_county,1,1
2800608,28,28006,130000,河北省,沧州市,河间市,河间,hejianshi,hejian,062450,HJS,local_county,1,1
2800609,28,28006,130000,河北省,沧州市,泊头市,泊头,potoushi,potou,062150,BTS,local_county,1,1
2800610,28,28006,130000,河北省,沧州市,海兴县,海兴,haixingxian,haixing,061200,HXX,local_county,1,1
2800611,28,28006,130000,河北省,沧州市,献县,献,xianxian,xian,062250,XX,local_county,1,1
2800612,28,28006,130000,河北省,沧州市,盐山县,盐山,yanshanxian,yanshan,061300,YSX,local_county,1,1
2800613,28,28006,130000,河北省,沧州市,肃宁县,肃宁,suningxian,suning,062350,SNX,local_county,1,1
2800614,28,28006,130000,河北省,沧州市,运河区,运河,yunhequ,yunhe,061000,YHQ,local_county,1,1
2800615,28,28006,130000,河北省,沧州市,青县,青,qingxian,qing,062650,QX,local_county,1,1
2800616,28,28006,130000,河北省,沧州市,黄骅市,黄骅,huanghuashi,huanghua,061100,HS,local_county,1,1
2800701,28,28007,130000,河北省,石家庄市,井陉县,井陉,jingxingxian,jingxing,050300,JX,local_county,1,1
2800702,28,28007,130000,河北省,石家庄市,井陉矿区,井陉,jingxingkuangqu,jingxing,051000,JKQ,local_county,1,1
2800703,28,28007,130000,河北省,石家庄市,元氏县,元氏,yuanshixian,yuanshi,051130,YSX,local_county,1,1
2800704,28,28007,130000,河北省,石家庄市,平山县,平山,pingshanxian,pingshan,050400,PSX,local_county,1,1
2800705,28,28007,130000,河北省,石家庄市,新乐市,新乐,xinleshi,xinle,050700,XLS,local_county,1,1
2800706,28,28007,130000,河北省,石家庄市,新华区,新华,xinhuaqu,xinhua,050000,XHQ,local_county,1,1
2800707,28,28007,130000,河北省,石家庄市,无极县,无极,wujixian,wuji,052400,WJX,local_county,1,1
2800708,28,28007,130000,河北省,石家庄市,晋州市,晋州,jinzhoushi,jinzhou,052200,JZS,local_county,1,1
2800709,28,28007,130000,河北省,石家庄市,栾城县,栾城,luanchengxian,luancheng,051430,CX,local_county,1,1
2800710,28,28007,130000,河北省,石家庄市,桥东区,桥东,qiaodongqu,qiaodong,050000,QDQ,local_county,0,0
2800711,28,28007,130000,河北省,石家庄市,桥西区,桥西,qiaoxiqu,qiaoxi,050000,QXQ,local_county,1,1
2800712,28,28007,130000,河北省,石家庄市,正定县,正定,zhengdingxian,zhengding,050800,ZDX,local_county,1,1
2800713,28,28007,130000,河北省,石家庄市,深泽县,深泽,shenzexian,shenze,052500,SZX,local_county,1,1
2800714,28,28007,130000,河北省,石家庄市,灵寿县,灵寿,lingshouxian,lingshou,050500,LSX,local_county,1,1
2800715,28,28007,130000,河北省,石家庄市,藁城市,藁城,gaochengshi,gaocheng,052160,CS,local_county,1,1
2800716,28,28007,130000,河北省,石家庄市,行唐县,行唐,xingtangxian,xingtang,050600,XTX,local_county,1,1
2800717,28,28007,130000,河北省,石家庄市,裕华区,裕华,yuhuaqu,yuhua,050000,YHQ,local_county,1,1
2800718,28,28007,130000,河北省,石家庄市,赞皇县,赞皇,zanhuangxian,zanhuang,051230,ZHX,local_county,1,1
2800719,28,28007,130000,河北省,石家庄市,赵县,赵,zhaoxian,zhao,051530,ZX,local_county,1,1
2800720,28,28007,130000,河北省,石家庄市,辛集市,辛集,xinjishi,xinji,052300,XJS,local_county,0,0
2800721,28,28007,130000,河北省,石家庄市,长安区,长安,changanqu,changan,050000,CAQ,local_county,1,1
2800722,28,28007,130000,河北省,石家庄市,高邑县,高邑,gaoyixian,gaoyi,051330,GYX,local_county,1,1
2800723,28,28007,130000,河北省,石家庄市,鹿泉市,鹿泉,luquanshi,luquan,050200,LQS,local_county,1,1
2800801,28,28008,130000,河北省,秦皇岛市,北戴河区,北戴河,beidaihequ,beidaihe,066100,BDHQ,local_county,1,1
2800802,28,28008,130000,河北省,秦皇岛市,卢龙县,卢龙,lulongxian,lulong,066400,LLX,local_county,1,1
2800803,28,28008,130000,河北省,秦皇岛市,山海关区,山海关,shanhaiguanqu,shanhaiguan,066200,SHGQ,local_county,1,1
2800804,28,28008,130000,河北省,秦皇岛市,抚宁县,抚宁,funingxian,funing,066300,FNX,local_county,0,0
2800805,28,28008,130000,河北省,秦皇岛市,昌黎县,昌黎,changlixian,changli,066600,CLX,local_county,1,1
2800806,28,28008,130000,河北省,秦皇岛市,海港区,海港,haigangqu,haigang,066000,HGQ,local_county,1,1
2800807,28,28008,130000,河北省,秦皇岛市,青龙满族自治县,青龙满族,qinglongmanzuzizhixian,qinglongmanzu,066500,QLMZZZX,local_county,1,1
2800901,28,28009,130000,河北省,衡水市,冀州市,冀州,jizhoushi,jizhou,053200,JZS,local_county,0,0
2800902,28,28009,130000,河北省,衡水市,安平县,安平,anpingxian,anping,053600,APX,local_county,1,1
2800903,28,28009,130000,河北省,衡水市,故城县,故城,guchengxian,gucheng,053800,GCX,local_county,1,1
2800904,28,28009,130000,河北省,衡水市,景县,景,jingxian,jing,053500,JX,local_county,1,1
2800905,28,28009,130000,河北省,衡水市,枣强县,枣强,zaoqiangxian,zaoqiang,053100,ZQX,local_county,1,1
2800906,28,28009,130000,河北省,衡水市,桃城区,桃城,taochengqu,taocheng,053000,TCQ,local_county,1,1
2800907,28,28009,130000,河北省,衡水市,武强县,武强,wuqiangxian,wuqiang,053300,WQX,local_county,1,1
2800908,28,28009,130000,河北省,衡水市,武邑县,武邑,wuyixian,wuyi,053400,WYX,local_county,1,1
2800909,28,28009,130000,河北省,衡水市,深州市,深州,shenzhoushi,shenzhou,052800,SZS,local_county,1,1
2800910,28,28009,130000,河北省,衡水市,阜城县,阜城,fuchengxian,fucheng,053700,FCX,local_county,1,1
2800911,28,28009,130000,河北省,衡水市,饶阳县,饶阳,raoyangxian,raoyang,053900,RYX,local_county,1,1
2801001,28,28010,130000,河北省,邢台市,临城县,临城,linchengxian,lincheng,054300,LCX,local_county,1,1
2801002,28,28010,130000,河北省,邢台市,临西县,临西,linxixian,linxi,054900,LXX,local_county,1,1
2801003,28,28010,130000,河北省,邢台市,任县,任,renxian,ren,055150,RX,local_county,1,1
2801004,28,28010,130000,河北省,邢台市,内丘县,内丘,neiqiuxian,neiqiu,054200,NQX,local_county,1,1
2801005,28,28010,130000,河北省,邢台市,南和县,南和,nanhexian,nanhe,054400,NHX,local_county,1,1
2801006,28,28010,130000,河北省,邢台市,南宫市,南宫,nangongshi,nangong,051800,NGS,local_county,1,1
2801007,28,28010,130000,河北省,邢台市,威县,威,weixian,wei,054700,WX,local_county,1,1
2801008,28,28010,130000,河北省,邢台市,宁晋县,宁晋,ningjinxian,ningjin,055550,NJX,local_county,1,1
2801009,28,28010,130000,河北省,邢台市,巨鹿县,巨鹿,juluxian,julu,055250,JLX,local_county,1,1
2801010,28,28010,130000,河北省,邢台市,平乡县,平乡,pingxiangxian,pingxiang,054500,PXX,local_county,1,1
2801011,28,28010,130000,河北省,邢台市,广宗县,广宗,guangzongxian,guangzong,054600,GZX,local_county,1,1
2801012,28,28010,130000,河北省,邢台市,新河县,新河,xinhexian,xinhe,051730,XHX,local_county,1,1
2801013,28,28010,130000,河北省,邢台市,柏乡县,柏乡,baixiangxian,baixiang,055450,BXX,local_county,1,1
2801014,28,28010,130000,河北省,邢台市,桥东区,桥东,qiaodongqu,qiaodong,050000,QDQ,local_county,1,1
2801015,28,28010,130000,河北省,邢台市,桥西区,桥西,qiaoxiqu,qiaoxi,050000,QXQ,local_county,1,1
2801016,28,28010,130000,河北省,邢台市,沙河市,沙河,shaheshi,shahe,054100,SHS,local_county,1,1
2801017,28,28010,130000,河北省,邢台市,清河县,清河,qinghexian,qinghe,054800,QHX,local_county,1,1
2801018,28,28010,130000,河北省,邢台市,邢台县,邢台,xingtaixian,xingtai,054000,XTX,local_county,1,1
2801019,28,28010,130000,河北省,邢台市,隆尧县,隆尧,longyaoxian,longyao,055350,LYX,local_county,1,1
2801101,28,28011,130000,河北省,邯郸市,丛台区,丛台,congtaiqu,congtai,056000,CTQ,local_county,1,1
2801102,28,28011,130000,河北省,邯郸市,临漳县,临漳,linzhangxian,linzhang,056600,LZX,local_county,1,1
2801103,28,28011,130000,河北省,邯郸市,复兴区,复兴,fuxingqu,fuxing,056000,FXQ,local_county,1,1
2801104,28,28011,130000,河北省,邯郸市,大名县,大名,damingxian,daming,056900,DMX,local_county,1,1
2801105,28,28011,130000,河北省,邯郸市,峰峰矿区,峰峰,fengfengkuangqu,fengfeng,056200,FFKQ,local_county,1,1
2801106,28,28011,130000,河北省,邯郸市,广平县,广平,guangpingxian,guangping,057650,GPX,local_county,1,1
2801107,28,28011,130000,河北省,邯郸市,成安县,成安,chenganxian,chengan,056700,CAX,local_county,1,1
2801108,28,28011,130000,河北省,邯郸市,曲周县,曲周,quzhouxian,quzhou,057250,QZX,local_county,1,1
2801109,28,28011,130000,河北省,邯郸市,武安市,武安,wuanshi,wuan,056300,WAS,local_county,1,1
2801110,28,28011,130000,河北省,邯郸市,永年县,永年,yongnianxian,yongnian,057150,YNX,local_county,1,1
2801111,28,28011,130000,河北省,邯郸市,涉县,涉,shexian,she,056400,SX,local_county,1,1
2801112,28,28011,130000,河北省,邯郸市,磁县,磁,cixian,ci,056500,CX,local_county,1,1
2801113,28,28011,130000,河北省,邯郸市,肥乡县,肥乡,feixiangxian,feixiang,057550,FXX,local_county,1,1
2801114,28,28011,130000,河北省,邯郸市,邯山区,邯山,hanshanqu,hanshan,056000,HSQ,local_county,1,1
2801115,28,28011,130000,河北省,邯郸市,邯郸县,邯郸,handanxian,handan,056000,HDX,local_county,1,1
2801116,28,28011,130000,河北省,邯郸市,邱县,邱,qiuxian,qiu,057450,QX,local_county,1,1
2801117,28,28011,130000,河北省,邯郸市,馆陶县,馆陶,guantaoxian,guantao,057750,GTX,local_county,1,1
2801118,28,28011,130000,河北省,邯郸市,魏县,魏,weixian,wei,056800,X,local_county,1,1
2801119,28,28011,130000,河北省,邯郸市,鸡泽县,鸡泽,jizexian,jize,057350,JZX,local_county,1,1
2300101,23,23001,410000,河南省,三门峡市,义马市,义马,yimashi,yima,472300,YMS,local_county,1,1
2300102,23,23001,410000,河南省,三门峡市,卢氏县,卢氏,lushixian,lushi,472200,LSX,local_county,1,1
2300103,23,23001,410000,河南省,三门峡市,渑池县,渑池,mianchixian,mianchi,472400,CX,local_county,1,1
2300104,23,23001,410000,河南省,三门峡市,湖滨区,湖滨,hubinqu,hubin,472000,HBQ,local_county,1,1
2300105,23,23001,410000,河南省,三门峡市,灵宝市,灵宝,lingbaoshi,lingbao,472500,LBS,local_county,1,1
2300106,23,23001,410000,河南省,三门峡市,陕县,陕,shanxian,shan,472100,SX,local_county,0,0
2300201,23,23002,410000,河南省,信阳市,光山县,光山,guangshanxian,guangshan,465450,GSX,local_county,1,1
2300202,23,23002,410000,河南省,信阳市,商城县,商城,shangchengxian,shangcheng,465350,SCX,local_county,1,1
2300203,23,23002,410000,河南省,信阳市,固始县,固始,gushixian,gushi,465200,GSX,local_county,1,1
2300204,23,23002,410000,河南省,信阳市,平桥区,平桥,pingqiaoqu,pingqiao,464000,PQQ,local_county,1,1
2300205,23,23002,410000,河南省,信阳市,息县,息,xixian,xi,464300,XX,local_county,1,1
2300206,23,23002,410000,河南省,信阳市,新县,新,xinxian,xin,465500,XX,local_county,1,1
2300207,23,23002,410000,河南省,信阳市,浉河区,浉河,shihequ,shihe,464000,汧Y,local_county,1,1
2300208,23,23002,410000,河南省,信阳市,淮滨县,淮滨,huaibinxian,huaibin,464400,HBX,local_county,1,1
2300209,23,23002,410000,河南省,信阳市,潢川县,潢川,huangchuanxian,huangchuan,465150,CX,local_county,1,1
2300210,23,23002,410000,河南省,信阳市,罗山县,罗山,luoshanxian,luoshan,464200,LSX,local_county,1,1
2300301,23,23003,410000,河南省,南阳市,内乡县,内乡,neixiangxian,neixiang,474350,NXX,local_county,1,1
2300302,23,23003,410000,河南省,南阳市,南召县,南召,nanzhaoxian,nanzhao,474650,NZX,local_county,1,1
2300303,23,23003,410000,河南省,南阳市,卧龙区,卧龙,wolongqu,wolong,473000,WLQ,local_county,1,1
2300304,23,23003,410000,河南省,南阳市,唐河县,唐河,tanghexian,tanghe,473400,THX,local_county,1,1
2300305,23,23003,410000,河南省,南阳市,宛城区,宛城,wanchengqu,wancheng,473000,WCQ,local_county,1,1
2300306,23,23003,410000,河南省,南阳市,新野县,新野,xinyexian,xinye,473500,XYX,local_county,1,1
2300307,23,23003,410000,河南省,南阳市,方城县,方城,fangchengxian,fangcheng,473200,FCX,local_county,1,1
2300308,23,23003,410000,河南省,南阳市,桐柏县,桐柏,tongbaixian,tongbai,474750,TBX,local_county,1,1
2300309,23,23003,410000,河南省,南阳市,淅川县,淅川,xichuanxian,xichuan,474450,CX,local_county,1,1
2300310,23,23003,410000,河南省,南阳市,社旗县,社旗,sheqixian,sheqi,473300,SQX,local_county,1,1
2300311,23,23003,410000,河南省,南阳市,西峡县,西峡,xixiaxian,xixia,474550,XXX,local_county,1,1
2300312,23,23003,410000,河南省,南阳市,邓州市,邓州,dengzhoushi,dengzhou,474150,DZS,local_county,1,1
2300313,23,23003,410000,河南省,南阳市,镇平县,镇平,zhenpingxian,zhenping,474250,ZPX,local_county,1,1
2300401,23,23004,410000,河南省,周口市,商水县,商水,shangshuixian,shangshui,466100,SSX,local_county,1,1
2300402,23,23004,410000,河南省,周口市,太康县,太康,taikangxian,taikang,475400,TKX,local_county,1,1
2300403,23,23004,410000,河南省,周口市,川汇区,川汇,chuanhuiqu,chuanhui,466000,CHQ,local_county,1,1
2300404,23,23004,410000,河南省,周口市,扶沟县,扶沟,fugouxian,fugou,461300,FGX,local_county,1,1
2300405,23,23004,410000,河南省,周口市,沈丘县,沈丘,shenqiuxian,shenqiu,466300,SQX,local_county,1,1
2300406,23,23004,410000,河南省,周口市,淮阳县,淮阳,huaiyangxian,huaiyang,466700,HYX,local_county,1,1
2300407,23,23004,410000,河南省,周口市,西华县,西华,xihuaxian,xihua,466600,XHX,local_county,1,1
2300408,23,23004,410000,河南省,周口市,郸城县,郸城,danchengxian,dancheng,477150,DCX,local_county,1,1
2300409,23,23004,410000,河南省,周口市,项城市,项城,xiangchengshi,xiangcheng,466200,XCS,local_county,1,1
2300410,23,23004,410000,河南省,周口市,鹿邑县,鹿邑,luyixian,luyi,477200,LYX,local_county,1,1
2300501,23,23005,410000,河南省,商丘市,夏邑县,夏邑,xiayixian,xiayi,476400,XYX,local_county,1,1
2300502,23,23005,410000,河南省,商丘市,宁陵县,宁陵,ninglingxian,ningling,476700,NLX,local_county,1,1
2300503,23,23005,410000,河南省,商丘市,柘城县,柘城,zhechengxian,zhecheng,476200,CX,local_county,1,1
2300504,23,23005,410000,河南省,商丘市,梁园区,梁园,liangyuanqu,liangyuan,476000,LYQ,local_county,1,1
2300505,23,23005,410000,河南省,商丘市,民权县,民权,minquanxian,minquan,476800,MQX,local_county,1,1
2300506,23,23005,410000,河南省,商丘市,永城市,永城,yongchengshi,yongcheng,476600,YCS,local_county,1,1
2300507,23,23005,410000,河南省,商丘市,睢县,睢,suixian,sui,476900,X,local_county,1,1
2300508,23,23005,410000,河南省,商丘市,睢阳区,睢阳,suiyangqu,suiyang,476000,YQ,local_county,1,1
2300509,23,23005,410000,河南省,商丘市,虞城县,虞城,yuchengxian,yucheng,476300,YCX,local_county,1,1
2300601,23,23006,410000,河南省,安阳市,内黄县,内黄,neihuangxian,neihuang,456300,NHX,local_county,1,1
2300602,23,23006,410000,河南省,安阳市,北关区,北关,beiguanqu,beiguan,455000,BGQ,local_county,1,1
2300603,23,23006,410000,河南省,安阳市,安阳县,安阳,anyangxian,anyang,455100,AYX,local_county,1,1
2300604,23,23006,410000,河南省,安阳市,文峰区,文峰,wenfengqu,wenfeng,455000,WFQ,local_county,1,1
2300605,23,23006,410000,河南省,安阳市,林州市,林州,linzhoushi,linzhou,456500,LZS,local_county,1,1
2300606,23,23006,410000,河南省,安阳市,殷都区,殷都,yindouqu,yindou,455000,YDQ,local_county,1,1
2300607,23,23006,410000,河南省,安阳市,汤阴县,汤阴,tangyinxian,tangyin,456150,TYX,local_county,1,1
2300608,23,23006,410000,河南省,安阳市,滑县,滑,huaxian,hua,456400,HX,local_county,1,1
2300609,23,23006,410000,河南省,安阳市,龙安区,龙安,longanqu,longan,455000,LAQ,local_county,1,1
2300701,23,23007,410000,河南省,平顶山市,卫东区,卫东,weidongqu,weidong,467000,WDQ,local_county,1,1
2300702,23,23007,410000,河南省,平顶山市,叶县,叶,yexian,ye,467200,YX,local_county,1,1
2300703,23,23007,410000,河南省,平顶山市,宝丰县,宝丰,baofengxian,baofeng,467400,BFX,local_county,1,1
2300704,23,23007,410000,河南省,平顶山市,新华区,新华,xinhuaqu,xinhua,050000,XHQ,local_county,1,1
2300705,23,23007,410000,河南省,平顶山市,汝州市,汝州,ruzhoushi,ruzhou,467500,RZS,local_county,1,1
2300706,23,23007,410000,河南省,平顶山市,湛河区,湛河,zhanhequ,zhanhe,467000,ZHQ,local_county,1,1
2300707,23,23007,410000,河南省,平顶山市,石龙区,石龙,shilongqu,shilong,467000,SLQ,local_county,1,1
2300708,23,23007,410000,河南省,平顶山市,舞钢市,舞钢,wugangshi,wugang,462500,WGS,local_county,1,1
2300709,23,23007,410000,河南省,平顶山市,郏县,郏,jiaxian,jia,467100,X,local_county,1,1
2300710,23,23007,410000,河南省,平顶山市,鲁山县,鲁山,lushanxian,lushan,467300,LSX,local_county,1,1
2300801,23,23008,410000,河南省,开封市,兰考县,兰考,lankaoxian,lankao,475300,LKX,local_county,1,1
2300802,23,23008,410000,河南省,开封市,南关区,南关,nanguanqu,nanguan,130000,NGQ,local_county,0,0
2300803,23,23008,410000,河南省,开封市,尉氏县,尉氏,weishixian,weishi,452100,SX,local_county,1,1
2300804,23,23008,410000,河南省,开封市,开封县,开封,kaifengxian,kaifeng,475100,KFX,local_county,0,0
2300805,23,23008,410000,河南省,开封市,杞县,杞,qixian,qi,475200,X,local_county,1,1
2300806,23,23008,410000,河南省,开封市,禹王台区,禹王台,yuwangtaiqu,yuwangtai,475000,YWTQ,local_county,1,1
2300807,23,23008,410000,河南省,开封市,通许县,通许,tongxuxian,tongxu,452200,TXX,local_county,1,1
2300808,23,23008,410000,河南省,开封市,郊区,郊,jiaoqu,jiao,045000,JQ,local_county,0,0
2300809,23,23008,410000,河南省,开封市,金明区,金明,jinmingqu,jinming,475000,JMQ,local_county,1,1
2300810,23,23008,410000,河南省,开封市,顺河回族区,顺河回族,shunhehuizuqu,shunhehuizu,475000,SHHZQ,local_county,1,1
2300811,23,23008,410000,河南省,开封市,鼓楼区,鼓楼,gulouqu,gulou,210000,GLQ,local_county,1,1
2300812,23,23008,410000,河南省,开封市,龙亭区,龙亭,longtingqu,longting,475000,LTQ,local_county,1,1
2300901,23,23009,410000,河南省,新乡市,凤泉区,凤泉,fengquanqu,fengquan,453000,FQQ,local_county,1,1
2300902,23,23009,410000,河南省,新乡市,北站区,北站,beizhanqu,beizhan,453000,BZQ,local_county,0,0
2300903,23,23009,410000,河南省,新乡市,卫滨区,卫滨,weibinqu,weibin,453000,WBQ,local_county,1,1
2300904,23,23009,410000,河南省,新乡市,卫辉市,卫辉,weihuishi,weihui,453100,WHS,local_county,1,1
2300905,23,23009,410000,河南省,新乡市,原阳县,原阳,yuanyangxian,yuanyang,453500,YYX,local_county,1,1
2300906,23,23009,410000,河南省,新乡市,封丘县,封丘,fengqiuxian,fengqiu,453300,FQX,local_county,1,1
2300907,23,23009,410000,河南省,新乡市,延津县,延津,yanjinxian,yanjin,453200,YJX,local_county,1,1
2300908,23,23009,410000,河南省,新乡市,新乡县,新乡,xinxiangxian,xinxiang,453700,XXX,local_county,1,1
2300909,23,23009,410000,河南省,新乡市,新华区,新华,xinhuaqu,xinhua,050000,XHQ,local_county,0,0
2300910,23,23009,410000,河南省,新乡市,牧野区,牧野,muyequ,muye,453000,MYQ,local_county,1,1
2300911,23,23009,410000,河南省,新乡市,红旗区,红旗,hongqiqu,hongqi,453000,HQQ,local_county,1,1
2300912,23,23009,410000,河南省,新乡市,获嘉县,获嘉,huojiaxian,huojia,453800,HJX,local_county,1,1
2300913,23,23009,410000,河南省,新乡市,辉县市,辉县,huixianshi,huixian,453600,HXS,local_county,1,1
2300914,23,23009,410000,河南省,新乡市,郊区,郊,jiaoqu,jiao,045000,JQ,local_county,0,0
2300915,23,23009,410000,河南省,新乡市,长垣县,长垣,zhangyuanxian,zhangyuan,453400,CYX,local_county,1,1
2301001,23,23010,410000,河南省,洛阳市,伊川县,伊川,yichuanxian,yichuan,471300,YCX,local_county,1,1
2301002,23,23010,410000,河南省,洛阳市,偃师市,偃师,yanshishi,yanshi,471900,SS,local_county,1,1
2301003,23,23010,410000,河南省,洛阳市,吉利区,吉利,jiliqu,jili,471000,JLQ,local_county,1,1
2301004,23,23010,410000,河南省,洛阳市,孟津县,孟津,mengjinxian,mengjin,471100,MJX,local_county,1,1
2301005,23,23010,410000,河南省,洛阳市,宜阳县,宜阳,yiyangxian,yiyang,471600,YYX,local_county,1,1
2301006,23,23010,410000,河南省,洛阳市,嵩县,嵩,songxian,song,471400,X,local_county,1,1
2301007,23,23010,410000,河南省,洛阳市,新安县,新安,xinanxian,xinan,471800,XAX,local_county,1,1
2301008,23,23010,410000,河南省,洛阳市,栾川县,栾川,luanchuanxian,luanchuan,471500,CX,local_county,1,1
2301009,23,23010,410000,河南省,洛阳市,汝阳县,汝阳,ruyangxian,ruyang,471200,RYX,local_county,1,1
2301010,23,23010,410000,河南省,洛阳市,洛宁县,洛宁,luoningxian,luoning,471700,LNX,local_county,1,1
2301011,23,23010,410000,河南省,洛阳市,洛龙区,洛龙,luolongqu,luolong,471000,LLQ,local_county,1,1
2301012,23,23010,410000,河南省,洛阳市,涧西区,涧西,jianxiqu,jianxi,471000,JXQ,local_county,1,1
2301013,23,23010,410000,河南省,洛阳市,瀍河回族区,瀍河回族,chanhehuizuqu,chanhehuizu,471000,瀍HHZQ,local_county,1,1
2301014,23,23010,410000,河南省,洛阳市,老城区,老城,laochengqu,laocheng,471000,LCQ,local_county,1,1
2301015,23,23010,410000,河南省,洛阳市,西工区,西工,xigongqu,xigong,471000,XGQ,local_county,1,1
2301101,23,23011,410000,河南省,济源市,济源市,济源,jiyuanshi,jiyuan,454650,JYS,local_county,0,0
2301201,23,23012,410000,河南省,漯河市,临颍县,临颍,linyingxian,linying,462600,LX,local_county,1,1
2301202,23,23012,410000,河南省,漯河市,召陵区,召陵,zhaolingqu,zhaoling,462300,ZLQ,local_county,1,1
2301203,23,23012,410000,河南省,漯河市,源汇区,源汇,yuanhuiqu,yuanhui,462000,YHQ,local_county,1,1
2301204,23,23012,410000,河南省,漯河市,舞阳县,舞阳,wuyangxian,wuyang,462400,WYX,local_county,1,1
2301205,23,23012,410000,河南省,漯河市,郾城区,郾城,yanchengqu,yancheng,462300,CQ,local_county,1,1
2301301,23,23013,410000,河南省,濮阳市,华龙区,华龙,hualongqu,hualong,457000,HLQ,local_county,1,1
2301302,23,23013,410000,河南省,濮阳市,南乐县,南乐,nanyuexian,nanyue,457400,NLX,local_county,1,1
2301303,23,23013,410000,河南省,濮阳市,台前县,台前,taiqianxian,taiqian,457600,TQX,local_county,1,1
2301304,23,23013,410000,河南省,濮阳市,清丰县,清丰,qingfengxian,qingfeng,457300,QFX,local_county,1,1
2301305,23,23013,410000,河南省,濮阳市,濮阳县,濮阳,puyangxian,puyang,457100,YX,local_county,1,1
2301306,23,23013,410000,河南省,濮阳市,范县,范,fanxian,fan,457500,FX,local_county,1,1
2301401,23,23014,410000,河南省,焦作市,中站区,中站,zhongzhanqu,zhongzhan,454150,ZZQ,local_county,1,1
2301402,23,23014,410000,河南省,焦作市,修武县,修武,xiuwuxian,xiuwu,454350,XWX,local_county,1,1
2301403,23,23014,410000,河南省,焦作市,博爱县,博爱,boaixian,boai,454450,BAX,local_county,1,1
2301404,23,23014,410000,河南省,焦作市,孟州市,孟州,mengzhoushi,mengzhou,454750,MZS,local_county,1,1
2301405,23,23014,410000,河南省,焦作市,山阳区,山阳,shanyangqu,shanyang,454150,SYQ,local_county,1,1
2301406,23,23014,410000,河南省,焦作市,武陟县,武陟,wuzhixian,wuzhi,454950,WX,local_county,1,1
2301407,23,23014,410000,河南省,焦作市,沁阳市,沁阳,qinyangshi,qinyang,454550,QYS,local_county,1,1
2301408,23,23014,410000,河南省,焦作市,济源市,济源,jiyuanshi,jiyuan,454650,JYS,local_county,0,0
2301409,23,23014,410000,河南省,焦作市,温县,温,wenxian,wen,454850,WX,local_county,1,1
2301410,23,23014,410000,河南省,焦作市,解放区,解放,jiefangqu,jiefang,454150,JFQ,local_county,1,1
2301411,23,23014,410000,河南省,焦作市,马村区,马村,macunqu,macun,454150,MCQ,local_county,1,1
2301412,23,23014,410000,河南省,焦作市,高新区,高,gaoxinqu,gao,454150,GXQ,local_county,0,0
2301501,23,23015,410000,河南省,许昌市,禹州市,禹州,yuzhoushi,yuzhou,452570,YZS,local_county,1,1
2301502,23,23015,410000,河南省,许昌市,襄城县,襄城,xiangchengxian,xiangcheng,452670,XCX,local_county,1,1
2301503,23,23015,410000,河南省,许昌市,许昌县,许昌,xuchangxian,xuchang,461100,XCX,local_county,1,1
2301504,23,23015,410000,河南省,许昌市,鄢陵县,鄢陵,yanlingxian,yanling,461200,LX,local_county,1,1
2301505,23,23015,410000,河南省,许昌市,长葛市,长葛,zhanggeshi,zhangge,461500,CGS,local_county,1,1
2301506,23,23015,410000,河南省,许昌市,魏都区,魏都,weidouqu,weidou,461000,DQ,local_county,1,1
2301601,23,23016,410000,河南省,郑州市,上街区,上街,shangjiequ,shangjie,450041,SJQ,local_county,1,1
2301602,23,23016,410000,河南省,郑州市,中原区,中原,zhongyuanqu,zhongyuan,450000,ZYQ,local_county,1,1
2301603,23,23016,410000,河南省,郑州市,中牟县,中牟,zhongmuxian,zhongmu,451450,ZMX,local_county,1,1
2301604,23,23016,410000,河南省,郑州市,二七区,二七,erqiqu,erqi,450000,EQQ,local_county,1,1
2301605,23,23016,410000,河南省,郑州市,巩义市,巩义,gongyishi,gongyi,452100,GYS,local_county,1,1
2301606,23,23016,410000,河南省,郑州市,惠济区,惠济,huijiqu,huiji,450000,HJQ,local_county,1,1
2301607,23,23016,410000,河南省,郑州市,新密市,新密,xinmishi,xinmi,452370,XMS,local_county,1,1
2301608,23,23016,410000,河南省,郑州市,新开发区,新开发,xinkaifaqu,xinkaifa,452370,XKFQ,local_county,0,0
2301609,23,23016,410000,河南省,郑州市,新新开发区,新新开发,xinxinkaifaqu,xinxinkaifa,452370,XXKFQ,local_county,0,0
2301610,23,23016,410000,河南省,郑州市,新郑市,新郑,xinzhengshi,xinzheng,451100,XZS,local_county,1,1
2301611,23,23016,410000,河南省,郑州市,登封市,登封,dengfengshi,dengfeng,452470,DFS,local_county,1,1
2301612,23,23016,410000,河南省,郑州市,管城回族区,管城回族,guanchenghuizuqu,guanchenghuizu,450000,GCHZQ,local_county,1,1
2301613,23,23016,410000,河南省,郑州市,荥阳市,荥阳,xingyangshi,xingyang,450100,YS,local_county,1,1
2301614,23,23016,410000,河南省,郑州市,邙山区,邙山,mangshanqu,mangshan,450100,SQ,local_county,0,0
2301615,23,23016,410000,河南省,郑州市,金水区,金水,jinshuiqu,jinshui,450000,JSQ,local_county,1,1
2301616,23,23016,410000,河南省,郑州市,高新区,高,gaoxinqu,gao,450000,GXQ,local_county,0,0
2301617,23,23016,410000,河南省,郑州市,高新技术开发区,高新技术开发,gaoxinjishukaifaqu,gaoxinjishukaifa,450000,GXJSKFQ,local_county,0,0
2301701,23,23017,410000,河南省,驻马店市,上蔡县,上蔡,shangcaixian,shangcai,463800,SCX,local_county,1,1
2301702,23,23017,410000,河南省,驻马店市,平舆县,平舆,pingyuxian,pingyu,463400,PYX,local_county,1,1
2301703,23,23017,410000,河南省,驻马店市,新蔡县,新蔡,xincaixian,xincai,463500,XCX,local_county,1,1
2301704,23,23017,410000,河南省,驻马店市,正阳县,正阳,zhengyangxian,zhengyang,463600,ZYX,local_county,1,1
2301705,23,23017,410000,河南省,驻马店市,汝南县,汝南,runanxian,runan,463300,RNX,local_county,1,1
2301706,23,23017,410000,河南省,驻马店市,泌阳县,泌阳,biyangxian,biyang,463700,MYX,local_county,1,1
2301707,23,23017,410000,河南省,驻马店市,确山县,确山,queshanxian,queshan,463200,QSX,local_county,1,1
2301708,23,23017,410000,河南省,驻马店市,西平县,西平,xipingxian,xiping,463900,XPX,local_county,1,1
2301709,23,23017,410000,河南省,驻马店市,遂平县,遂平,suipingxian,suiping,463100,SPX,local_county,1,1
2301710,23,23017,410000,河南省,驻马店市,驿城区,驿城,yichengqu,yicheng,463000,CQ,local_county,1,1
2301801,23,23018,410000,河南省,鹤壁市,山城区,山城,shanchengqu,shancheng,458000,SCQ,local_county,1,1
2301802,23,23018,410000,河南省,鹤壁市,浚县,浚,junxian,jun,456250,JX,local_county,1,1
2301803,23,23018,410000,河南省,鹤壁市,淇县,淇,qixian,qi,456750,X,local_county,1,1
2301804,23,23018,410000,河南省,鹤壁市,淇滨区,淇滨,qibinqu,qibin,458000,BQ,local_county,1,1
2301805,23,23018,410000,河南省,鹤壁市,鹤山区,鹤山,heshanqu,heshan,458000,HSQ,local_county,1,1
2100101,21,21001,330000,浙江省,丽水市,云和县,云和,yunhexian,yunhe,323600,YHX,local_county,1,1
2100102,21,21001,330000,浙江省,丽水市,庆元县,庆元,qingyuanxian,qingyuan,323800,QYX,local_county,1,1
2100103,21,21001,330000,浙江省,丽水市,景宁畲族自治县,景宁畲族,jingningshezuzizhixian,jingningshezu,323500,JNZZZX,local_county,1,1
2100104,21,21001,330000,浙江省,丽水市,松阳县,松阳,songyangxian,songyang,323400,SYX,local_county,1,1
2100105,21,21001,330000,浙江省,丽水市,缙云县,缙云,jinyunxian,jinyun,321400,YX,local_county,1,1
2100106,21,21001,330000,浙江省,丽水市,莲都区,莲都,liandouqu,liandou,323000,LDQ,local_county,1,1
2100107,21,21001,330000,浙江省,丽水市,遂昌县,遂昌,suichangxian,suichang,323300,SCX,local_county,1,1
2100108,21,21001,330000,浙江省,丽水市,青田县,青田,qingtianxian,qingtian,323900,QTX,local_county,1,1
2100109,21,21001,330000,浙江省,丽水市,龙泉市,龙泉,longquanshi,longquan,323700,LQS,local_county,1,1
2100201,21,21002,330000,浙江省,台州市,三门县,三门,sanmenxian,sanmen,317100,SMX,local_county,1,1
2100202,21,21002,330000,浙江省,台州市,临海市,临海,linhaishi,linhai,317000,LHS,local_county,1,1
2100203,21,21002,330000,浙江省,台州市,仙居县,仙居,xianjuxian,xianju,317300,XJX,local_county,1,1
2100204,21,21002,330000,浙江省,台州市,天台县,天台,tiantaixian,tiantai,317200,TTX,local_county,1,1
2100205,21,21002,330000,浙江省,台州市,椒江区,椒江,jiaojiangqu,jiaojiang,317700,JJQ,local_county,1,1
2100206,21,21002,330000,浙江省,台州市,温岭市,温岭,wenlingshi,wenling,317500,WLS,local_county,1,1
2100207,21,21002,330000,浙江省,台州市,玉环县,玉环,yuhuanxian,yuhuan,317600,YHX,local_county,1,1
2100208,21,21002,330000,浙江省,台州市,路桥区,路桥,luqiaoqu,luqiao,318000,LQQ,local_county,1,1
2100209,21,21002,330000,浙江省,台州市,黄岩区,黄岩,huangyanqu,huangyan,318020,HYQ,local_county,1,1
2100301,21,21003,330000,浙江省,嘉兴市,南湖区,南湖,nanhuqu,nanhu,314000,NHQ,local_county,1,1
2100302,21,21003,330000,浙江省,嘉兴市,嘉善县,嘉善,jiashanxian,jiashan,314100,JSX,local_county,1,1
2100303,21,21003,330000,浙江省,嘉兴市,平湖市,平湖,pinghushi,pinghu,314200,PHS,local_county,1,1
2100304,21,21003,330000,浙江省,嘉兴市,桐乡市,桐乡,tongxiangshi,tongxiang,314500,TXS,local_county,1,1
2100305,21,21003,330000,浙江省,嘉兴市,海宁市,海宁,hainingshi,haining,314400,HNS,local_county,1,1
2100306,21,21003,330000,浙江省,嘉兴市,海盐县,海盐,haiyanxian,haiyan,314300,HYX,local_county,1,1
2100307,21,21003,330000,浙江省,嘉兴市,秀城区,秀城,xiuchengqu,xiucheng,314300,XCQ,local_county,0,0
2100308,21,21003,330000,浙江省,嘉兴市,秀洲区,秀洲,xiuzhouqu,xiuzhou,314000,XZQ,local_county,1,1
2100401,21,21004,330000,浙江省,宁波市,余姚市,余姚,yuyaoshi,yuyao,315400,YYS,local_county,1,1
2100402,21,21004,330000,浙江省,宁波市,北仑区,北仑,beilunqu,beilun,315800,BLQ,local_county,1,1
2100403,21,21004,330000,浙江省,宁波市,奉化市,奉化,fenghuashi,fenghua,315500,FHS,local_county,1,1
2100404,21,21004,330000,浙江省,宁波市,宁海县,宁海,ninghaixian,ninghai,315600,NHX,local_county,1,1
2100405,21,21004,330000,浙江省,宁波市,慈溪市,慈溪,cixishi,cixi,315300,CXS,local_county,1,1
2100406,21,21004,330000,浙江省,宁波市,江东区,江东,jiangdongqu,jiangdong,315000,JDQ,local_county,1,1
2100407,21,21004,330000,浙江省,宁波市,江北区,江北,jiangbeiqu,jiangbei,315000,JBQ,local_county,1,1
2100408,21,21004,330000,浙江省,宁波市,海曙区,海曙,haishuqu,haishu,315000,HSQ,local_county,1,1
2100409,21,21004,330000,浙江省,宁波市,象山县,象山,xiangshanxian,xiangshan,315700,XSX,local_county,1,1
2100410,21,21004,330000,浙江省,宁波市,鄞州区,鄞州,yinzhouqu,yinzhou,315100,ZQ,local_county,1,1
2100411,21,21004,330000,浙江省,宁波市,镇海区,镇海,zhenhaiqu,zhenhai,315200,ZHQ,local_county,1,1
2100501,21,21005,330000,浙江省,杭州市,上城区,上城,shangchengqu,shangcheng,310000,SCQ,local_county,1,1
2100502,21,21005,330000,浙江省,杭州市,下城区,下城,xiachengqu,xiacheng,310000,XCQ,local_county,1,1
2100503,21,21005,330000,浙江省,杭州市,临安市,临安,linanshi,linan,311300,LAS,local_county,1,1
2100504,21,21005,330000,浙江省,杭州市,余杭区,余杭,yuhangqu,yuhang,311100,YHQ,local_county,1,1
2100505,21,21005,330000,浙江省,杭州市,富阳市,富阳,fuyangshi,fuyang,311400,FYS,local_county,1,1
2100506,21,21005,330000,浙江省,杭州市,建德市,建德,jiandeshi,jiande,311600,JDS,local_county,1,1
2100507,21,21005,330000,浙江省,杭州市,拱墅区,拱墅,gongshuqu,gongshu,310000,GSQ,local_county,1,1
2100508,21,21005,330000,浙江省,杭州市,桐庐县,桐庐,tongluxian,tonglu,311500,TLX,local_county,1,1
2100509,21,21005,330000,浙江省,杭州市,江干区,江干,jiangganqu,jianggan,310000,JGQ,local_county,1,1
2100510,21,21005,330000,浙江省,杭州市,淳安县,淳安,chunanxian,chunan,311700,CAX,local_county,1,1
2100511,21,21005,330000,浙江省,杭州市,滨江区,滨江,binjiangqu,binjiang,310000,BJQ,local_county,1,1
2100512,21,21005,330000,浙江省,杭州市,萧山区,萧山,xiaoshanqu,xiaoshan,311200,XSQ,local_county,1,1
2100513,21,21005,330000,浙江省,杭州市,西湖区,西湖,xihuqu,xihu,310000,XHQ,local_county,1,1
2100601,21,21006,330000,浙江省,温州市,乐清市,乐清,yueqingshi,yueqing,325600,LQS,local_county,1,1
2100602,21,21006,330000,浙江省,温州市,平阳县,平阳,pingyangxian,pingyang,325400,PYX,local_county,1,1
2100603,21,21006,330000,浙江省,温州市,文成县,文成,wenchengxian,wencheng,325300,WCX,local_county,1,1
2100604,21,21006,330000,浙江省,温州市,永嘉县,永嘉,yongjiaxian,yongjia,325100,YJX,local_county,1,1
2100605,21,21006,330000,浙江省,温州市,泰顺县,泰顺,taishunxian,taishun,325500,TSX,local_county,1,1
2100606,21,21006,330000,浙江省,温州市,洞头县,洞头,dongtouxian,dongtou,325700,DTX,local_county,0,0
2100607,21,21006,330000,浙江省,温州市,瑞安市,瑞安,ruianshi,ruian,325200,RAS,local_county,1,1
2100608,21,21006,330000,浙江省,温州市,瓯海区,瓯海,ouhaiqu,ouhai,325000,HQ,local_county,1,1
2100609,21,21006,330000,浙江省,温州市,苍南县,苍南,cangnanxian,cangnan,325800,CNX,local_county,1,1
2100610,21,21006,330000,浙江省,温州市,鹿城区,鹿城,luchengqu,lucheng,325000,LCQ,local_county,1,1
2100611,21,21006,330000,浙江省,温州市,龙湾区,龙湾,longwanqu,longwan,325000,LWQ,local_county,1,1
2100701,21,21007,330000,浙江省,湖州市,南浔区,南浔,nanxunqu,nanxun,313000,NQ,local_county,1,1
2100702,21,21007,330000,浙江省,湖州市,吴兴区,吴兴,wuxingqu,wuxing,313000,WXQ,local_county,1,1
2100703,21,21007,330000,浙江省,湖州市,安吉县,安吉,anjixian,anji,313300,AJX,local_county,1,1
2100704,21,21007,330000,浙江省,湖州市,德清县,德清,deqingxian,deqing,313200,DQX,local_county,1,1
2100705,21,21007,330000,浙江省,湖州市,长兴县,长兴,changxingxian,changxing,313100,CXX,local_county,1,1
2100801,21,21008,330000,浙江省,绍兴市,上虞市,上虞,shangyushi,shangyu,312300,SYS,local_county,1,1
2100802,21,21008,330000,浙江省,绍兴市,嵊州市,嵊州,shengzhoushi,shengzhou,312400,ZS,local_county,1,1
2100803,21,21008,330000,浙江省,绍兴市,新昌县,新昌,xinchangxian,xinchang,312500,XCX,local_county,1,1
2100804,21,21008,330000,浙江省,绍兴市,绍兴县,绍兴,shaoxingxian,shaoxing,312000,SXX,local_county,0,0
2100805,21,21008,330000,浙江省,绍兴市,诸暨市,诸暨,zhujishi,zhuji,311800,ZS,local_county,1,1
2100806,21,21008,330000,浙江省,绍兴市,越城区,越城,yuechengqu,yuecheng,312000,YCQ,local_county,1,1
2100901,21,21009,330000,浙江省,舟山市,定海区,定海,dinghaiqu,dinghai,316000,DHQ,local_county,1,1
2100902,21,21009,330000,浙江省,舟山市,岱山县,岱山,daishanxian,daishan,316200,SX,local_county,1,1
2100903,21,21009,330000,浙江省,舟山市,嵊泗县,嵊泗,shengsixian,shengsi,202450,X,local_county,1,1
2100904,21,21009,330000,浙江省,舟山市,普陀区,普陀,putuoqu,putuo,200000,PTQ,local_county,1,1
2101001,21,21010,330000,浙江省,衢州市,常山县,常山,changshanxian,changshan,324200,CSX,local_county,1,1
2101002,21,21010,330000,浙江省,衢州市,开化县,开化,kaihuaxian,kaihua,324300,KHX,local_county,1,1
2101003,21,21010,330000,浙江省,衢州市,柯城区,柯城,kechengqu,kecheng,324000,KCQ,local_county,1,1
2101004,21,21010,330000,浙江省,衢州市,江山市,江山,jiangshanshi,jiangshan,324100,JSS,local_county,1,1
2101005,21,21010,330000,浙江省,衢州市,衢江区,衢江,qujiangqu,qujiang,324000,JQ,local_county,1,1
2101006,21,21010,330000,浙江省,衢州市,龙游县,龙游,longyouxian,longyou,324400,LYX,local_county,1,1
2101101,21,21011,330000,浙江省,金华市,东阳市,东阳,dongyangshi,dongyang,322100,DYS,local_county,1,1
2101102,21,21011,330000,浙江省,金华市,义乌市,义乌,yiwushi,yiwu,322000,YWS,local_county,1,1
2101103,21,21011,330000,浙江省,金华市,兰溪市,兰溪,lanxishi,lanxi,321100,LXS,local_county,1,1
2101104,21,21011,330000,浙江省,金华市,婺城区,婺城,wuchengqu,wucheng,321000,CQ,local_county,1,1
2101105,21,21011,330000,浙江省,金华市,武义县,武义,wuyixian,wuyi,321200,WYX,local_county,1,1
2101106,21,21011,330000,浙江省,金华市,永康市,永康,yongkangshi,yongkang,321300,YKS,local_county,1,1
2101107,21,21011,330000,浙江省,金华市,浦江县,浦江,pujiangxian,pujiang,322200,PJX,local_county,1,1
2101108,21,21011,330000,浙江省,金华市,磐安县,磐安,pananxian,panan,322300,PAX,local_county,1,1
2101109,21,21011,330000,浙江省,金华市,金东区,金东,jindongqu,jindong,321000,JDQ,local_county,1,1
3400101,34,34001,460000,海南省,万宁市,万宁市,万宁,wanningshi,wanning,571500,WNS,local_county,0,0
3400201,34,34002,460000,海南省,三亚市,三亚市,三亚,sanyashi,sanya,572000,SYS,local_county,0,0
3400301,34,34003,460000,海南省,东方市,东方市,东方,dongfangshi,dongfang,572600,DFS,local_county,0,0
3400401,34,34004,460000,海南省,中沙群岛,中沙群岛,中沙群岛,zhongshaqundao,zhongshaqundao,572600,ZSQD,local_county,0,0
3400501,34,34005,460000,海南省,临高县,临高县,临高,lingaoxian,lingao,571800,LGX,local_county,0,0
3400601,34,34006,460000,海南省,乐东黎族自治县,乐东黎族自治县,乐东黎族,ledonglizuzizhixian,ledonglizu,571900,LDLZZZX,local_county,0,0
3400701,34,34007,460000,海南省,五指山市,五指山市,五指山,wuzhishanshi,wuzhishan,572200,WZSS,local_county,0,0
3400801,34,34008,460000,海南省,保亭黎族苗族自治县,保亭黎族苗族自治县,保亭黎族苗族,baotinglizumiaozuzizhixian,baotinglizumiaozu,572300,BTLZMZZZX,local_county,0,0
3400901,34,34009,460000,海南省,儋州市,儋州市,儋州,danzhoushi,danzhou,571700,ZS,local_county,0,0
3401001,34,34010,460000,海南省,南沙群岛,南沙群岛,南沙群岛,nanshaqundao,nanshaqundao,571700,NSQD,local_county,0,0
3401101,34,34011,460000,海南省,定安县,定安县,定安,dinganxian,dingan,571200,DAX,local_county,0,0
3401201,34,34012,460000,海南省,屯昌县,屯昌县,屯昌,tunchangxian,tunchang,571600,TCX,local_county,0,0
3401301,34,34013,460000,海南省,文昌市,文昌市,文昌,wenchangshi,wenchang,571300,WCS,local_county,0,0
3401401,34,34014,460000,海南省,昌江黎族自治县,昌江黎族自治县,昌江黎族,changjianglizuzizhixian,changjianglizu,571600,CJLZZZX,local_county,0,0
3401501,34,34015,460000,海南省,海口市,琼山区,琼山,qiongshanqu,qiongshan,571100,QSQ,local_county,1,1
3401502,34,34015,460000,海南省,海口市,秀英区,秀英,xiuyingqu,xiuying,570100,XYQ,local_county,1,1
3401503,34,34015,460000,海南省,海口市,美兰区,美兰,meilanqu,meilan,570100,MLQ,local_county,1,1
3401504,34,34015,460000,海南省,海口市,龙华区,龙华,longhuaqu,longhua,570100,LHQ,local_county,1,1
3401601,34,34016,460000,海南省,澄迈县,澄迈县,澄迈,chengmaixian,chengmai,571900,CMX,local_county,0,0
3401701,34,34017,460000,海南省,琼中黎族苗族自治县,琼中黎族苗族自治县,琼中黎族苗族,qiongzhonglizumiaozuzizhixian,qiongzhonglizumiaozu,572800,QZLZMZZZX,local_county,0,0
3401801,34,34018,460000,海南省,琼海市,琼海市,琼海,qionghaishi,qionghai,571400,QHS,local_county,0,0
3401901,34,34019,460000,海南省,白沙黎族自治县,白沙黎族自治县,白沙黎族,baishalizuzizhixian,baishalizu,571200,BSLZZZX,local_county,0,0
3402001,34,34020,460000,海南省,西沙群岛,西沙群岛,西沙群岛,xishaqundao,xishaqundao,572700,XSQD,local_county,0,0
3402101,34,34021,460000,海南省,陵水黎族自治县,陵水黎族自治县,陵水黎族,lingshuilizuzizhixian,lingshuilizu,571800,LSLZZZX,local_county,0,0
1500101,15,15001,420000,湖北省,十堰市,丹江口市,丹江口,danjiangkoushi,danjiangkou,442700,DJKS,local_county,1,1
1500102,15,15001,420000,湖北省,十堰市,张湾区,张湾,zhangwanqu,zhangwan,442000,ZWQ,local_county,1,1
1500103,15,15001,420000,湖北省,十堰市,房县,房,fangxian,fang,442100,FX,local_county,1,1
1500104,15,15001,420000,湖北省,十堰市,竹山县,竹山,zhushanxian,zhushan,442200,ZSX,local_county,1,1
1500105,15,15001,420000,湖北省,十堰市,竹溪县,竹溪,zhuxixian,zhuxi,442300,ZXX,local_county,1,1
1500106,15,15001,420000,湖北省,十堰市,茅箭区,茅箭,maojianqu,maojian,442000,JQ,local_county,1,1
1500107,15,15001,420000,湖北省,十堰市,郧县,郧,yunxian,yun,442500,YX,local_county,1,1
1500108,15,15001,420000,湖北省,十堰市,郧西县,郧西,yunxixian,yunxi,442600,YXX,local_county,1,1
1500201,15,15002,420000,湖北省,咸宁市,咸安区,咸安,xiananqu,xianan,437000,XAQ,local_county,1,1
1500202,15,15002,420000,湖北省,咸宁市,嘉鱼县,嘉鱼,jiayuxian,jiayu,437200,JYX,local_county,1,1
1500203,15,15002,420000,湖北省,咸宁市,崇阳县,崇阳,chongyangxian,chongyang,437500,CYX,local_county,1,1
1500204,15,15002,420000,湖北省,咸宁市,赤壁市,赤壁,chibishi,chibi,437300,CBS,local_county,1,1
1500205,15,15002,420000,湖北省,咸宁市,通城县,通城,tongchengxian,tongcheng,437400,TCX,local_county,1,1
1500206,15,15002,420000,湖北省,咸宁市,通山县,通山,tongshanxian,tongshan,437600,TSX,local_county,1,1
1500301,15,15003,420000,湖北省,孝感市,云梦县,云梦,yunmengxian,yunmeng,432500,YMX,local_county,1,1
1500302,15,15003,420000,湖北省,孝感市,大悟县,大悟,dawuxian,dawu,432800,DWX,local_county,1,1
1500303,15,15003,420000,湖北省,孝感市,孝南区,孝南,xiaonanqu,xiaonan,432100,NQ,local_county,1,1
1500304,15,15003,420000,湖北省,孝感市,孝昌县,孝昌,xiaochangxian,xiaochang,432900,CX,local_county,1,1
1500305,15,15003,420000,湖北省,孝感市,安陆市,安陆,anlushi,anlu,432600,ALS,local_county,1,1
1500306,15,15003,420000,湖北省,孝感市,应城市,应城,yingchengshi,yingcheng,432400,YCS,local_county,1,1
1500307,15,15003,420000,湖北省,孝感市,汉川市,汉川,hanchuanshi,hanchuan,432300,HCS,local_county,1,1
1500401,15,15004,420000,湖北省,宜昌市,五峰土家族自治县,五峰土家族,wufengtujiazuzizhixian,wufengtujiazu,443400,WFTJZZZX,local_county,1,1
1500402,15,15004,420000,湖北省,宜昌市,伍家岗区,伍家岗,wujiagangqu,wujiagang,443000,WJGQ,local_county,1,1
1500403,15,15004,420000,湖北省,宜昌市,兴山县,兴山,xingshanxian,xingshan,443700,XSX,local_county,1,1
1500404,15,15004,420000,湖北省,宜昌市,夷陵区,夷陵,yilingqu,yiling,443100,YLQ,local_county,1,1
1500405,15,15004,420000,湖北省,宜昌市,宜都市,宜都,yidushi,yidou,443000,YDS,local_county,1,1
1500406,15,15004,420000,湖北省,宜昌市,当阳市,当阳,dangyangshi,dangyang,444100,DYS,local_county,1,1
1500407,15,15004,420000,湖北省,宜昌市,枝江市,枝江,zhijiangshi,zhijiang,443200,ZJS,local_county,1,1
1500408,15,15004,420000,湖北省,宜昌市,点军区,点军,dianjunqu,dianjun,443000,DJQ,local_county,1,1
1500409,15,15004,420000,湖北省,宜昌市,猇亭区,猇亭,xiaotingqu,xiaoting,443000,TQ,local_county,1,1
1500410,15,15004,420000,湖北省,宜昌市,秭归县,秭归,ziguixian,zigui,443600,GX,local_county,1,1
1500411,15,15004,420000,湖北省,宜昌市,西陵区,西陵,xilingqu,xiling,443000,XLQ,local_county,1,1
1500412,15,15004,420000,湖北省,宜昌市,远安县,远安,yuananxian,yuanan,444200,YAX,local_county,1,1
1500413,15,15004,420000,湖北省,宜昌市,长阳土家族自治县,长阳土家族,zhangyangtujiazuzizhixian,zhangyangtujiazu,443500,CYTJZZZX,local_county,1,1
1500501,15,15005,420000,湖北省,恩施土家族苗族自治州,利川市,利川,lichuanshi,lichuan,445400,LCS,local_county,1,1
1500502,15,15005,420000,湖北省,恩施土家族苗族自治州,咸丰县,咸丰,xianfengxian,xianfeng,445600,XFX,local_county,1,1
1500503,15,15005,420000,湖北省,恩施土家族苗族自治州,宣恩县,宣恩,xuanenxian,xuanen,445500,XEX,local_county,1,1
1500504,15,15005,420000,湖北省,恩施土家族苗族自治州,巴东县,巴东,badongxian,badong,444300,BDX,local_county,1,1
1500505,15,15005,420000,湖北省,恩施土家族苗族自治州,建始县,建始,jianshixian,jianshi,445300,JSX,local_county,1,1
1500506,15,15005,420000,湖北省,恩施土家族苗族自治州,恩施市,恩施,enshishi,enshi,445000,ESS,local_county,1,1
1500507,15,15005,420000,湖北省,恩施土家族苗族自治州,来凤县,来凤,laifengxian,laifeng,445700,LFX,local_county,1,1
1500508,15,15005,420000,湖北省,恩施土家族苗族自治州,鹤峰县,鹤峰,hefengxian,hefeng,445800,HFX,local_county,1,1
1500601,15,15006,420000,湖北省,武汉市,东西湖区,东西湖,dongxihuqu,dongxihu,430040,DXHQ,local_county,1,1
1500602,15,15006,420000,湖北省,武汉市,新洲区,新洲,xinzhouqu,xinzhou,431400,XZQ,local_county,1,1
1500603,15,15006,420000,湖北省,武汉市,武昌区,武昌,wuchangqu,wuchang,430000,WCQ,local_county,1,1
1500604,15,15006,420000,湖北省,武汉市,汉南区,汉南,hannanqu,hannan,430090,HNQ,local_county,1,1
1500605,15,15006,420000,湖北省,武汉市,汉阳区,汉阳,hanyangqu,hanyang,430050,HYQ,local_county,1,1
1500606,15,15006,420000,湖北省,武汉市,江夏区,江夏,jiangxiaqu,jiangxia,430200,JXQ,local_county,1,1
1500607,15,15006,420000,湖北省,武汉市,江岸区,江岸,jianganqu,jiangan,430014,JAQ,local_county,1,1
1500608,15,15006,420000,湖北省,武汉市,江汉区,江汉,jianghanqu,jianghan,430000,JHQ,local_county,1,1
1500609,15,15006,420000,湖北省,武汉市,洪山区,洪山,hongshanqu,hongshan,430070,HSQ,local_county,1,1
1500610,15,15006,420000,湖北省,武汉市,硚口区,硚口,qiaokouqu,qiaokou,430000,CKQ,local_county,1,1
1500611,15,15006,420000,湖北省,武汉市,蔡甸区,蔡甸,caidianqu,caidian,430100,CDQ,local_county,1,1
1500612,15,15006,420000,湖北省,武汉市,青山区,青山,qingshanqu,qingshan,014000,QSQ,local_county,1,1
1500613,15,15006,420000,湖北省,武汉市,黄陂区,黄陂,huangpiqu,huangpi,432200,HQ,local_county,1,1
1500801,15,15008,420000,湖北省,荆州市,公安县,公安,gonganxian,gongan,434300,GAX,local_county,1,1
1500802,15,15008,420000,湖北省,荆州市,松滋市,松滋,songzishi,songzi,434200,SZS,local_county,1,1
1500803,15,15008,420000,湖北省,荆州市,江陵县,江陵,jianglingxian,jiangling,434100,JLX,local_county,1,1
1500804,15,15008,420000,湖北省,荆州市,沙市区,沙市,shashiqu,shashi,434000,SSQ,local_county,1,1
1500805,15,15008,420000,湖北省,荆州市,洪湖市,洪湖,honghushi,honghu,433200,HHS,local_county,1,1
1500806,15,15008,420000,湖北省,荆州市,监利县,监利,jianlixian,jianli,433300,JLX,local_county,1,1
1500807,15,15008,420000,湖北省,荆州市,石首市,石首,shishoushi,shishou,434400,SSS,local_county,1,1
1500808,15,15008,420000,湖北省,荆州市,荆州区,荆州,jingzhouqu,jingzhou,434020,JZQ,local_county,1,1
1500901,15,15009,420000,湖北省,荆门市,东宝区,东宝,dongbaoqu,dongbao,448000,DBQ,local_county,1,1
1500902,15,15009,420000,湖北省,荆门市,京山县,京山,jingshanxian,jingshan,431800,JSX,local_county,1,1
1500903,15,15009,420000,湖北省,荆门市,掇刀区,掇刀,duodaoqu,duodao,448000,DDQ,local_county,1,1
1500904,15,15009,420000,湖北省,荆门市,沙洋县,沙洋,shayangxian,shayang,448200,SYX,local_county,1,1
1500905,15,15009,420000,湖北省,荆门市,钟祥市,钟祥,zhongxiangshi,zhongxiang,431900,ZXS,local_county,1,1
1501001,15,15010,420000,湖北省,襄樊市,保康县,保康,baokangxian,baokang,441600,BKX,local_county,0,0
1501002,15,15010,420000,湖北省,襄樊市,南漳县,南漳,nanzhangxian,nanzhang,441500,NZX,local_county,0,0
1501003,15,15010,420000,湖北省,襄樊市,宜城市,宜城,yichengshi,yicheng,441400,YCS,local_county,0,0
1501004,15,15010,420000,湖北省,襄樊市,枣阳市,枣阳,zaoyangshi,zaoyang,441200,ZYS,local_county,0,0
1501005,15,15010,420000,湖北省,襄樊市,樊城区,樊城,fanchengqu,fancheng,441000,FCQ,local_county,0,0
1501006,15,15010,420000,湖北省,襄樊市,老河口市,老河口,laohekoushi,laohekou,441800,LHKS,local_county,0,0
1501007,15,15010,420000,湖北省,襄樊市,襄城区,襄城,xiangchengqu,xiangcheng,441000,XCQ,local_county,0,0
1501008,15,15010,420000,湖北省,襄樊市,襄阳区,襄阳,xiangyangqu,xiangyang,441100,XYQ,local_county,0,0
1501009,15,15010,420000,湖北省,襄樊市,谷城县,谷城,guchengxian,gucheng,441700,GCX,local_county,0,0
1501101,15,15011,420000,湖北省,鄂州市,华容区,华容,huarongqu,huarong,436000,HRQ,local_county,1,1
1501102,15,15011,420000,湖北省,鄂州市,梁子湖区,梁子湖,liangzihuqu,liangzihu,436000,LZHQ,local_county,1,1
1501103,15,15011,420000,湖北省,鄂州市,鄂城区,鄂城,echengqu,echeng,436000,ECQ,local_county,1,1
1501201,15,15012,420000,湖北省,随州市,广水市,广水,guangshuishi,guangshui,432700,GSS,local_county,1,1
1501202,15,15012,420000,湖北省,随州市,曾都区,曾都,cengdouqu,cengdou,441300,ZDQ,local_county,1,1
1501203,15,15012,420000,湖北省,随州市,随县,随,suixian,sui,00,SX,local_county,1,1
1501301,15,15013,420000,湖北省,黄冈市,团风县,团风,tuanfengxian,tuanfeng,438000,TFX,local_county,1,1
1501302,15,15013,420000,湖北省,黄冈市,武穴市,武穴,wuxueshi,wuxue,435400,WXS,local_county,1,1
1501303,15,15013,420000,湖北省,黄冈市,浠水县,浠水,xishuixian,xishui,438200,SX,local_county,1,1
1501304,15,15013,420000,湖北省,黄冈市,红安县,红安,honganxian,hongan,438400,HAX,local_county,1,1
1501305,15,15013,420000,湖北省,黄冈市,罗田县,罗田,luotianxian,luotian,438600,LTX,local_county,1,1
1501306,15,15013,420000,湖北省,黄冈市,英山县,英山,yingshanxian,yingshan,438700,YSX,local_county,1,1
1501307,15,15013,420000,湖北省,黄冈市,蕲春县,蕲春,qichunxian,qichun,435300,CX,local_county,1,1
1501308,15,15013,420000,湖北省,黄冈市,麻城市,麻城,machengshi,macheng,438300,MCS,local_county,1,1
1501309,15,15013,420000,湖北省,黄冈市,黄州区,黄州,huangzhouqu,huangzhou,438000,HZQ,local_county,1,1
1501310,15,15013,420000,湖北省,黄冈市,黄梅县,黄梅,huangmeixian,huangmei,435500,HX,local_county,1,1
1501401,15,15014,420000,湖北省,黄石市,下陆区,下陆,xialuqu,xialu,435000,XLQ,local_county,1,1
1501402,15,15014,420000,湖北省,黄石市,大冶市,大冶,dayeshi,daye,435100,DYS,local_county,1,1
1501403,15,15014,420000,湖北省,黄石市,西塞山区,西塞山,xisaishanqu,xisaishan,435000,XSSQ,local_county,1,1
1501404,15,15014,420000,湖北省,黄石市,铁山区,铁山,tieshanqu,tieshan,435000,TSQ,local_county,1,1
1501405,15,15014,420000,湖北省,黄石市,阳新县,阳新,yangxinxian,yangxin,435200,YXX,local_county,1,1
1501406,15,15014,420000,湖北省,黄石市,黄石港区,黄石港,huangshigangqu,huangshigang,435000,HSGQ,local_county,1,1
3700101,37,37001,430000,湖南省,娄底市,冷水江市,冷水江,lengshuijiangshi,lengshuijiang,417500,LSJS,local_county,1,1
3700102,37,37001,430000,湖南省,娄底市,双峰县,双峰,shuangfengxian,shuangfeng,417700,SFX,local_county,1,1
3700103,37,37001,430000,湖南省,娄底市,娄星区,娄星,louxingqu,louxing,417000,LXQ,local_county,1,1
3700104,37,37001,430000,湖南省,娄底市,新化县,新化,xinhuaxian,xinhua,417600,XHX,local_county,1,1
3700105,37,37001,430000,湖南省,娄底市,涟源市,涟源,lianyuanshi,lianyuan,417100,LYS,local_county,1,1
3700201,37,37002,430000,湖南省,岳阳市,临湘市,临湘,linxiangshi,linxiang,414300,LXS,local_county,1,1
3700202,37,37002,430000,湖南省,岳阳市,云溪区,云溪,yunxiqu,yunxi,414000,YXQ,local_county,1,1
3700203,37,37002,430000,湖南省,岳阳市,华容县,华容,huarongxian,huarong,414200,HRX,local_county,1,1
3700204,37,37002,430000,湖南省,岳阳市,君山区,君山,junshanqu,junshan,414000,JSQ,local_county,1,1
3700205,37,37002,430000,湖南省,岳阳市,岳阳县,岳阳,yueyangxian,yueyang,414100,YYX,local_county,1,1
3700206,37,37002,430000,湖南省,岳阳市,岳阳楼区,岳阳楼,yueyanglouqu,yueyanglou,414000,YYLQ,local_county,1,1
3700207,37,37002,430000,湖南省,岳阳市,平江县,平江,pingjiangxian,pingjiang,410400,PJX,local_county,1,1
3700208,37,37002,430000,湖南省,岳阳市,汨罗市,汨罗,miluoshi,miluo,414400,LS,local_county,1,1
3700209,37,37002,430000,湖南省,岳阳市,湘阴县,湘阴,xiangyinxian,xiangyin,410500,XYX,local_county,1,1
3700301,37,37003,430000,湖南省,常德市,临澧县,临澧,linlixian,linli,415200,LX,local_county,1,1
3700302,37,37003,430000,湖南省,常德市,安乡县,安乡,anxiangxian,anxiang,415600,AXX,local_county,1,1
3700303,37,37003,430000,湖南省,常德市,桃源县,桃源,taoyuanxian,taoyuan,415700,TYX,local_county,1,1
3700304,37,37003,430000,湖南省,常德市,武陵区,武陵,wulingqu,wuling,415000,WLQ,local_county,1,1
3700305,37,37003,430000,湖南省,常德市,汉寿县,汉寿,hanshouxian,hanshou,415900,HSX,local_county,1,1
3700306,37,37003,430000,湖南省,常德市,津市市,津市,jinshishi,jinshi,415400,JSS,local_county,1,1
3700307,37,37003,430000,湖南省,常德市,澧县,澧,lixian,li,415500,X,local_county,1,1
3700308,37,37003,430000,湖南省,常德市,石门县,石门,shimenxian,shimen,415300,SMX,local_county,1,1
3700309,37,37003,430000,湖南省,常德市,鼎城区,鼎城,dingchengqu,dingcheng,415100,DCQ,local_county,1,1
3700401,37,37004,430000,湖南省,张家界市,慈利县,慈利,cilixian,cili,427200,CLX,local_county,1,1
3700402,37,37004,430000,湖南省,张家界市,桑植县,桑植,sangzhixian,sangzhi,427100,SZX,local_county,1,1
3700403,37,37004,430000,湖南省,张家界市,武陵源区,武陵源,wulingyuanqu,wulingyuan,427400,WLYQ,local_county,1,1
3700404,37,37004,430000,湖南省,张家界市,永定区,永定,yongdingqu,yongding,427000,YDQ,local_county,1,1
3700501,37,37005,430000,湖南省,怀化市,中方县,中方,zhongfangxian,zhongfang,418000,ZFX,local_county,1,1
3700502,37,37005,430000,湖南省,怀化市,会同县,会同,huitongxian,huitong,418300,HTX,local_county,1,1
3700503,37,37005,430000,湖南省,怀化市,新晃侗族自治县,新晃侗族,xinhuangdongzuzizhixian,xinhuangdongzu,419200,XHDZZZX,local_county,1,1
3700504,37,37005,430000,湖南省,怀化市,沅陵县,沅陵,yuanlingxian,yuanling,419600,LX,local_county,1,1
3700505,37,37005,430000,湖南省,怀化市,洪江市,洪江,hongjiangshi,hongjiang,418200,HJS,local_county,1,1
3700506,37,37005,430000,湖南省,怀化市,溆浦县,溆浦,xupuxian,xupu,419300,PX,local_county,1,1
3700507,37,37005,430000,湖南省,怀化市,芷江侗族自治县,芷江侗族,zhijiangdongzuzizhixian,zhijiangdongzu,419100,JDZZZX,local_county,1,1
3700508,37,37005,430000,湖南省,怀化市,辰溪县,辰溪,chenxixian,chenxi,419500,CXX,local_county,1,1
3700509,37,37005,430000,湖南省,怀化市,通道侗族自治县,通道侗族,tongdaodongzuzizhixian,tongdaodongzu,418500,TDDZZZX,local_county,1,1
3700510,37,37005,430000,湖南省,怀化市,靖州苗族侗族自治县,靖州苗族侗族,jingzhoumiaozudongzuzizhixian,jingzhoumiaozudongzu,418400,JZMZDZZZX,local_county,1,1
3700511,37,37005,430000,湖南省,怀化市,鹤城区,鹤城,hechengqu,hecheng,418000,HCQ,local_county,1,1
3700512,37,37005,430000,湖南省,怀化市,麻阳苗族自治县,麻阳苗族,mayangmiaozuzizhixian,mayangmiaozu,419400,MYMZZZX,local_county,1,1
3700601,37,37006,430000,湖南省,株洲市,天元区,天元,tianyuanqu,tianyuan,412000,TYQ,local_county,1,1
3700602,37,37006,430000,湖南省,株洲市,攸县,攸,youxian,you,412300,X,local_county,1,1
3700603,37,37006,430000,湖南省,株洲市,株洲县,株洲,zhuzhouxian,zhuzhou,412000,ZZX,local_county,1,1
3700604,37,37006,430000,湖南省,株洲市,炎陵县,炎陵,yanlingxian,yanling,412500,YLX,local_county,1,1
3700605,37,37006,430000,湖南省,株洲市,石峰区,石峰,shifengqu,shifeng,412000,SFQ,local_county,1,1
3700606,37,37006,430000,湖南省,株洲市,芦淞区,芦淞,lusongqu,lusong,412000,LQ,local_county,1,1
3700607,37,37006,430000,湖南省,株洲市,茶陵县,茶陵,chalingxian,chaling,412400,CLX,local_county,1,1
3700608,37,37006,430000,湖南省,株洲市,荷塘区,荷塘,hetangqu,hetang,412000,HTQ,local_county,1,1
3700609,37,37006,430000,湖南省,株洲市,醴陵市,醴陵,lilingshi,liling,412200,LS,local_county,1,1
3700701,37,37007,430000,湖南省,永州市,东安县,东安,donganxian,dongan,425900,DAX,local_county,1,1
3700702,37,37007,430000,湖南省,永州市,冷水滩区,冷水滩,lengshuitanqu,lengshuitan,425000,LSTQ,local_county,1,1
3700703,37,37007,430000,湖南省,永州市,双牌县,双牌,shuangpaixian,shuangpai,425200,SPX,local_county,1,1
3700704,37,37007,430000,湖南省,永州市,宁远县,宁远,ningyuanxian,ningyuan,425600,NYX,local_county,1,1
3700705,37,37007,430000,湖南省,永州市,新田县,新田,xintianxian,xintian,425700,XTX,local_county,1,1
3700706,37,37007,430000,湖南省,永州市,江华瑶族自治县,江华瑶族,jianghuayaozuzizhixian,jianghuayaozu,425500,JHYZZZX,local_county,1,1
3700707,37,37007,430000,湖南省,永州市,江永县,江永,jiangyongxian,jiangyong,425400,JYX,local_county,1,1
3700708,37,37007,430000,湖南省,永州市,祁阳县,祁阳,qiyangxian,qiyang,421700,QYX,local_county,1,1
3700709,37,37007,430000,湖南省,永州市,芝山区,芝山,zhishanqu,zhishan,421700,ZSQ,local_county,0,0
3700710,37,37007,430000,湖南省,永州市,蓝山县,蓝山,lanshanxian,lanshan,425800,LSX,local_county,1,1
3700711,37,37007,430000,湖南省,永州市,道县,道,daoxian,dao,425300,DX,local_county,1,1
3700712,37,37007,430000,湖南省,永州市,零陵区,零陵,linglingqu,lingling,425000,LLQ,local_county,1,1
3700801,37,37008,430000,湖南省,湘潭市,岳塘区,岳塘,yuetangqu,yuetang,411100,YTQ,local_county,1,1
3700802,37,37008,430000,湖南省,湘潭市,湘乡市,湘乡,xiangxiangshi,xiangxiang,411400,XXS,local_county,1,1
3700803,37,37008,430000,湖南省,湘潭市,湘潭县,湘潭,xiangtanxian,xiangtan,411200,XTX,local_county,1,1
3700804,37,37008,430000,湖南省,湘潭市,雨湖区,雨湖,yuhuqu,yuhu,411100,YHQ,local_county,1,1
3700805,37,37008,430000,湖南省,湘潭市,韶山市,韶山,shaoshanshi,shaoshan,411300,SSS,local_county,1,1
3700901,37,37009,430000,湖南省,湘西土家族苗族自治州,保靖县,保靖,baojingxian,baojing,416500,BJX,local_county,1,1
3700902,37,37009,430000,湖南省,湘西土家族苗族自治州,凤凰县,凤凰,fenghuangxian,fenghuang,416200,FHX,local_county,1,1
3700903,37,37009,430000,湖南省,湘西土家族苗族自治州,古丈县,古丈,guzhangxian,guzhang,416300,GZX,local_county,1,1
3700904,37,37009,430000,湖南省,湘西土家族苗族自治州,吉首市,吉首,jishoushi,jishou,416000,JSS,local_county,1,1
3700905,37,37009,430000,湖南省,湘西土家族苗族自治州,永顺县,永顺,yongshunxian,yongshun,416700,YSX,local_county,1,1
3700906,37,37009,430000,湖南省,湘西土家族苗族自治州,泸溪县,泸溪,luxixian,luxi,416100,XX,local_county,1,1
3700907,37,37009,430000,湖南省,湘西土家族苗族自治州,花垣县,花垣,huayuanxian,huayuan,416400,HYX,local_county,1,1
3700908,37,37009,430000,湖南省,湘西土家族苗族自治州,龙山县,龙山,longshanxian,longshan,416800,LSX,local_county,1,1
3701001,37,37010,430000,湖南省,益阳市,南县,南,nanxian,nan,413200,NX,local_county,1,1
3701002,37,37010,430000,湖南省,益阳市,安化县,安化,anhuaxian,anhua,413500,AHX,local_county,1,1
3701003,37,37010,430000,湖南省,益阳市,桃江县,桃江,taojiangxian,taojiang,413400,TJX,local_county,1,1
3701004,37,37010,430000,湖南省,益阳市,沅江市,沅江,yuanjiangshi,yuanjiang,413100,JS,local_county,1,1
3701005,37,37010,430000,湖南省,益阳市,资阳区,资阳,ziyangqu,ziyang,413000,ZYQ,local_county,1,1
3701006,37,37010,430000,湖南省,益阳市,赫山区,赫山,heshanqu,heshan,413000,HSQ,local_county,1,1
3701101,37,37011,430000,湖南省,衡阳市,南岳区,南岳,nanyuequ,nanyue,421000,NYQ,local_county,1,1
3701102,37,37011,430000,湖南省,衡阳市,常宁市,常宁,changningshi,changning,421500,CNS,local_county,1,1
3701103,37,37011,430000,湖南省,衡阳市,珠晖区,珠晖,zhuhuiqu,zhuhui,421000,ZQ,local_county,1,1
3701104,37,37011,430000,湖南省,衡阳市,石鼓区,石鼓,shiguqu,shigu,421000,SGQ,local_county,1,1
3701105,37,37011,430000,湖南省,衡阳市,祁东县,祁东,qidongxian,qidong,421600,QDX,local_county,1,1
3701106,37,37011,430000,湖南省,衡阳市,耒阳市,耒阳,leiyangshi,leiyang,421800,YS,local_county,1,1
3701107,37,37011,430000,湖南省,衡阳市,蒸湘区,蒸湘,zhengxiangqu,zhengxiang,421000,ZXQ,local_county,1,1
3701108,37,37011,430000,湖南省,衡阳市,衡东县,衡东,hengdongxian,hengdong,421400,HDX,local_county,1,1
3701109,37,37011,430000,湖南省,衡阳市,衡南县,衡南,hengnanxian,hengnan,421100,HNX,local_county,1,1
3701110,37,37011,430000,湖南省,衡阳市,衡山县,衡山,hengshanxian,hengshan,421300,HSX,local_county,1,1
3701111,37,37011,430000,湖南省,衡阳市,衡阳县,衡阳,hengyangxian,hengyang,421200,HYX,local_county,1,1
3701112,37,37011,430000,湖南省,衡阳市,雁峰区,雁峰,yanfengqu,yanfeng,421000,YFQ,local_county,1,1
3701201,37,37012,430000,湖南省,邵阳市,北塔区,北塔,beitaqu,beita,422000,BTQ,local_county,1,1
3701202,37,37012,430000,湖南省,邵阳市,双清区,双清,shuangqingqu,shuangqing,422000,SQQ,local_county,1,1
3701203,37,37012,430000,湖南省,邵阳市,城步苗族自治县,城步苗族,chengbumiaozuzizhixian,chengbumiaozu,422500,CBMZZZX,local_county,1,1
3701204,37,37012,430000,湖南省,邵阳市,大祥区,大祥,daxiangqu,daxiang,422000,DXQ,local_county,1,1
3701205,37,37012,430000,湖南省,邵阳市,新宁县,新宁,xinningxian,xinning,422700,XNX,local_county,1,1
3701206,37,37012,430000,湖南省,邵阳市,新邵县,新邵,xinshaoxian,xinshao,422900,XSX,local_county,1,1
3701207,37,37012,430000,湖南省,邵阳市,武冈市,武冈,wugangshi,wugang,422400,WGS,local_county,1,1
3701208,37,37012,430000,湖南省,邵阳市,洞口县,洞口,dongkouxian,dongkou,422300,DKX,local_county,1,1
3701209,37,37012,430000,湖南省,邵阳市,绥宁县,绥宁,suiningxian,suining,422600,SNX,local_county,1,1
3701210,37,37012,430000,湖南省,邵阳市,邵东县,邵东,shaodongxian,shaodong,422800,SDX,local_county,1,1
3701211,37,37012,430000,湖南省,邵阳市,邵阳县,邵阳,shaoyangxian,shaoyang,422100,SYX,local_county,1,1
3701212,37,37012,430000,湖南省,邵阳市,隆回县,隆回,longhuixian,longhui,422200,LHX,local_county,1,1
3701301,37,37013,430000,湖南省,郴州市,临武县,临武,linwuxian,linwu,424300,LWX,local_county,1,1
3701302,37,37013,430000,湖南省,郴州市,北湖区,北湖,beihuqu,beihu,423000,BHQ,local_county,1,1
3701303,37,37013,430000,湖南省,郴州市,嘉禾县,嘉禾,jiahexian,jiahe,424500,JHX,local_county,1,1
3701304,37,37013,430000,湖南省,郴州市,安仁县,安仁,anrenxian,anren,423600,ARX,local_county,1,1
3701305,37,37013,430000,湖南省,郴州市,宜章县,宜章,yizhangxian,yizhang,424200,YZX,local_county,1,1
3701306,37,37013,430000,湖南省,郴州市,桂东县,桂东,guidongxian,guidong,423500,GDX,local_county,1,1
3701307,37,37013,430000,湖南省,郴州市,桂阳县,桂阳,guiyangxian,guiyang,424400,GYX,local_county,1,1
3701308,37,37013,430000,湖南省,郴州市,永兴县,永兴,yongxingxian,yongxing,423300,YXX,local_county,1,1
3701309,37,37013,430000,湖南省,郴州市,汝城县,汝城,ruchengxian,rucheng,424100,RCX,local_county,1,1
3701310,37,37013,430000,湖南省,郴州市,苏仙区,苏仙,suxianqu,suxian,423000,SXQ,local_county,1,1
3701311,37,37013,430000,湖南省,郴州市,资兴市,资兴,zixingshi,zixing,423400,ZXS,local_county,1,1
3701401,37,37014,430000,湖南省,长沙市,天心区,天心,tianxinqu,tianxin,410000,TXQ,local_county,1,1
3701402,37,37014,430000,湖南省,长沙市,宁乡县,宁乡,ningxiangxian,ningxiang,410600,NXX,local_county,1,1
3701403,37,37014,430000,湖南省,长沙市,岳麓区,岳麓,yueluqu,yuelu,410000,YLQ,local_county,1,1
3701404,37,37014,430000,湖南省,长沙市,开福区,开福,kaifuqu,kaifu,410000,KFQ,local_county,1,1
3701405,37,37014,430000,湖南省,长沙市,望城县,望城,wangchengxian,wangcheng,410200,WCX,local_county,1,1
3701406,37,37014,430000,湖南省,长沙市,浏阳市,浏阳,liuyangshi,liuyang,410300,YS,local_county,1,1
3701407,37,37014,430000,湖南省,长沙市,芙蓉区,芙蓉,furongqu,furong,410000,RQ,local_county,1,1
3701408,37,37014,430000,湖南省,长沙市,长沙县,长沙,changshaxian,changsha,410100,CSX,local_county,1,1
3701409,37,37014,430000,湖南省,长沙市,雨花区,雨花,yuhuaqu,yuhua,410000,YHQ,local_county,1,1
2400101,24,24001,620000,甘肃省,临夏回族自治州,东乡族自治县,东乡族,dongxiangzuzizhixian,dongxiangzu,731400,DXZZZX,local_county,1,1
2400102,24,24001,620000,甘肃省,临夏回族自治州,临夏县,临夏,linxiaxian,linxia,731800,LXX,local_county,1,1
2400103,24,24001,620000,甘肃省,临夏回族自治州,临夏市,临夏,linxiashi,linxia,731100,LXS,local_county,1,1
2400104,24,24001,620000,甘肃省,临夏回族自治州,和政县,和政,hezhengxian,hezheng,731200,HZX,local_county,1,1
2400105,24,24001,620000,甘肃省,临夏回族自治州,广河县,广河,guanghexian,guanghe,731300,GHX,local_county,1,1
2400106,24,24001,620000,甘肃省,临夏回族自治州,康乐县,康乐,kanglexian,kangle,731500,KLX,local_county,1,1
2400107,24,24001,620000,甘肃省,临夏回族自治州,永靖县,永靖,yongjingxian,yongjing,731600,YJX,local_county,1,1
2400108,24,24001,620000,甘肃省,临夏回族自治州,积石山保安族东乡族撒拉族自治县,积石山保安族东乡族撒拉族,jishishanbaoanzudongxiangzusalazuzizhixian,jishishanbaoanzudongxiangzusalazu,731700,JSSBAZDXZS,local_county,1,1
2400201,24,24002,620000,甘肃省,兰州市,七里河区,七里河,qilihequ,qilihe,730050,QLHQ,local_county,1,1
2400202,24,24002,620000,甘肃省,兰州市,城关区,城关,chengguanqu,chengguan,850000,CGQ,local_county,1,1
2400203,24,24002,620000,甘肃省,兰州市,安宁区,安宁,anningqu,anning,730070,ANQ,local_county,1,1
2400204,24,24002,620000,甘肃省,兰州市,榆中县,榆中,yuzhongxian,yuzhong,730100,YZX,local_county,1,1
2400205,24,24002,620000,甘肃省,兰州市,永登县,永登,yongdengxian,yongdeng,730300,YDX,local_county,1,1
2400206,24,24002,620000,甘肃省,兰州市,皋兰县,皋兰,gaolanxian,gaolan,730200,GLX,local_county,1,1
2400207,24,24002,620000,甘肃省,兰州市,红古区,红古,hongguqu,honggu,730080,HGQ,local_county,1,1
2400208,24,24002,620000,甘肃省,兰州市,西固区,西固,xiguqu,xigu,730060,XGQ,local_county,1,1
2400301,24,24003,620000,甘肃省,嘉峪关市,嘉峪关市,嘉峪关,jiayuguanshi,jiayuguan,735100,JYGS,local_county,0,0
2400401,24,24004,620000,甘肃省,天水市,北道区,北道,beidaoqu,beidao,735100,BDQ,local_county,0,0
2400402,24,24004,620000,甘肃省,天水市,张家川回族自治县,张家川回族,zhangjiachuanhuizuzizhixian,zhangjiachuanhuizu,733000,ZJCHZZZX,local_county,1,1
2400403,24,24004,620000,甘肃省,天水市,武山县,武山,wushanxian,wushan,741300,WSX,local_county,1,1
2400404,24,24004,620000,甘肃省,天水市,清水县,清水,qingshuixian,qingshui,741400,QSX,local_county,1,1
2400405,24,24004,620000,甘肃省,天水市,甘谷县,甘谷,ganguxian,gangu,741200,GGX,local_county,1,1
2400406,24,24004,620000,甘肃省,天水市,秦城区,秦城,qinchengqu,qincheng,741200,QCQ,local_county,0,0
2400407,24,24004,620000,甘肃省,天水市,秦安县,秦安,qinanxian,qinan,741600,QAX,local_county,1,1
2400408,24,24004,620000,甘肃省,天水市,秦州区,秦州,qinzhouqu,qinzhou,741000,QZQ,local_county,1,1
2400409,24,24004,620000,甘肃省,天水市,麦积区,麦积,maijiqu,maiji,741000,MJQ,local_county,1,1
2400501,24,24005,620000,甘肃省,定西市,临洮县,临洮,lintaoxian,lintao,730500,LX,local_county,1,1
2400502,24,24005,620000,甘肃省,定西市,安定区,安定,andingqu,anding,743000,ADQ,local_county,1,1
2400503,24,24005,620000,甘肃省,定西市,定西县,定西,dingxixian,dingxi,743000,DXX,local_county,1,1
2400504,24,24005,620000,甘肃省,定西市,岷县,岷,minxian,min,748400,X,local_county,1,1
2400505,24,24005,620000,甘肃省,定西市,渭源县,渭源,weiyuanxian,weiyuan,748200,YX,local_county,1,1
2400506,24,24005,620000,甘肃省,定西市,漳县,漳,zhangxian,zhang,748300,ZX,local_county,1,1
2400507,24,24005,620000,甘肃省,定西市,通渭县,通渭,tongweixian,tongwei,743300,TX,local_county,1,1
2400508,24,24005,620000,甘肃省,定西市,陇西县,陇西,longxixian,longxi,748100,XX,local_county,1,1
2400601,24,24006,620000,甘肃省,平凉市,华亭县,华亭,huatingxian,huating,744100,HTX,local_county,1,1
2400602,24,24006,620000,甘肃省,平凉市,崆峒区,崆峒,kongdongqu,kongdong,744000,Q,local_county,1,1
2400603,24,24006,620000,甘肃省,平凉市,崇信县,崇信,chongxinxian,chongxin,744200,CXX,local_county,1,1
2400604,24,24006,620000,甘肃省,平凉市,庄浪县,庄浪,zhuanglangxian,zhuanglang,744600,ZLX,local_county,1,1
2400605,24,24006,620000,甘肃省,平凉市,泾川县,泾川,jingchuanxian,jingchuan,744300,CX,local_county,1,1
2400606,24,24006,620000,甘肃省,平凉市,灵台县,灵台,lingtaixian,lingtai,744400,LTX,local_county,1,1
2400607,24,24006,620000,甘肃省,平凉市,静宁县,静宁,jingningxian,jingning,743400,JNX,local_county,1,1
2400701,24,24007,620000,甘肃省,庆阳市,华池县,华池,huachixian,huachi,745600,HCX,local_county,1,1
2400702,24,24007,620000,甘肃省,庆阳市,合水县,合水,heshuixian,heshui,745400,HSX,local_county,1,1
2400703,24,24007,620000,甘肃省,庆阳市,宁县,宁,ningxian,ning,745200,NX,local_county,1,1
2400704,24,24007,620000,甘肃省,庆阳市,庆城县,庆城,qingchengxian,qingcheng,745000,QCX,local_county,1,1
2400705,24,24007,620000,甘肃省,庆阳市,正宁县,正宁,zhengningxian,zhengning,745300,ZNX,local_county,1,1
2400706,24,24007,620000,甘肃省,庆阳市,环县,环,huanxian,huan,745700,HX,local_county,1,1
2400707,24,24007,620000,甘肃省,庆阳市,西峰区,西峰,xifengqu,xifeng,745000,XFQ,local_county,1,1
2400708,24,24007,620000,甘肃省,庆阳市,镇原县,镇原,zhenyuanxian,zhenyuan,744500,ZYX,local_county,1,1
2400801,24,24008,620000,甘肃省,张掖市,临泽县,临泽,linzexian,linze,734200,LZX,local_county,1,1
2400802,24,24008,620000,甘肃省,张掖市,山丹县,山丹,shandanxian,shandan,734100,SDX,local_county,1,1
2400803,24,24008,620000,甘肃省,张掖市,民乐县,民乐,minyuexian,minyue,734500,MLX,local_county,1,1
2400804,24,24008,620000,甘肃省,张掖市,甘州区,甘州,ganzhouqu,ganzhou,734000,GZQ,local_county,1,1
2400805,24,24008,620000,甘肃省,张掖市,肃南裕固族自治县,肃南裕固族,sunanyuguzuzizhixian,sunanyuguzu,734400,SNYGZZZX,local_county,1,1
2400806,24,24008,620000,甘肃省,张掖市,高台县,高台,gaotaixian,gaotai,734300,GTX,local_county,1,1
2400901,24,24009,620000,甘肃省,武威市,凉州区,凉州,liangzhouqu,liangzhou,733000,LZQ,local_county,1,1
2400902,24,24009,620000,甘肃省,武威市,古浪县,古浪,gulangxian,gulang,733100,GLX,local_county,1,1
2400903,24,24009,620000,甘肃省,武威市,天祝藏族自治县,天祝藏族,tianzhuzangzuzizhixian,tianzhuzangzu,733200,TZCZZZX,local_county,1,1
2400904,24,24009,620000,甘肃省,武威市,民勤县,民勤,minqinxian,minqin,733300,MQX,local_county,1,1
2401001,24,24010,620000,甘肃省,甘南藏族自治州,临潭县,临潭,lintanxian,lintan,747500,LTX,local_county,1,1
2401002,24,24010,620000,甘肃省,甘南藏族自治州,卓尼县,卓尼,zhuonixian,zhuoni,747600,ZNX,local_county,1,1
2401003,24,24010,620000,甘肃省,甘南藏族自治州,合作市,合作,hezuoshi,hezuo,747000,HZS,local_county,1,1
2401004,24,24010,620000,甘肃省,甘南藏族自治州,夏河县,夏河,xiahexian,xiahe,747100,XHX,local_county,1,1
2401005,24,24010,620000,甘肃省,甘南藏族自治州,玛曲县,玛曲,maquxian,maqu,747300,MQX,local_county,1,1
2401006,24,24010,620000,甘肃省,甘南藏族自治州,碌曲县,碌曲,luquxian,luqu,747200,LQX,local_county,1,1
2401007,24,24010,620000,甘肃省,甘南藏族自治州,舟曲县,舟曲,zhouquxian,zhouqu,746300,ZQX,local_county,1,1
2401008,24,24010,620000,甘肃省,甘南藏族自治州,迭部县,迭部,diebuxian,diebu,747400,DBX,local_county,1,1
2401101,24,24011,620000,甘肃省,白银市,会宁县,会宁,huiningxian,huining,730700,HNX,local_county,1,1
2401102,24,24011,620000,甘肃省,白银市,平川区,平川,pingchuanqu,pingchuan,730900,PCQ,local_county,1,1
2401103,24,24011,620000,甘肃省,白银市,景泰县,景泰,jingtaixian,jingtai,730400,JTX,local_county,1,1
2401104,24,24011,620000,甘肃省,白银市,白银区,白银,baiyinqu,baiyin,730900,BYQ,local_county,1,1
2401105,24,24011,620000,甘肃省,白银市,靖远县,靖远,jingyuanxian,jingyuan,730600,JYX,local_county,1,1
2401201,24,24012,620000,甘肃省,酒泉市,安西县,安西,anxixian,anxi,730600,AXX,local_county,0,0
2401202,24,24012,620000,甘肃省,酒泉市,敦煌市,敦煌,dunhuangshi,dunhuang,736200,DHS,local_county,1,1
2401203,24,24012,620000,甘肃省,酒泉市,玉门市,玉门,yumenshi,yumen,735200,YMS,local_county,1,1
2401204,24,24012,620000,甘肃省,酒泉市,瓜州县,瓜州,guazhouxian,guazhou,736100,GZX,local_county,1,1
2401205,24,24012,620000,甘肃省,酒泉市,肃北蒙古族自治县,肃北蒙古族,subeimengguzuzizhixian,subeimengguzu,736300,SBMGZZZX,local_county,1,1
2401206,24,24012,620000,甘肃省,酒泉市,肃州区,肃州,suzhouqu,suzhou,735000,SZQ,local_county,1,1
2401207,24,24012,620000,甘肃省,酒泉市,金塔县,金塔,jintaxian,jinta,735300,JTX,local_county,1,1
2401208,24,24012,620000,甘肃省,酒泉市,阿克塞哈萨克族自治县,阿克塞哈萨克族,akesaihasakezuzizhixian,akesaihasakezu,736400,AKSHSKZZZX,local_county,1,1
2401301,24,24013,620000,甘肃省,金昌市,永昌县,永昌,yongchangxian,yongchang,737200,YCX,local_county,1,1
2401302,24,24013,620000,甘肃省,金昌市,金川区,金川,jinchuanqu,jinchuan,737100,JCQ,local_county,1,1
2401401,24,24014,620000,甘肃省,陇南市,两当县,两当,liangdangxian,liangdang,742400,LDX,local_county,1,1
2401402,24,24014,620000,甘肃省,陇南市,宕昌县,宕昌,dangchangxian,dangchang,748500,CX,local_county,1,1
2401403,24,24014,620000,甘肃省,陇南市,康县,康,kangxian,kang,746500,KX,local_county,1,1
2401404,24,24014,620000,甘肃省,陇南市,徽县,徽,huixian,hui,742300,HX,local_county,1,1
2401405,24,24014,620000,甘肃省,陇南市,成县,成,chengxian,cheng,742500,CX,local_county,1,1
2401406,24,24014,620000,甘肃省,陇南市,文县,文,wenxian,wen,746400,WX,local_county,1,1
2401407,24,24014,620000,甘肃省,陇南市,武都区,武都,wudouqu,wudou,746000,WDQ,local_county,1,1
2401408,24,24014,620000,甘肃省,陇南市,礼县,礼,lixian,li,742200,LX,local_county,1,1
2401409,24,24014,620000,甘肃省,陇南市,西和县,西和,xihexian,xihe,742100,XHX,local_county,1,1
2000101,20,20001,350000,福建省,三明市,三元区,三元,sanyuanqu,sanyuan,365000,SYQ,local_county,1,1
2000102,20,20001,350000,福建省,三明市,大田县,大田,datianxian,datian,366100,DTX,local_county,1,1
2000103,20,20001,350000,福建省,三明市,宁化县,宁化,ninghuaxian,ninghua,365400,NHX,local_county,1,1
2000104,20,20001,350000,福建省,三明市,将乐县,将乐,jianglexian,jiangle,353300,JLX,local_county,1,1
2000105,20,20001,350000,福建省,三明市,尤溪县,尤溪,youxixian,youxi,365100,YXX,local_county,1,1
2000106,20,20001,350000,福建省,三明市,建宁县,建宁,jianningxian,jianning,354500,JNX,local_county,1,1
2000107,20,20001,350000,福建省,三明市,明溪县,明溪,mingxixian,mingxi,365300,MXX,local_county,1,1
2000108,20,20001,350000,福建省,三明市,梅列区,梅列,meiliequ,meilie,365000,LQ,local_county,1,1
2000109,20,20001,350000,福建省,三明市,永安市,永安,yonganshi,yongan,366000,YAS,local_county,1,1
2000110,20,20001,350000,福建省,三明市,沙县,沙,shaxian,sha,365500,SX,local_county,1,1
2000111,20,20001,350000,福建省,三明市,泰宁县,泰宁,tainingxian,taining,354400,TNX,local_county,1,1
2000112,20,20001,350000,福建省,三明市,清流县,清流,qingliuxian,qingliu,365300,QLX,local_county,1,1
2000201,20,20002,350000,福建省,南平市,光泽县,光泽,guangzexian,guangze,354100,GZX,local_county,1,1
2000202,20,20002,350000,福建省,南平市,延平区,延平,yanpingqu,yanping,353000,YPQ,local_county,1,1
2000203,20,20002,350000,福建省,南平市,建瓯市,建瓯,jianoushi,jianou,353100,JS,local_county,1,1
2000204,20,20002,350000,福建省,南平市,建阳市,建阳,jianyangshi,jianyang,354200,JYS,local_county,0,0
2000205,20,20002,350000,福建省,南平市,政和县,政和,zhenghexian,zhenghe,353600,ZHX,local_county,1,1
2000206,20,20002,350000,福建省,南平市,松溪县,松溪,songxixian,songxi,353500,SXX,local_county,1,1
2000207,20,20002,350000,福建省,南平市,武夷山市,武夷山,wuyishanshi,wuyishan,354300,WYSS,local_county,1,1
2000208,20,20002,350000,福建省,南平市,浦城县,浦城,puchengxian,pucheng,353400,PCX,local_county,1,1
2000209,20,20002,350000,福建省,南平市,邵武市,邵武,shaowushi,shaowu,354000,SWS,local_county,1,1
2000210,20,20002,350000,福建省,南平市,顺昌县,顺昌,shunchangxian,shunchang,353200,SCX,local_county,1,1
2000301,20,20003,350000,福建省,厦门市,同安区,同安,tonganqu,tongan,361100,TAQ,local_county,1,1
2000302,20,20003,350000,福建省,厦门市,开元区,开元,kaiyuanqu,kaiyuan,361100,KYQ,local_county,0,0
2000303,20,20003,350000,福建省,厦门市,思明区,思明,simingqu,siming,361000,SMQ,local_county,1,1
2000304,20,20003,350000,福建省,厦门市,杏林区,杏,xinglinqu,xing,361000,XLQ,local_county,0,0
2000305,20,20003,350000,福建省,厦门市,海沧区,海沧,haicangqu,haicang,361000,HCQ,local_county,1,1
2000306,20,20003,350000,福建省,厦门市,湖里区,湖里,huliqu,huli,361000,HLQ,local_county,1,1
2000307,20,20003,350000,福建省,厦门市,翔安区,翔安,xianganqu,xiangan,361100,XAQ,local_county,1,1
2000308,20,20003,350000,福建省,厦门市,集美区,集美,jimeiqu,jimei,361000,JMQ,local_county,1,1
2000309,20,20003,350000,福建省,厦门市,鼓浪屿区,鼓浪屿,gulangyuqu,gulangyu,361000,GLYQ,local_county,0,0
2000401,20,20004,350000,福建省,宁德市,古田县,古田,gutianxian,gutian,352200,GTX,local_county,1,1
2000402,20,20004,350000,福建省,宁德市,周宁县,周宁,zhouningxian,zhouning,355400,ZNX,local_county,1,1
2000403,20,20004,350000,福建省,宁德市,寿宁县,寿宁,shouningxian,shouning,355500,SNX,local_county,1,1
2000404,20,20004,350000,福建省,宁德市,屏南县,屏南,pingnanxian,pingnan,352300,PNX,local_county,1,1
2000405,20,20004,350000,福建省,宁德市,柘荣县,柘荣,zherongxian,zherong,355300,RX,local_county,1,1
2000406,20,20004,350000,福建省,宁德市,福安市,福安,fuanshi,fuan,355000,FAS,local_county,1,1
2000407,20,20004,350000,福建省,宁德市,福鼎市,福鼎,fudingshi,fuding,355200,FDS,local_county,1,1
2000408,20,20004,350000,福建省,宁德市,蕉城区,蕉城,jiaochengqu,jiaocheng,352000,JCQ,local_county,1,1
2000409,20,20004,350000,福建省,宁德市,霞浦县,霞浦,xiapuxian,xiapu,355100,XPX,local_county,1,1
2000501,20,20005,350000,福建省,泉州市,丰泽区,丰泽,fengzequ,fengze,362000,FZQ,local_county,1,1
2000502,20,20005,350000,福建省,泉州市,南安市,南安,nananshi,nanan,362300,NAS,local_county,1,1
2000503,20,20005,350000,福建省,泉州市,安溪县,安溪,anxixian,anxi,362400,AXX,local_county,1,1
2000504,20,20005,350000,福建省,泉州市,德化县,德化,dehuaxian,dehua,362500,DHX,local_county,1,1
2000505,20,20005,350000,福建省,泉州市,惠安县,惠安,huianxian,huian,362100,HAX,local_county,1,1
2000506,20,20005,350000,福建省,泉州市,晋江市,晋江,jinjiangshi,jinjiang,362200,JJS,local_county,1,1
2000507,20,20005,350000,福建省,泉州市,永春县,永春,yongchunxian,yongchun,362600,YCX,local_county,1,1
2000508,20,20005,350000,福建省,泉州市,泉港区,泉港,quangangqu,quangang,362100,QGQ,local_county,1,1
2000509,20,20005,350000,福建省,泉州市,洛江区,洛江,luojiangqu,luojiang,362000,LJQ,local_county,1,1
2000510,20,20005,350000,福建省,泉州市,石狮市,石狮,shishishi,shishi,362700,SSS,local_county,1,1
2000511,20,20005,350000,福建省,泉州市,金门县,金门,jinmenxian,jinmen,362000,JMX,local_county,1,1
2000512,20,20005,350000,福建省,泉州市,鲤城区,鲤城,lichengqu,licheng,362000,LCQ,local_county,1,1
2000601,20,20006,350000,福建省,漳州市,东山县,东山,dongshanxian,dongshan,363400,DSX,local_county,1,1
2000602,20,20006,350000,福建省,漳州市,云霄县,云霄,yunxiaoxian,yunxiao,363300,YXX,local_county,1,1
2000603,20,20006,350000,福建省,漳州市,华安县,华安,huaanxian,huaan,363800,HAX,local_county,1,1
2000604,20,20006,350000,福建省,漳州市,南靖县,南靖,nanjingxian,nanjing,363600,NJX,local_county,1,1
2000605,20,20006,350000,福建省,漳州市,平和县,平和,pinghexian,pinghe,363700,PHX,local_county,1,1
2000606,20,20006,350000,福建省,漳州市,漳浦县,漳浦,zhangpuxian,zhangpu,363200,ZPX,local_county,1,1
2000607,20,20006,350000,福建省,漳州市,芗城区,芗城,xiangchengqu,xiangcheng,363000,CQ,local_county,1,1
2000608,20,20006,350000,福建省,漳州市,诏安县,诏安,zhaoanxian,zhaoan,363500,AX,local_county,1,1
2000609,20,20006,350000,福建省,漳州市,长泰县,长泰,zhangtaixian,zhangtai,363900,CTX,local_county,1,1
2000610,20,20006,350000,福建省,漳州市,龙文区,龙文,longwenqu,longwen,363000,LWQ,local_county,1,1
2000611,20,20006,350000,福建省,漳州市,龙海市,龙海,longhaishi,longhai,363100,LHS,local_county,1,1
2000701,20,20007,350000,福建省,福州市,仓山区,仓山,cangshanqu,cangshan,350000,CSQ,local_county,1,1
2000702,20,20007,350000,福建省,福州市,台江区,台江,taijiangqu,taijiang,350000,TJQ,local_county,1,1
2000703,20,20007,350000,福建省,福州市,平潭县,平潭,pingtanxian,pingtan,350400,PTX,local_county,1,1
2000704,20,20007,350000,福建省,福州市,晋安区,晋安,jinanqu,jinan,350000,JAQ,local_county,1,1
2000705,20,20007,350000,福建省,福州市,永泰县,永泰,yongtaixian,yongtai,350700,YTX,local_county,1,1
2000706,20,20007,350000,福建省,福州市,福清市,福清,fuqingshi,fuqing,350300,FQS,local_county,1,1
2000707,20,20007,350000,福建省,福州市,罗源县,罗源,luoyuanxian,luoyuan,350600,LYX,local_county,1,1
2000708,20,20007,350000,福建省,福州市,连江县,连江,lianjiangxian,lianjiang,350500,LJX,local_county,1,1
2000709,20,20007,350000,福建省,福州市,长乐市,长乐,changleshi,changle,350200,CLS,local_county,1,1
2000710,20,20007,350000,福建省,福州市,闽侯县,闽侯,minhouxian,minhou,350100,MHX,local_county,1,1
2000711,20,20007,350000,福建省,福州市,闽清县,闽清,minqingxian,minqing,350800,MQX,local_county,1,1
2000712,20,20007,350000,福建省,福州市,马尾区,马尾,mayiqu,mayi,350000,MQ,local_county,1,1
2000713,20,20007,350000,福建省,福州市,鼓楼区,鼓楼,gulouqu,gulou,210000,GLQ,local_county,1,1
2000801,20,20008,350000,福建省,莆田市,仙游县,仙游,xianyouxian,xianyou,351200,XYX,local_county,1,1
2000802,20,20008,350000,福建省,莆田市,城厢区,城厢,chengxiangqu,chengxiang,351100,CXQ,local_county,1,1
2000803,20,20008,350000,福建省,莆田市,涵江区,涵江,hanjiangqu,hanjiang,351100,HJQ,local_county,1,1
2000804,20,20008,350000,福建省,莆田市,秀屿区,秀屿,xiuyuqu,xiuyu,351100,XYQ,local_county,1,1
2000805,20,20008,350000,福建省,莆田市,荔城区,荔城,lichengqu,licheng,351100,LCQ,local_county,1,1
2000901,20,20009,350000,福建省,龙岩市,上杭县,上杭,shanghangxian,shanghang,364200,SHX,local_county,1,1
2000902,20,20009,350000,福建省,龙岩市,新罗区,新罗,xinluoqu,xinluo,364000,XLQ,local_county,1,1
2000903,20,20009,350000,福建省,龙岩市,武平县,武平,wupingxian,wuping,364300,WPX,local_county,1,1
2000904,20,20009,350000,福建省,龙岩市,永定县,永定,yongdingxian,yongding,364100,YDX,local_county,1,1
2000905,20,20009,350000,福建省,龙岩市,漳平市,漳平,zhangpingshi,zhangping,364400,ZPS,local_county,1,1
2000906,20,20009,350000,福建省,龙岩市,连城县,连城,lianchengxian,liancheng,366200,LCX,local_county,1,1
2000907,20,20009,350000,福建省,龙岩市,长汀县,长汀,changtingxian,changting,366300,CTX,local_county,1,1
3300101,33,33001,540000,西藏自治区,山南地区,乃东县,乃东,naidongxian,naidong,856100,NDX,local_county,0,0
3300102,33,33001,540000,西藏自治区,山南地区,加查县,加查,jiachaxian,jiacha,856400,JCX,local_county,0,0
3300103,33,33001,540000,西藏自治区,山南地区,扎囊县,扎囊,zhanangxian,zhanang,850800,ZNX,local_county,0,0
3300104,33,33001,540000,西藏自治区,山南地区,扎朗县,扎朗,zhalangxian,zhalang,860616,ZLX,local_county,0,0
3300105,33,33001,540000,西藏自治区,山南地区,措美县,措美,cuomeixian,cuomei,856900,CMX,local_county,0,0
3300106,33,33001,540000,西藏自治区,山南地区,曲松县,曲松,qusongxian,qusong,856300,QSX,local_county,0,0
3300107,33,33001,540000,西藏自治区,山南地区,桑日县,桑日,sangrixian,sangri,856200,SRX,local_county,0,0
3300108,33,33001,540000,西藏自治区,山南地区,洛扎县,洛扎,luozhaxian,luozha,851200,LZX,local_county,0,0
3300109,33,33001,540000,西藏自治区,山南地区,浪卡子县,浪卡子,langqiazixian,langqiazi,851100,LKZX,local_county,0,0
3300110,33,33001,540000,西藏自治区,山南地区,琼结县,琼结,qiongjiexian,qiongjie,856800,QJX,local_county,0,0
3300111,33,33001,540000,西藏自治区,山南地区,贡嘎县,贡嘎,gonggaxian,gongga,850700,GGX,local_county,0,0
3300112,33,33001,540000,西藏自治区,山南地区,错那县,错那,cuonaxian,cuona,856700,CNX,local_county,0,0
3300113,33,33001,540000,西藏自治区,山南地区,隆子县,隆子,longzixian,longzi,856600,LZX,local_county,0,0
3300201,33,33002,540000,西藏自治区,拉萨市,城关区,城关,chengguanqu,chengguan,850000,CGQ,local_county,1,1
3300202,33,33002,540000,西藏自治区,拉萨市,堆龙德庆县,堆龙德庆,duilongdeqingxian,duilongdeqing,851400,DLDQX,local_county,1,1
3300203,33,33002,540000,西藏自治区,拉萨市,墨竹工卡县,墨竹工卡,mozhugongkaxian,mozhugongka,850200,ZGKX,local_county,1,1
3300204,33,33002,540000,西藏自治区,拉萨市,尼木县,尼木,nimuxian,nimu,851600,NMX,local_county,1,1
3300205,33,33002,540000,西藏自治区,拉萨市,当雄县,当雄,dangxiongxian,dangxiong,851500,DXX,local_county,1,1
3300206,33,33002,540000,西藏自治区,拉萨市,曲水县,曲水,qushuixian,qushui,850600,QSX,local_county,1,1
3300207,33,33002,540000,西藏自治区,拉萨市,林周县,林周,linzhouxian,linzhou,851600,LZX,local_county,1,1
3300208,33,33002,540000,西藏自治区,拉萨市,达孜县,达孜,dazixian,dazi,850100,DZX,local_county,1,1
3300301,33,33003,540000,西藏自治区,日喀则地区,亚东县,亚东,yadongxian,yadong,857600,YDX,local_county,0,0
3300302,33,33003,540000,西藏自治区,日喀则地区,仁布县,仁布,renbuxian,renbu,857200,RBX,local_county,0,0
3300303,33,33003,540000,西藏自治区,日喀则地区,仲巴县,仲巴,zhongbaxian,zhongba,858800,ZBX,local_county,0,0
3300304,33,33003,540000,西藏自治区,日喀则地区,南木林县,南木林,nanmulinxian,nanmulin,857100,NMLX,local_county,0,0
3300305,33,33003,540000,西藏自治区,日喀则地区,吉隆县,吉隆,jilongxian,jilong,858700,JLX,local_county,0,0
3300306,33,33003,540000,西藏自治区,日喀则地区,定日县,定日,dingrixian,dingri,858200,DRX,local_county,0,0
3300307,33,33003,540000,西藏自治区,日喀则地区,定结县,定结,dingjiexian,dingjie,857900,DJX,local_county,0,0
3300308,33,33003,540000,西藏自治区,日喀则地区,岗巴县,岗巴,gangbaxian,gangba,857700,GBX,local_county,0,0
3300309,33,33003,540000,西藏自治区,日喀则地区,康马县,康马,kangmaxian,kangma,857500,KMX,local_county,0,0
3300310,33,33003,540000,西藏自治区,日喀则地区,拉孜县,拉孜,lazixian,lazi,858100,LZX,local_county,0,0
3300311,33,33003,540000,西藏自治区,日喀则地区,日喀则市,日喀则,rikazeshi,rikaze,857000,RKZS,local_county,0,0
3300312,33,33003,540000,西藏自治区,日喀则地区,昂仁县,昂仁,angrenxian,angren,858500,ARX,local_county,0,0
3300313,33,33003,540000,西藏自治区,日喀则地区,江孜县,江孜,jiangzixian,jiangzi,857400,JZX,local_county,0,0
3300314,33,33003,540000,西藏自治区,日喀则地区,白朗县,白朗,bailangxian,bailang,857300,BLX,local_county,0,0
3300315,33,33003,540000,西藏自治区,日喀则地区,聂拉木县,聂拉木,nielamuxian,nielamu,858300,NLMX,local_county,0,0
3300316,33,33003,540000,西藏自治区,日喀则地区,萨嘎县,萨嘎,sagaxian,saga,858600,SGX,local_county,0,0
3300317,33,33003,540000,西藏自治区,日喀则地区,萨迦县,萨迦,sajiaxian,sajia,857800,SX,local_county,0,0
3300318,33,33003,540000,西藏自治区,日喀则地区,谢通门县,谢通门,xietongmenxian,xietongmen,858900,TMX,local_county,0,0
3300401,33,33004,540000,西藏自治区,昌都地区,丁青县,丁青,dingqingxian,dingqing,855700,DQX,local_county,0,0
3300402,33,33004,540000,西藏自治区,昌都地区,八宿县,八宿,basuxian,basu,854600,BSX,local_county,0,0
3300403,33,33004,540000,西藏自治区,昌都地区,察雅县,察雅,chayaxian,chaya,854300,CYX,local_county,0,0
3300404,33,33004,540000,西藏自治区,昌都地区,左贡县,左贡,zuogongxian,zuogong,854400,ZGX,local_county,0,0
3300405,33,33004,540000,西藏自治区,昌都地区,昌都县,昌都,changdouxian,changdou,854000,CDX,local_county,0,0
3300406,33,33004,540000,西藏自治区,昌都地区,江达县,江达,jiangdaxian,jiangda,854100,JDX,local_county,0,0
3300407,33,33004,540000,西藏自治区,昌都地区,洛隆县,洛隆,luolongxian,luolong,855400,LLX,local_county,0,0
3300408,33,33004,540000,西藏自治区,昌都地区,类乌齐县,类乌齐,leiwuqixian,leiwuqi,855600,LWQX,local_county,0,0
3300409,33,33004,540000,西藏自治区,昌都地区,芒康县,芒康,mangkangxian,mangkang,854500,MKX,local_county,0,0
3300410,33,33004,540000,西藏自治区,昌都地区,贡觉县,贡觉,gongjuexian,gongjue,854200,GJX,local_county,0,0
3300411,33,33004,540000,西藏自治区,昌都地区,边坝县,边坝,bianbaxian,bianba,855500,BBX,local_county,0,0
3300501,33,33005,540000,西藏自治区,林芝地区,墨脱县,墨脱,motuoxian,motuo,860700,TX,local_county,0,0
3300502,33,33005,540000,西藏自治区,林芝地区,察隅县,察隅,chayuxian,chayu,860600,CYX,local_county,0,0
3300503,33,33005,540000,西藏自治区,林芝地区,工布江达县,工布江达,gongbujiangdaxian,gongbujiangda,860200,GBJDX,local_county,0,0
3300504,33,33005,540000,西藏自治区,林芝地区,朗县,朗,langxian,lang,860400,LX,local_county,0,0
3300505,33,33005,540000,西藏自治区,林芝地区,林芝县,林芝,linzhixian,linzhi,860100,LZX,local_county,0,0
3300506,33,33005,540000,西藏自治区,林芝地区,波密县,波密,bomixian,bomi,860300,BMX,local_county,0,0
3300507,33,33005,540000,西藏自治区,林芝地区,米林县,米林,milinxian,milin,860500,MLX,local_county,0,0
3300601,33,33006,540000,西藏自治区,那曲地区,嘉黎县,嘉黎,jialixian,jiali,852400,JLX,local_county,1,1
3300602,33,33006,540000,西藏自治区,那曲地区,安多县,安多,anduoxian,anduo,853400,ADX,local_county,1,1
3300603,33,33006,540000,西藏自治区,那曲地区,尼玛县,尼玛,nimaxian,nima,853200,NMX,local_county,1,1
3300604,33,33006,540000,西藏自治区,那曲地区,巴青县,巴青,baqingxian,baqing,852100,BQX,local_county,1,1
3300605,33,33006,540000,西藏自治区,那曲地区,比如县,比如,biruxian,biru,852300,BRX,local_county,1,1
3300606,33,33006,540000,西藏自治区,那曲地区,班戈县,班戈,bangexian,bange,852500,BGX,local_county,1,1
3300607,33,33006,540000,西藏自治区,那曲地区,申扎县,申扎,shenzhaxian,shenzha,853100,SZX,local_county,1,1
3300608,33,33006,540000,西藏自治区,那曲地区,索县,索,suoxian,suo,852200,SX,local_county,1,1
3300609,33,33006,540000,西藏自治区,那曲地区,聂荣县,聂荣,nierongxian,nierong,853500,NRX,local_county,1,1
3300610,33,33006,540000,西藏自治区,那曲地区,那曲县,那曲,naquxian,naqu,852000,NQX,local_county,1,1
3300701,33,33007,540000,西藏自治区,阿里地区,噶尔县,噶尔,gaerxian,gaer,859000,GEX,local_county,1,1
3300702,33,33007,540000,西藏自治区,阿里地区,措勤县,措勤,cuoqinxian,cuoqin,859300,CQX,local_county,1,1
3300703,33,33007,540000,西藏自治区,阿里地区,改则县,改则,gaizexian,gaize,859200,GZX,local_county,1,1
3300704,33,33007,540000,西藏自治区,阿里地区,日土县,日土,rituxian,ritu,859700,RTX,local_county,1,1
3300705,33,33007,540000,西藏自治区,阿里地区,普兰县,普兰,pulanxian,pulan,859500,PLX,local_county,1,1
3300706,33,33007,540000,西藏自治区,阿里地区,札达县,札达,zhadaxian,zhada,859600,ZDX,local_county,1,1
3300707,33,33007,540000,西藏自治区,阿里地区,革吉县,革吉,gejixian,geji,859100,GJX,local_county,1,1
3500101,35,35001,520000,贵州省,六盘水市,六枝特区,六枝,liuzhitequ,liuzhi,553400,LZTQ,local_county,1,1
3500102,35,35001,520000,贵州省,六盘水市,水城县,水城,shuichengxian,shuicheng,553000,SCX,local_county,1,1
3500103,35,35001,520000,贵州省,六盘水市,盘县,盘,panxian,pan,561600,PX,local_county,1,1
3500104,35,35001,520000,贵州省,六盘水市,钟山区,钟山,zhongshanqu,zhongshan,553000,ZSQ,local_county,1,1
3500201,35,35002,520000,贵州省,安顺市,关岭布依族苗族自治县,关岭布依族苗族,guanlingbuyizumiaozuzizhixian,guanlingbuyizumiaozu,561300,GLBYZMZZZX,local_county,1,1
3500202,35,35002,520000,贵州省,安顺市,平坝县,平坝,pingbaxian,pingba,561100,PBX,local_county,0,0
3500203,35,35002,520000,贵州省,安顺市,普定县,普定,pudingxian,puding,562100,PDX,local_county,1,1
3500204,35,35002,520000,贵州省,安顺市,紫云苗族布依族自治县,紫云苗族布依族,ziyunmiaozubuyizuzizhixian,ziyunmiaozubuyizu,550800,ZYMZBYZZZX,local_county,1,1
3500205,35,35002,520000,贵州省,安顺市,西秀区,西秀,xixiuqu,xixiu,561000,XXQ,local_county,1,1
3500206,35,35002,520000,贵州省,安顺市,镇宁布依族苗族自治县,镇宁布依族苗族,zhenningbuyizumiaozuzizhixian,zhenningbuyizumiaozu,561200,ZNBYZMZZZX,local_county,1,1
3500301,35,35003,520000,贵州省,毕节地区,大方县,大方,dafangxian,dafang,551600,DFX,local_county,0,0
3500302,35,35003,520000,贵州省,毕节地区,威宁彝族回族苗族自治县,威宁彝族回族苗族,weiningyizuhuizumiaozuzizhixian,weiningyizuhuizumiaozu,553100,WNYZHZMZZZ,local_county,0,0
3500303,35,35003,520000,贵州省,毕节地区,毕节市,毕节,bijieshi,bijie,551700,BJS,local_county,0,0
3500304,35,35003,520000,贵州省,毕节地区,纳雍县,纳雍,nayongxian,nayong,553300,NYX,local_county,0,0
3500305,35,35003,520000,贵州省,毕节地区,织金县,织金,zhijinxian,zhijin,552100,ZJX,local_county,0,0
3500306,35,35003,520000,贵州省,毕节地区,赫章县,赫章,hezhangxian,hezhang,553200,HZX,local_county,0,0
3500307,35,35003,520000,贵州省,毕节地区,金沙县,金沙,jinshaxian,jinsha,551800,JSX,local_county,0,0
3500308,35,35003,520000,贵州省,毕节地区,黔西县,黔西,qianxixian,qianxi,551500,QXX,local_county,0,0
3500401,35,35004,520000,贵州省,贵阳市,乌当区,乌当,wudangqu,wudang,550000,WDQ,local_county,1,1
3500402,35,35004,520000,贵州省,贵阳市,云岩区,云岩,yunyanqu,yunyan,550000,YYQ,local_county,1,1
3500403,35,35004,520000,贵州省,贵阳市,修文县,修文,xiuwenxian,xiuwen,550200,XWX,local_county,1,1
3500404,35,35004,520000,贵州省,贵阳市,南明区,南明,nanmingqu,nanming,550000,NMQ,local_county,1,1
3500405,35,35004,520000,贵州省,贵阳市,小河区,小河,xiaohequ,xiaohe,550000,HQ,local_county,0,0
3500406,35,35004,520000,贵州省,贵阳市,开阳县,开阳,kaiyangxian,kaiyang,550300,KYX,local_county,1,1
3500407,35,35004,520000,贵州省,贵阳市,息烽县,息烽,xifengxian,xifeng,551100,XFX,local_county,1,1
3500408,35,35004,520000,贵州省,贵阳市,清镇市,清镇,qingzhenshi,qingzhen,551400,QZS,local_county,1,1
3500409,35,35004,520000,贵州省,贵阳市,白云区,白云,baiyunqu,baiyun,510000,BYQ,local_county,1,1
3500410,35,35004,520000,贵州省,贵阳市,花溪区,花溪,huaxiqu,huaxi,550000,HXQ,local_county,1,1
3500501,35,35005,520000,贵州省,遵义市,习水县,习水,xishuixian,xishui,564600,XSX,local_county,1,1
3500502,35,35005,520000,贵州省,遵义市,仁怀市,仁怀,renhuaishi,renhuai,564500,RHS,local_county,1,1
3500503,35,35005,520000,贵州省,遵义市,余庆县,余庆,yuqingxian,yuqing,564400,YQX,local_county,1,1
3500504,35,35005,520000,贵州省,遵义市,凤冈县,凤冈,fenggangxian,fenggang,564200,FGX,local_county,1,1
3500505,35,35005,520000,贵州省,遵义市,务川仡佬族苗族自治县,务川仡佬族苗族,wuchuangelaozumiaozuzizhixian,wuchuangelaozumiaozu,564300,WCLZMZZZX,local_county,1,1
3500506,35,35005,520000,贵州省,遵义市,新浦新区,新浦,xinpuxinqu,xinpu,564300,XPXQ,local_county,0,0
3500507,35,35005,520000,贵州省,遵义市,桐梓县,桐梓,tongzixian,tongzi,563200,TX,local_county,1,1
3500508,35,35005,520000,贵州省,遵义市,正安县,正安,zhenganxian,zhengan,563400,ZAX,local_county,1,1
3500509,35,35005,520000,贵州省,遵义市,汇川区,汇川,huichuanqu,huichuan,563000,HCQ,local_county,1,1
3500510,35,35005,520000,贵州省,遵义市,湄潭县,湄潭,meitanxian,meitan,564100,TX,local_county,1,1
3500511,35,35005,520000,贵州省,遵义市,红花岗区,红花岗,honghuagangqu,honghuagang,563000,HHGQ,local_county,1,1
3500512,35,35005,520000,贵州省,遵义市,绥阳县,绥阳,suiyangxian,suiyang,563300,SYX,local_county,1,1
3500513,35,35005,520000,贵州省,遵义市,赤水市,赤水,chishuishi,chishui,564700,CSS,local_county,1,1
3500514,35,35005,520000,贵州省,遵义市,道真仡佬族苗族自治县,道真仡佬族苗族,daozhengelaozumiaozuzizhixian,daozhengelaozumiaozu,563500,DZLZMZZZX,local_county,1,1
3500515,35,35005,520000,贵州省,遵义市,遵义县,遵义,zunyixian,zunyi,563100,ZYX,local_county,0,0
3500601,35,35006,520000,贵州省,铜仁地区,万山特区,万山,wanshantequ,wanshan,554200,WSTQ,local_county,0,0
3500602,35,35006,520000,贵州省,铜仁地区,印江土家族苗族自治县,印江土家族苗族,yinjiangtujiazumiaozuzizhixian,yinjiangtujiazumiaozu,555200,YJTJZMZZZX,local_county,0,0
3500603,35,35006,520000,贵州省,铜仁地区,德江县,德江,dejiangxian,dejiang,565200,DJX,local_county,0,0
3500604,35,35006,520000,贵州省,铜仁地区,思南县,思南,sinanxian,sinan,565100,SNX,local_county,0,0
3500605,35,35006,520000,贵州省,铜仁地区,松桃苗族自治县,松桃苗族,songtaomiaozuzizhixian,songtaomiaozu,554100,STMZZZX,local_county,0,0
3500606,35,35006,520000,贵州省,铜仁地区,江口县,江口,jiangkouxian,jiangkou,554400,JKX,local_county,0,0
3500607,35,35006,520000,贵州省,铜仁地区,沿河土家族自治县,沿河土家族,yanhetujiazuzizhixian,yanhetujiazu,565300,YHTJZZZX,local_county,0,0
3500608,35,35006,520000,贵州省,铜仁地区,玉屏侗族自治县,玉屏侗族,yupingdongzuzizhixian,yupingdongzu,554000,YPDZZZX,local_county,0,0
3500609,35,35006,520000,贵州省,铜仁地区,石阡县,石阡,shiqianxian,shiqian,555100,SX,local_county,0,0
3500610,35,35006,520000,贵州省,铜仁地区,铜仁市,铜仁,tongrenshi,tongren,554300,TRS,local_county,0,0
3500701,35,35007,520000,贵州省,黔东南苗族侗族自治州,三穗县,三穗,sansuixian,sansui,556500,SSX,local_county,1,1
3500702,35,35007,520000,贵州省,黔东南苗族侗族自治州,丹寨县,丹寨,danzhaixian,danzhai,557500,DZX,local_county,1,1
3500703,35,35007,520000,贵州省,黔东南苗族侗族自治州,从江县,从江,congjiangxian,congjiang,557400,CJX,local_county,1,1
3500704,35,35007,520000,贵州省,黔东南苗族侗族自治州,凯里市,凯里,kailishi,kaili,556000,KLS,local_county,1,1
3500705,35,35007,520000,贵州省,黔东南苗族侗族自治州,剑河县,剑河,jianhexian,jianhe,556400,JHX,local_county,1,1
3500706,35,35007,520000,贵州省,黔东南苗族侗族自治州,台江县,台江,taijiangxian,taijiang,556300,TJX,local_county,1,1
3500707,35,35007,520000,贵州省,黔东南苗族侗族自治州,天柱县,天柱,tianzhuxian,tianzhu,556600,TZX,local_county,1,1
3500708,35,35007,520000,贵州省,黔东南苗族侗族自治州,岑巩县,岑巩,cengongxian,cengong,557800,GX,local_county,1,1
3500709,35,35007,520000,贵州省,黔东南苗族侗族自治州,施秉县,施秉,shibingxian,shibing,556200,SBX,local_county,1,1
3500710,35,35007,520000,贵州省,黔东南苗族侗族自治州,榕江县,榕江,rongjiangxian,rongjiang,557200,JX,local_county,1,1
3500711,35,35007,520000,贵州省,黔东南苗族侗族自治州,锦屏县,锦屏,jinpingxian,jinping,556700,JPX,local_county,1,1
3500712,35,35007,520000,贵州省,黔东南苗族侗族自治州,镇远县,镇远,zhenyuanxian,zhenyuan,557700,ZYX,local_county,1,1
3500713,35,35007,520000,贵州省,黔东南苗族侗族自治州,雷山县,雷山,leishanxian,leishan,557100,LSX,local_county,1,1
3500714,35,35007,520000,贵州省,黔东南苗族侗族自治州,麻江县,麻江,majiangxian,majiang,557600,MJX,local_county,1,1
3500715,35,35007,520000,贵州省,黔东南苗族侗族自治州,黄平县,黄平,huangpingxian,huangping,556100,HPX,local_county,1,1
3500716,35,35007,520000,贵州省,黔东南苗族侗族自治州,黎平县,黎平,lipingxian,liping,557300,LPX,local_county,1,1
3500801,35,35008,520000,贵州省,黔南布依族苗族自治州,三都水族自治县,三都水族,sandoushuizuzizhixian,sandoushuizu,558100,SDSZZZX,local_county,1,1
3500802,35,35008,520000,贵州省,黔南布依族苗族自治州,平塘县,平塘,pingtangxian,pingtang,558300,PTX,local_county,1,1
3500803,35,35008,520000,贵州省,黔南布依族苗族自治州,惠水县,惠水,huishuixian,huishui,550600,HSX,local_county,1,1
3500804,35,35008,520000,贵州省,黔南布依族苗族自治州,独山县,独山,dushanxian,dushan,558200,DSX,local_county,1,1
3500805,35,35008,520000,贵州省,黔南布依族苗族自治州,瓮安县,瓮安,wenganxian,wengan,550400,WAX,local_county,1,1
3500806,35,35008,520000,贵州省,黔南布依族苗族自治州,福泉市,福泉,fuquanshi,fuquan,550500,FQS,local_county,1,1
3500807,35,35008,520000,贵州省,黔南布依族苗族自治州,罗甸县,罗甸,luodianxian,luodian,550100,LDX,local_county,1,1
3500808,35,35008,520000,贵州省,黔南布依族苗族自治州,荔波县,荔波,liboxian,libo,558400,LBX,local_county,1,1
3500809,35,35008,520000,贵州省,黔南布依族苗族自治州,贵定县,贵定,guidingxian,guiding,551300,GDX,local_county,1,1
3500810,35,35008,520000,贵州省,黔南布依族苗族自治州,都匀市,都匀,douyunshi,douyun,558000,DYS,local_county,1,1
3500811,35,35008,520000,贵州省,黔南布依族苗族自治州,长顺县,长顺,zhangshunxian,zhangshun,550700,CSX,local_county,1,1
3500812,35,35008,520000,贵州省,黔南布依族苗族自治州,龙里县,龙里,longlixian,longli,551200,LLX,local_county,1,1
3500901,35,35009,520000,贵州省,黔西南布依族苗族自治州,兴义市,兴义,xingyishi,xingyi,562400,XYS,local_county,1,1
3500902,35,35009,520000,贵州省,黔西南布依族苗族自治州,兴仁县,兴仁,xingrenxian,xingren,562300,XRX,local_county,1,1
3500903,35,35009,520000,贵州省,黔西南布依族苗族自治州,册亨县,册亨,cehengxian,ceheng,552200,CHX,local_county,1,1
3500904,35,35009,520000,贵州省,黔西南布依族苗族自治州,安龙县,安龙,anlongxian,anlong,552400,ALX,local_county,1,1
3500905,35,35009,520000,贵州省,黔西南布依族苗族自治州,普安县,普安,puanxian,puan,561500,PAX,local_county,1,1
3500906,35,35009,520000,贵州省,黔西南布依族苗族自治州,晴隆县,晴隆,qinglongxian,qinglong,561400,QLX,local_county,1,1
3500907,35,35009,520000,贵州省,黔西南布依族苗族自治州,望谟县,望谟,wangmoxian,wangmo,552300,WX,local_county,1,1
3500908,35,35009,520000,贵州省,黔西南布依族苗族自治州,贞丰县,贞丰,zhenfengxian,zhenfeng,562200,ZFX,local_county,1,1
2200101,22,22001,210000,辽宁省,丹东市,东港市,东港,donggangshi,donggang,118300,DGS,local_county,1,1
2200102,22,22001,210000,辽宁省,丹东市,元宝区,元宝,yuanbaoqu,yuanbao,118000,YBQ,local_county,1,1
2200103,22,22001,210000,辽宁省,丹东市,凤城市,凤城,fengchengshi,fengcheng,118100,FCS,local_county,1,1
2200104,22,22001,210000,辽宁省,丹东市,宽甸满族自治县,宽甸满族,kuandianmanzuzizhixian,kuandianmanzu,118200,KDMZZZX,local_county,1,1
2200105,22,22001,210000,辽宁省,丹东市,振兴区,振兴,zhenxingqu,zhenxing,118000,ZXQ,local_county,1,1
2200106,22,22001,210000,辽宁省,丹东市,振安区,振安,zhenanqu,zhenan,118000,ZAQ,local_county,1,1
2200201,22,22002,210000,辽宁省,大连市,中山区,中山,zhongshanqu,zhongshan,116000,ZSQ,local_county,1,1
2200202,22,22002,210000,辽宁省,大连市,庄河市,庄河,zhuangheshi,zhuanghe,116400,ZHS,local_county,1,1
2200203,22,22002,210000,辽宁省,大连市,旅顺口区,旅顺口,lvshunkouqu,lvshunkou,116000,LSKQ,local_county,1,1
2200204,22,22002,210000,辽宁省,大连市,普兰店市,普兰店,pulandianshi,pulandian,116200,PLDS,local_county,1,1
2200205,22,22002,210000,辽宁省,大连市,沙河口区,沙河口,shahekouqu,shahekou,116000,SHKQ,local_county,1,1
2200206,22,22002,210000,辽宁省,大连市,瓦房店市,瓦房店,wafangdianshi,wafangdian,116300,WFDS,local_county,1,1
2200207,22,22002,210000,辽宁省,大连市,甘井子区,甘井子,ganjingziqu,ganjingzi,116000,GJZQ,local_county,1,1
2200208,22,22002,210000,辽宁省,大连市,经济技术开发区,经济技术开发,jingjijishukaifaqu,jingjijishukaifa,116000,JJJSKFQ,local_county,0,0
2200209,22,22002,210000,辽宁省,大连市,西岗区,西岗,xigangqu,xigang,116000,XGQ,local_county,1,1
2200210,22,22002,210000,辽宁省,大连市,金州区,金州,jinzhouqu,jinzhou,116000,JZQ,local_county,1,1
2200211,22,22002,210000,辽宁省,大连市,长沙岛,长沙岛,changshadao,changshadao,116000,CSD,local_county,0,0
2200212,22,22002,210000,辽宁省,大连市,长海县,长海,zhanghaixian,zhanghai,116500,CHX,local_county,1,1
2200213,22,22002,210000,辽宁省,大连市,高新园区,高新园,gaoxinyuanqu,gaoxinyuan,116000,GXYQ,local_county,0,0
2200301,22,22003,210000,辽宁省,抚顺市,东洲区,东洲,dongzhouqu,dongzhou,113000,DZQ,local_county,1,1
2200302,22,22003,210000,辽宁省,抚顺市,抚顺县,抚顺,fushunxian,fushun,113100,FSX,local_county,1,1
2200303,22,22003,210000,辽宁省,抚顺市,新宾满族自治县,新宾满族,xinbinmanzuzizhixian,xinbinmanzu,113200,XBMZZZX,local_county,1,1
2200304,22,22003,210000,辽宁省,抚顺市,新抚区,新抚,xinfuqu,xinfu,113000,XFQ,local_county,1,1
2200305,22,22003,210000,辽宁省,抚顺市,望花区,望花,wanghuaqu,wanghua,113000,WHQ,local_county,1,1
2200306,22,22003,210000,辽宁省,抚顺市,清原满族自治县,清原满族,qingyuanmanzuzizhixian,qingyuanmanzu,113300,QYMZZZX,local_county,1,1
2200307,22,22003,210000,辽宁省,抚顺市,顺城区,顺城,shunchengqu,shuncheng,113000,SCQ,local_county,1,1
2200401,22,22004,210000,辽宁省,朝阳市,凌源市,凌源,lingyuanshi,lingyuan,122500,LYS,local_county,1,1
2200402,22,22004,210000,辽宁省,朝阳市,北票市,北票,beipiaoshi,beipiao,122100,BPS,local_county,1,1
2200403,22,22004,210000,辽宁省,朝阳市,双塔区,双塔,shuangtaqu,shuangta,122000,STQ,local_county,1,1
2200404,22,22004,210000,辽宁省,朝阳市,喀喇沁左翼蒙古族自治县,喀喇沁左翼蒙古族,kalaqinzuoyimengguzuzizhixian,kalaqinzuoyimengguzu,122300,KLQZYMGZZZ,local_county,1,1
2200405,22,22004,210000,辽宁省,朝阳市,建平县,建平,jianpingxian,jianping,122400,JPX,local_county,1,1
2200406,22,22004,210000,辽宁省,朝阳市,朝阳县,朝阳,zhaoyangxian,zhaoyang,122000,CYX,local_county,1,1
2200407,22,22004,210000,辽宁省,朝阳市,龙城区,龙城,longchengqu,longcheng,122000,LCQ,local_county,1,1
2200501,22,22005,210000,辽宁省,本溪市,南芬区,南芬,nanfenqu,nanfen,117000,NFQ,local_county,1,1
2200502,22,22005,210000,辽宁省,本溪市,平山区,平山,pingshanqu,pingshan,117000,PSQ,local_county,1,1
2200503,22,22005,210000,辽宁省,本溪市,明山区,明山,mingshanqu,mingshan,117000,MSQ,local_county,1,1
2200504,22,22005,210000,辽宁省,本溪市,本溪满族自治县,本溪满族,benximanzuzizhixian,benximanzu,117100,BXMZZZX,local_county,1,1
2200505,22,22005,210000,辽宁省,本溪市,桓仁满族自治县,桓仁满族,huanrenmanzuzizhixian,huanrenmanzu,117200,HRMZZZX,local_county,1,1
2200506,22,22005,210000,辽宁省,本溪市,溪湖区,溪湖,xihuqu,xihu,117000,XHQ,local_county,1,1
2200601,22,22006,210000,辽宁省,沈阳市,东陵区,东陵,donglingqu,dongling,110000,DLQ,local_county,0,0
2200602,22,22006,210000,辽宁省,沈阳市,于洪区,于洪,yuhongqu,yuhong,110000,YHQ,local_county,1,1
2200603,22,22006,210000,辽宁省,沈阳市,南新区,南,nanxinqu,nan,110000,NXQ,local_county,0,0
2200604,22,22006,210000,辽宁省,沈阳市,和平区,和平,hepingqu,heping,110000,HPQ,local_county,1,1
2200605,22,22006,210000,辽宁省,沈阳市,大东区,大东,dadongqu,dadong,110000,DDQ,local_county,1,1
2200606,22,22006,210000,辽宁省,沈阳市,康平县,康平,kangpingxian,kangping,110500,KPX,local_county,1,1
2200607,22,22006,210000,辽宁省,沈阳市,新城子区,新城子,xinchengziqu,xinchengzi,110000,XCZQ,local_county,0,0
2200608,22,22006,210000,辽宁省,沈阳市,新民市,新民,xinminshi,xinmin,110300,XMS,local_county,1,1
2200609,22,22006,210000,辽宁省,沈阳市,沈北新区,沈北,shenbeixinqu,shenbei,110000,SBXQ,local_county,1,1
2200610,22,22006,210000,辽宁省,沈阳市,沈河区,沈河,shenhequ,shenhe,110000,SHQ,local_county,1,1
2200611,22,22006,210000,辽宁省,沈阳市,法库县,法库,fakuxian,faku,110400,FKX,local_county,1,1
2200612,22,22006,210000,辽宁省,沈阳市,浑南新区,浑南,hunnanxinqu,hunnan,110000,HNXQ,local_county,1,1
2200613,22,22006,210000,辽宁省,沈阳市,皇姑区,皇姑,huangguqu,huanggu,110000,HGQ,local_county,1,1
2200614,22,22006,210000,辽宁省,沈阳市,苏家屯区,苏家屯,sujiatunqu,sujiatun,110100,SJTQ,local_county,1,1
2200615,22,22006,210000,辽宁省,沈阳市,辽中县,辽中,liaozhongxian,liaozhong,110200,LZX,local_county,1,1
2200616,22,22006,210000,辽宁省,沈阳市,铁西区,铁西,tiexiqu,tiexi,110020,TXQ,local_county,1,1
2200701,22,22007,210000,辽宁省,盘锦市,兴隆台区,兴隆台,xinglongtaiqu,xinglongtai,124000,XLTQ,local_county,1,1
2200702,22,22007,210000,辽宁省,盘锦市,双台子区,双台子,shuangtaiziqu,shuangtaizi,124000,STZQ,local_county,1,1
2200703,22,22007,210000,辽宁省,盘锦市,大洼县,大洼,dawaxian,dawa,124200,DWX,local_county,0,0
2200704,22,22007,210000,辽宁省,盘锦市,盘山县,盘山,panshanxian,panshan,124100,PSX,local_county,1,1
2200801,22,22008,210000,辽宁省,营口市,大石桥市,大石桥,dashiqiaoshi,dashiqiao,115100,DSQS,local_county,1,1
2200802,22,22008,210000,辽宁省,营口市,盖州市,盖州,gaizhoushi,gaizhou,115200,GZS,local_county,1,1
2200803,22,22008,210000,辽宁省,营口市,站前区,站前,zhanqianqu,zhanqian,115000,ZQQ,local_county,1,1
2200804,22,22008,210000,辽宁省,营口市,老边区,老边,laobianqu,laobian,115000,LBQ,local_county,1,1
2200805,22,22008,210000,辽宁省,营口市,西市区,西市,xishiqu,xishi,115000,XSQ,local_county,1,1
2200806,22,22008,210000,辽宁省,营口市,鲅鱼圈区,鲅鱼圈,bayuquanqu,bayuquan,115000,YQQ,local_county,1,1
2200901,22,22009,210000,辽宁省,葫芦岛市,兴城市,兴城,xingchengshi,xingcheng,125100,XCS,local_county,1,1
2200902,22,22009,210000,辽宁省,葫芦岛市,南票区,南票,nanpiaoqu,nanpiao,125000,NPQ,local_county,1,1
2200903,22,22009,210000,辽宁省,葫芦岛市,建昌县,建昌,jianchangxian,jianchang,125300,JCX,local_county,1,1
2200904,22,22009,210000,辽宁省,葫芦岛市,绥中县,绥中,suizhongxian,suizhong,125200,SZX,local_county,1,1
2200905,22,22009,210000,辽宁省,葫芦岛市,连山区,连山,lianshanqu,lianshan,125000,LSQ,local_county,1,1
2200906,22,22009,210000,辽宁省,葫芦岛市,龙港区,龙港,longgangqu,longgang,125000,LGQ,local_county,1,1
2201001,22,22010,210000,辽宁省,辽阳市,太子河区,太子河,taizihequ,taizihe,111000,TZHQ,local_county,1,1
2201002,22,22010,210000,辽宁省,辽阳市,宏伟区,宏伟,hongweiqu,hongwei,111000,HWQ,local_county,1,1
2201003,22,22010,210000,辽宁省,辽阳市,弓长岭区,弓长岭,gongzhanglingqu,gongzhangling,111000,GCLQ,local_county,1,1
2201004,22,22010,210000,辽宁省,辽阳市,文圣区,文圣,wenshengqu,wensheng,111000,WSQ,local_county,1,1
2201005,22,22010,210000,辽宁省,辽阳市,灯塔市,灯塔,dengtashi,dengta,111300,DTS,local_county,1,1
2201006,22,22010,210000,辽宁省,辽阳市,白塔区,白塔,baitaqu,baita,111000,BTQ,local_county,1,1
2201007,22,22010,210000,辽宁省,辽阳市,辽阳县,辽阳,liaoyangxian,liaoyang,111200,LYX,local_county,1,1
2201101,22,22011,210000,辽宁省,铁岭市,开原市,开原,kaiyuanshi,kaiyuan,112300,KYS,local_county,1,1
2201102,22,22011,210000,辽宁省,铁岭市,昌图县,昌图,changtuxian,changtu,112500,CTX,local_county,1,1
2201103,22,22011,210000,辽宁省,铁岭市,清河区,清河,qinghequ,qinghe,112000,QHQ,local_county,1,1
2201104,22,22011,210000,辽宁省,铁岭市,西丰县,西丰,xifengxian,xifeng,112400,XFX,local_county,1,1
2201105,22,22011,210000,辽宁省,铁岭市,调兵山市,调兵山,diaobingshanshi,diaobingshan,112700,DBSS,local_county,1,1
2201106,22,22011,210000,辽宁省,铁岭市,铁岭县,铁岭,tielingxian,tieling,112600,TLX,local_county,1,1
2201107,22,22011,210000,辽宁省,铁岭市,银州区,银州,yinzhouqu,yinzhou,112000,YZQ,local_county,1,1
2201201,22,22012,210000,辽宁省,锦州市,义县,义,yixian,yi,121100,YX,local_county,1,1
2201202,22,22012,210000,辽宁省,锦州市,凌河区,凌河,linghequ,linghe,121000,LHQ,local_county,1,1
2201203,22,22012,210000,辽宁省,锦州市,凌海市,凌海,linghaishi,linghai,121200,LHS,local_county,1,1
2201204,22,22012,210000,辽宁省,锦州市,北宁市,北宁,beiningshi,beining,121200,BNS,local_county,0,0
2201205,22,22012,210000,辽宁省,锦州市,北镇市,北镇,beizhenshi,beizhen,121300,BZS,local_county,1,1
2201206,22,22012,210000,辽宁省,锦州市,古塔区,古塔,gutaqu,guta,121000,GTQ,local_county,1,1
2201207,22,22012,210000,辽宁省,锦州市,太和区,太和,taihequ,taihe,121000,THQ,local_county,1,1
2201208,22,22012,210000,辽宁省,锦州市,经济技术开发区,经济技术开发,jingjijishukaifaqu,jingjijishukaifa,121000,JJJSKFQ,local_county,0,0
2201209,22,22012,210000,辽宁省,锦州市,黑山县,黑山,heishanxian,heishan,121400,HSX,local_county,1,1
2201301,22,22013,210000,辽宁省,阜新市,太平区,太平,taipingqu,taiping,123000,TPQ,local_county,1,1
2201302,22,22013,210000,辽宁省,阜新市,彰武县,彰武,zhangwuxian,zhangwu,123200,ZWX,local_county,1,1
2201303,22,22013,210000,辽宁省,阜新市,新邱区,新邱,xinqiuqu,xinqiu,123000,XQQ,local_county,1,1
2201304,22,22013,210000,辽宁省,阜新市,海州区,海州,haizhouqu,haizhou,123000,HZQ,local_county,1,1
2201305,22,22013,210000,辽宁省,阜新市,清河门区,清河门,qinghemenqu,qinghemen,123000,QHMQ,local_county,1,1
2201306,22,22013,210000,辽宁省,阜新市,细河区,细河,xihequ,xihe,123000,XHQ,local_county,1,1
2201307,22,22013,210000,辽宁省,阜新市,阜新蒙古族自治县,阜新蒙古族,fuxinmengguzuzizhixian,fuxinmengguzu,123100,FXMGZZZX,local_county,1,1
2201401,22,22014,210000,辽宁省,鞍山市,千山区,千山,qianshanqu,qianshan,114000,QSQ,local_county,1,1
2201402,22,22014,210000,辽宁省,鞍山市,台安县,台安,taianxian,taian,114100,TAX,local_county,1,1
2201403,22,22014,210000,辽宁省,鞍山市,岫岩满族自治县,岫岩满族,xiuyanmanzuzizhixian,xiuyanmanzu,118400,YMZZZX,local_county,1,1
2201404,22,22014,210000,辽宁省,鞍山市,海城市,海城,haichengshi,haicheng,114200,HCS,local_county,1,1
2201405,22,22014,210000,辽宁省,鞍山市,立山区,立山,lishanqu,lishan,114000,LSQ,local_county,1,1
2201406,22,22014,210000,辽宁省,鞍山市,铁东区,铁东,tiedongqu,tiedong,114000,TDQ,local_county,1,1
2201407,22,22014,210000,辽宁省,鞍山市,铁西区,铁西,tiexiqu,tiexi,110020,TXQ,local_county,1,1
3900101,39,39001,610000,陕西省,咸阳市,三原县,三原,sanyuanxian,sanyuan,713800,SYX,local_county,1,1
3900102,39,39001,610000,陕西省,咸阳市,乾县,乾,qianxian,qian,713300,QX,local_county,1,1
3900103,39,39001,610000,陕西省,咸阳市,兴平市,兴平,xingpingshi,xingping,713100,XPS,local_county,1,1
3900104,39,39001,610000,陕西省,咸阳市,彬县,彬,binxian,bin,713500,BX,local_county,1,1
3900105,39,39001,610000,陕西省,咸阳市,旬邑县,旬邑,xunyixian,xunyi,711300,XYX,local_county,1,1
3900106,39,39001,610000,陕西省,咸阳市,杨凌区,杨凌,yanglingqu,yangling,712000,YLQ,local_county,1,1
3900107,39,39001,610000,陕西省,咸阳市,杨陵区,杨陵,yanglingqu,yangling,712000,YLQ,local_county,1,1
3900108,39,39001,610000,陕西省,咸阳市,武功县,武功,wugongxian,wugong,712200,WGX,local_county,1,1
3900109,39,39001,610000,陕西省,咸阳市,永寿县,永寿,yongshouxian,yongshou,713400,YSX,local_county,1,1
3900110,39,39001,610000,陕西省,咸阳市,泾阳县,泾阳,jingyangxian,jingyang,713700,YX,local_county,1,1
3900111,39,39001,610000,陕西省,咸阳市,淳化县,淳化,chunhuaxian,chunhua,711200,CHX,local_county,1,1
3900112,39,39001,610000,陕西省,咸阳市,渭城区,渭城,weichengqu,weicheng,712000,CQ,local_county,1,1
3900113,39,39001,610000,陕西省,咸阳市,礼泉县,礼泉,liquanxian,liquan,713200,LQX,local_county,1,1
3900114,39,39001,610000,陕西省,咸阳市,秦都区,秦都,qindouqu,qindou,712000,QDQ,local_county,1,1
3900115,39,39001,610000,陕西省,咸阳市,长武县,长武,zhangwuxian,zhangwu,713600,CWX,local_county,1,1
3900201,39,39002,610000,陕西省,商洛市,丹凤县,丹凤,danfengxian,danfeng,726200,DFX,local_county,1,1
3900202,39,39002,610000,陕西省,商洛市,商南县,商南,shangnanxian,shangnan,726300,SNX,local_county,1,1
3900203,39,39002,610000,陕西省,商洛市,商州区,商州,shangzhouqu,shangzhou,726000,SZQ,local_county,1,1
3900204,39,39002,610000,陕西省,商洛市,山阳县,山阳,shanyangxian,shanyang,726400,SYX,local_county,1,1
3900205,39,39002,610000,陕西省,商洛市,柞水县,柞水,zhashuixian,zhashui,711400,ZSX,local_county,1,1
3900206,39,39002,610000,陕西省,商洛市,洛南县,洛南,luonanxian,luonan,726100,LNX,local_county,1,1
3900207,39,39002,610000,陕西省,商洛市,镇安县,镇安,zhenanxian,zhenan,711500,ZAX,local_county,1,1
3900301,39,39003,610000,陕西省,安康市,宁陕县,宁陕,ningshanxian,ningshan,711600,NSX,local_county,1,1
3900302,39,39003,610000,陕西省,安康市,岚皋县,岚皋,langaoxian,langao,725400,GX,local_county,1,1
3900303,39,39003,610000,陕西省,安康市,平利县,平利,pinglixian,pingli,725500,PLX,local_county,1,1
3900304,39,39003,610000,陕西省,安康市,旬阳县,旬阳,xunyangxian,xunyang,725700,XYX,local_county,1,1
3900305,39,39003,610000,陕西省,安康市,汉滨区,汉滨,hanbinqu,hanbin,725000,HBQ,local_county,1,1
3900306,39,39003,610000,陕西省,安康市,汉阴县,汉阴,hanyinxian,hanyin,725100,HYX,local_county,1,1
3900307,39,39003,610000,陕西省,安康市,白河县,白河,baihexian,baihe,725800,BHX,local_county,1,1
3900308,39,39003,610000,陕西省,安康市,石泉县,石泉,shiquanxian,shiquan,725200,SQX,local_county,1,1
3900309,39,39003,610000,陕西省,安康市,紫阳县,紫阳,ziyangxian,ziyang,725300,ZYX,local_county,1,1
3900310,39,39003,610000,陕西省,安康市,镇坪县,镇坪,zhenpingxian,zhenping,725600,ZPX,local_county,1,1
3900401,39,39004,610000,陕西省,宝鸡市,凤县,凤,fengxian,feng,721700,FX,local_county,1,1
3900402,39,39004,610000,陕西省,宝鸡市,凤翔县,凤翔,fengxiangxian,fengxiang,721400,FXX,local_county,1,1
3900403,39,39004,610000,陕西省,宝鸡市,千阳县,千阳,qianyangxian,qianyang,721100,QYX,local_county,1,1
3900404,39,39004,610000,陕西省,宝鸡市,太白县,太白,taibaixian,taibai,721600,TBX,local_county,1,1
3900405,39,39004,610000,陕西省,宝鸡市,宝鸡县,宝鸡,baojixian,baoji,721600,BJX,local_county,0,0
3900406,39,39004,610000,陕西省,宝鸡市,岐山县,岐山,qishanxian,qishan,722400,SX,local_county,1,1
3900407,39,39004,610000,陕西省,宝鸡市,扶风县,扶风,fufengxian,fufeng,722200,FFX,local_county,1,1
3900408,39,39004,610000,陕西省,宝鸡市,渭滨区,渭滨,weibinqu,weibin,721000,BQ,local_county,1,1
3900409,39,39004,610000,陕西省,宝鸡市,眉县,眉,meixian,mei,722300,X,local_county,1,1
3900410,39,39004,610000,陕西省,宝鸡市,金台区,金台,jintaiqu,jintai,721000,JTQ,local_county,1,1
3900411,39,39004,610000,陕西省,宝鸡市,陇县,陇,longxian,long,721200,X,local_county,1,1
3900412,39,39004,610000,陕西省,宝鸡市,陈仓区,陈仓,chencangqu,chencang,721300,CCQ,local_county,1,1
3900413,39,39004,610000,陕西省,宝鸡市,麟游县,麟游,linyouxian,linyou,721500,YX,local_county,1,1
3900501,39,39005,610000,陕西省,延安市,吴旗县,吴旗,wuqixian,wuqi,721500,WQX,local_county,1,1
3900502,39,39005,610000,陕西省,延安市,吴起县,吴起,wuqixian,wuqi,717600,WQX,local_county,1,1
3900503,39,39005,610000,陕西省,延安市,子长县,子长,zizhangxian,zizhang,717300,ZCX,local_county,1,1
3900504,39,39005,610000,陕西省,延安市,安塞县,安塞,ansaixian,ansai,717400,ASX,local_county,0,0
3900505,39,39005,610000,陕西省,延安市,宜川县,宜川,yichuanxian,yichuan,716200,YCX,local_county,1,1
3900506,39,39005,610000,陕西省,延安市,宝塔区,宝塔,baotaqu,baota,716000,BTQ,local_county,1,1
3900507,39,39005,610000,陕西省,延安市,富县,富,fuxian,fu,727500,FX,local_county,1,1
3900508,39,39005,610000,陕西省,延安市,延川县,延川,yanchuanxian,yanchuan,717200,YCX,local_county,1,1
3900509,39,39005,610000,陕西省,延安市,延长县,延长,yanchangxian,yanchang,717100,YCX,local_county,1,1
3900510,39,39005,610000,陕西省,延安市,志丹县,志丹,zhidanxian,zhidan,717500,ZDX,local_county,1,1
3900511,39,39005,610000,陕西省,延安市,洛川县,洛川,luochuanxian,luochuan,727400,LCX,local_county,1,1
3900512,39,39005,610000,陕西省,延安市,甘泉县,甘泉,ganquanxian,ganquan,716100,GQX,local_county,1,1
3900513,39,39005,610000,陕西省,延安市,黄陵县,黄陵,huanglingxian,huangling,727300,HLX,local_county,1,1
3900514,39,39005,610000,陕西省,延安市,黄龙县,黄龙,huanglongxian,huanglong,715700,HLX,local_county,1,1
3900601,39,39006,610000,陕西省,榆林市,佳县,佳,jiaxian,jia,719200,JX,local_county,1,1
3900602,39,39006,610000,陕西省,榆林市,吴堡县,吴堡,wubuxian,wubu,718200,WBX,local_county,1,1
3900603,39,39006,610000,陕西省,榆林市,子洲县,子洲,zizhouxian,zizhou,718400,ZZX,local_county,1,1
3900604,39,39006,610000,陕西省,榆林市,定边县,定边,dingbianxian,dingbian,718600,DBX,local_county,1,1
3900605,39,39006,610000,陕西省,榆林市,府谷县,府谷,fuguxian,fugu,719400,FGX,local_county,1,1
3900606,39,39006,610000,陕西省,榆林市,榆阳区,榆阳,yuyangqu,yuyang,719000,YYQ,local_county,1,1
3900607,39,39006,610000,陕西省,榆林市,横山县,横山,hengshanxian,hengshan,719200,HSX,local_county,1,1
3900608,39,39006,610000,陕西省,榆林市,清涧县,清涧,qingjianxian,qingjian,718300,QJX,local_county,1,1
3900609,39,39006,610000,陕西省,榆林市,神木县,神木,shenmuxian,shenmu,719300,SMX,local_county,1,1
3900610,39,39006,610000,陕西省,榆林市,米脂县,米脂,mizhixian,mizhi,718100,MZX,local_county,1,1
3900611,39,39006,610000,陕西省,榆林市,绥德县,绥德,suidexian,suide,718000,SDX,local_county,1,1
3900612,39,39006,610000,陕西省,榆林市,靖边县,靖边,jingbianxian,jingbian,718500,JBX,local_county,1,1
3900701,39,39007,610000,陕西省,汉中市,佛坪县,佛坪,fupingxian,fuping,723400,FPX,local_county,1,1
3900702,39,39007,610000,陕西省,汉中市,勉县,勉,mianxian,mian,724200,MX,local_county,1,1
3900703,39,39007,610000,陕西省,汉中市,南郑县,南郑,nanzhengxian,nanzheng,723100,NZX,local_county,1,1
3900704,39,39007,610000,陕西省,汉中市,城固县,城固,chengguxian,chenggu,723200,CGX,local_county,1,1
3900705,39,39007,610000,陕西省,汉中市,宁强县,宁强,ningqiangxian,ningqiang,724400,NQX,local_county,1,1
3900706,39,39007,610000,陕西省,汉中市,汉台区,汉台,hantaiqu,hantai,723000,HTQ,local_county,1,1
3900707,39,39007,610000,陕西省,汉中市,洋县,洋,yangxian,yang,723300,YX,local_county,1,1
3900708,39,39007,610000,陕西省,汉中市,留坝县,留坝,liubaxian,liuba,724100,LBX,local_county,1,1
3900709,39,39007,610000,陕西省,汉中市,略阳县,略阳,lveyangxian,lveyang,724300,LYX,local_county,1,1
3900710,39,39007,610000,陕西省,汉中市,西乡县,西乡,xixiangxian,xixiang,723500,XXX,local_county,1,1
3900711,39,39007,610000,陕西省,汉中市,镇巴县,镇巴,zhenbaxian,zhenba,723600,ZBX,local_county,1,1
3900801,39,39008,610000,陕西省,渭南市,临渭区,临渭,linweiqu,linwei,714000,LQ,local_county,1,1
3900802,39,39008,610000,陕西省,渭南市,华县,华,huaxian,hua,714100,HX,local_county,0,0
3900803,39,39008,610000,陕西省,渭南市,华阴市,华阴,huayinshi,huayin,714200,HYS,local_county,1,1
3900804,39,39008,610000,陕西省,渭南市,合阳县,合阳,heyangxian,heyang,715300,HYX,local_county,1,1
3900805,39,39008,610000,陕西省,渭南市,大荔县,大荔,dalixian,dali,715100,DLX,local_county,1,1
3900806,39,39008,610000,陕西省,渭南市,富平县,富平,fupingxian,fuping,711700,FPX,local_county,1,1
3900807,39,39008,610000,陕西省,渭南市,潼关县,潼关,tongguanxian,tongguan,714300,GX,local_county,1,1
3900808,39,39008,610000,陕西省,渭南市,澄城县,澄城,chengchengxian,chengcheng,715200,CCX,local_county,1,1
3900809,39,39008,610000,陕西省,渭南市,白水县,白水,baishuixian,baishui,715600,BSX,local_county,1,1
3900810,39,39008,610000,陕西省,渭南市,蒲城县,蒲城,puchengxian,pucheng,715500,PCX,local_county,1,1
3900811,39,39008,610000,陕西省,渭南市,韩城市,韩城,hanchengshi,hancheng,715400,HCS,local_county,1,1
3900901,39,39009,610000,陕西省,西安市,临潼区,临潼,lintongqu,lintong,710600,LQ,local_county,1,1
3900902,39,39009,610000,陕西省,西安市,周至县,周至,zhouzhixian,zhouzhi,710400,ZZX,local_county,1,1
3900903,39,39009,610000,陕西省,西安市,户县,户,huxian,hu,710300,HX,local_county,1,1
3900904,39,39009,610000,陕西省,西安市,新城区,新城,xinchengqu,xincheng,010000,XCQ,local_county,1,1
3900905,39,39009,610000,陕西省,西安市,未央区,未央,weiyangqu,weiyang,710000,YQ,local_county,1,1
3900906,39,39009,610000,陕西省,西安市,灞桥区,灞桥,baqiaoqu,baqiao,710000,QQ,local_county,1,1
3900907,39,39009,610000,陕西省,西安市,碑林区,碑,beilinqu,bei,710000,BLQ,local_county,1,1
3900908,39,39009,610000,陕西省,西安市,莲湖区,莲湖,lianhuqu,lianhu,710000,LHQ,local_county,1,1
3900909,39,39009,610000,陕西省,西安市,蓝田县,蓝田,lantianxian,lantian,710500,LTX,local_county,1,1
3900910,39,39009,610000,陕西省,西安市,长安区,长安,changanqu,changan,050000,CAQ,local_county,1,1
3900911,39,39009,610000,陕西省,西安市,阎良区,阎良,yanliangqu,yanliang,710000,YLQ,local_county,1,1
3900912,39,39009,610000,陕西省,西安市,雁塔区,雁塔,yantaqu,yanta,710000,YTQ,local_county,1,1
3900913,39,39009,610000,陕西省,西安市,高新区,高,gaoxinqu,gao,710000,GXQ,local_county,1,1
3900914,39,39009,610000,陕西省,西安市,高陵县,高陵,gaolingxian,gaoling,710200,GLX,local_county,0,0
3901001,39,39010,610000,陕西省,铜川市,印台区,印台,yintaiqu,yintai,727000,YTQ,local_county,1,1
3901002,39,39010,610000,陕西省,铜川市,宜君县,宜君,yijunxian,yijun,727200,YJX,local_county,1,1
3901003,39,39010,610000,陕西省,铜川市,王益区,王益,wangyiqu,wangyi,727000,WYQ,local_county,1,1
3901004,39,39010,610000,陕西省,铜川市,耀州区,耀州,yaozhouqu,yaozhou,727100,YZQ,local_county,1,1
2700101,27,27001,063000,青海省,果洛藏族自治州,久治县,久治,jiuzhixian,jiuzhi,624700,JZX,local_county,1,1
2700102,27,27001,063000,青海省,果洛藏族自治州,玛多县,玛多,maduoxian,maduo,813500,MDX,local_county,1,1
2700103,27,27001,063000,青海省,果洛藏族自治州,玛沁县,玛沁,maqinxian,maqin,814000,MQX,local_county,1,1
2700104,27,27001,063000,青海省,果洛藏族自治州,班玛县,班玛,banmaxian,banma,814300,BMX,local_county,1,1
2700105,27,27001,063000,青海省,果洛藏族自治州,甘德县,甘德,gandexian,gande,814100,GDX,local_county,1,1
2700106,27,27001,063000,青海省,果洛藏族自治州,达日县,达日,darixian,dari,814200,DRX,local_county,1,1
2700201,27,27002,063000,青海省,海东地区,乐都县,乐都,leduxian,ledu,810700,LDX,local_county,0,0
2700202,27,27002,063000,青海省,海东地区,互助土族自治县,互助土族,huzhutuzuzizhixian,huzhutuzu,810500,HZTZZZX,local_county,0,0
2700203,27,27002,063000,青海省,海东地区,化隆回族自治县,化隆回族,hualonghuizuzizhixian,hualonghuizu,810900,HLHZZZX,local_county,0,0
2700204,27,27002,063000,青海省,海东地区,平安县,平安,pinganxian,pingan,810600,PAX,local_county,0,0
2700205,27,27002,063000,青海省,海东地区,循化撒拉族自治县,循化撒拉族,xunhuasalazuzizhixian,xunhuasalazu,811100,XHSLZZZX,local_county,0,0
2700206,27,27002,063000,青海省,海东地区,民和回族土族自治县,民和回族土族,minhehuizutuzuzizhixian,minhehuizutuzu,810800,MHHZTZZZX,local_county,0,0
2700301,27,27003,063000,青海省,海北藏族自治州,刚察县,刚察,gangchaxian,gangcha,812300,GCX,local_county,1,1
2700302,27,27003,063000,青海省,海北藏族自治州,海晏县,海晏,haiyanxian,haiyan,812200,HX,local_county,1,1
2700303,27,27003,063000,青海省,海北藏族自治州,祁连县,祁连,qilianxian,qilian,810400,QLX,local_county,1,1
2700304,27,27003,063000,青海省,海北藏族自治州,门源回族自治县,门源回族,menyuanhuizuzizhixian,menyuanhuizu,810300,MYHZZZX,local_county,1,1
2700401,27,27004,063000,青海省,海南藏族自治州,共和县,共和,gonghexian,gonghe,813000,GHX,local_county,1,1
2700402,27,27004,063000,青海省,海南藏族自治州,兴海县,兴海,xinghaixian,xinghai,813300,XHX,local_county,1,1
2700403,27,27004,063000,青海省,海南藏族自治州,同德县,同德,tongdexian,tongde,813200,TDX,local_county,1,1
2700404,27,27004,063000,青海省,海南藏族自治州,贵南县,贵南,guinanxian,guinan,813100,GNX,local_county,1,1
2700405,27,27004,063000,青海省,海南藏族自治州,贵德县,贵德,guidexian,guide,811700,GDX,local_county,1,1
2700501,27,27005,063000,青海省,海西蒙古族藏族自治州,乌兰县,乌兰,wulanxian,wulan,817100,WLX,local_county,1,1
2700502,27,27005,063000,青海省,海西蒙古族藏族自治州,天峻县,天峻,tianjunxian,tianjun,817200,TJX,local_county,1,1
2700503,27,27005,063000,青海省,海西蒙古族藏族自治州,德令哈市,德令哈,delinghashi,delingha,817000,DLHS,local_county,1,1
2700504,27,27005,063000,青海省,海西蒙古族藏族自治州,格尔木市,格尔木,geermushi,geermu,816000,GEMS,local_county,1,1
2700505,27,27005,063000,青海省,海西蒙古族藏族自治州,都兰县,都兰,doulanxian,doulan,816100,DLX,local_county,1,1
2700601,27,27006,063000,青海省,玉树藏族自治州,囊谦县,囊谦,nangqianxian,nangqian,815200,NQX,local_county,1,1
2700602,27,27006,063000,青海省,玉树藏族自治州,曲麻莱县,曲麻莱,qumalaixian,qumalai,815500,QMLX,local_county,1,1
2700603,27,27006,063000,青海省,玉树藏族自治州,杂多县,杂多,zaduoxian,zaduo,815300,ZDX,local_county,1,1
2700604,27,27006,063000,青海省,玉树藏族自治州,治多县,治多,zhiduoxian,zhiduo,815400,ZDX,local_county,1,1
2700605,27,27006,063000,青海省,玉树藏族自治州,玉树县,玉树,yushuxian,yushu,815000,YSX,local_county,0,0
2700606,27,27006,063000,青海省,玉树藏族自治州,称多县,称多,chengduoxian,chengduo,815100,CDX,local_county,1,1
2700701,27,27007,063000,青海省,西宁市,城东区,城东,chengdongqu,chengdong,810000,CDQ,local_county,1,1
2700702,27,27007,063000,青海省,西宁市,城中区,城中,chengzhongqu,chengzhong,545000,CZQ,local_county,1,1
2700703,27,27007,063000,青海省,西宁市,城北区,城北,chengbeiqu,chengbei,810000,CBQ,local_county,1,1
2700704,27,27007,063000,青海省,西宁市,城西区,城西,chengxiqu,chengxi,810000,CXQ,local_county,1,1
2700705,27,27007,063000,青海省,西宁市,大通回族土族自治县,大通回族土族,datonghuizutuzuzizhixian,datonghuizutuzu,810100,DTHZTZZZX,local_county,1,1
2700706,27,27007,063000,青海省,西宁市,湟中县,湟中,huangzhongxian,huangzhong,811600,ZX,local_county,1,1
2700707,27,27007,063000,青海省,西宁市,湟源县,湟源,huangyuanxian,huangyuan,812100,YX,local_county,1,1
2700801,27,27008,063000,青海省,黄南藏族自治州,同仁县,同仁,tongrenxian,tongren,811300,TRX,local_county,1,1
2700802,27,27008,063000,青海省,黄南藏族自治州,尖扎县,尖扎,jianzhaxian,jianzha,811200,JZX,local_county,1,1
2700803,27,27008,063000,青海省,黄南藏族自治州,河南蒙古族自治县,河南蒙古族,henanmengguzuzizhixian,henanmengguzu,811500,HNMGZZZX,local_county,1,1
2700804,27,27008,063000,青海省,黄南藏族自治州,泽库县,泽库,zekuxian,zeku,811400,ZKX,local_county,1,1
2600101,26,26001,230000,黑龙江省,七台河市,勃利县,勃利,bolixian,boli,154500,BLX,local_county,1,1
2600102,26,26001,230000,黑龙江省,七台河市,新兴区,新兴,xinxingqu,xinxing,154600,XXQ,local_county,1,1
2600103,26,26001,230000,黑龙江省,七台河市,桃山区,桃山,taoshanqu,taoshan,154600,TSQ,local_county,1,1
2600104,26,26001,230000,黑龙江省,七台河市,茄子河区,茄子河,qiezihequ,qiezihe,154600,QZHQ,local_county,1,1
2600201,26,26002,230000,黑龙江省,伊春市,上甘岭区,上甘岭,shangganlingqu,shangganling,153000,SGLQ,local_county,1,1
2600202,26,26002,230000,黑龙江省,伊春市,乌伊岭区,乌伊岭,wuyilingqu,wuyiling,153000,WYLQ,local_county,1,1
2600203,26,26002,230000,黑龙江省,伊春市,乌马河区,乌马河,wumahequ,wumahe,153000,WMHQ,local_county,1,1
2600204,26,26002,230000,黑龙江省,伊春市,五营区,五营,wuyingqu,wuying,153000,WYQ,local_county,1,1
2600205,26,26002,230000,黑龙江省,伊春市,伊春区,伊春,yichunqu,yichun,153000,YCQ,local_county,1,1
2600206,26,26002,230000,黑龙江省,伊春市,南岔区,南岔,nanchaqu,nancha,153000,NCQ,local_county,1,1
2600207,26,26002,230000,黑龙江省,伊春市,友好区,友好,youhaoqu,youhao,153000,YHQ,local_county,1,1
2600208,26,26002,230000,黑龙江省,伊春市,嘉荫县,嘉荫,jiayinxian,jiayin,153200,JYX,local_county,1,1
2600209,26,26002,230000,黑龙江省,伊春市,带岭区,带岭,dailingqu,dailing,153000,DLQ,local_county,1,1
2600210,26,26002,230000,黑龙江省,伊春市,新青区,新青,xinqingqu,xinqing,153000,XQQ,local_county,1,1
2600211,26,26002,230000,黑龙江省,伊春市,汤旺河区,汤旺河,tangwanghequ,tangwanghe,153000,TWHQ,local_county,1,1
2600212,26,26002,230000,黑龙江省,伊春市,红星区,红星,hongxingqu,hongxing,153000,HXQ,local_county,1,1
2600213,26,26002,230000,黑龙江省,伊春市,美溪区,美溪,meixiqu,meixi,153000,MXQ,local_county,1,1
2600214,26,26002,230000,黑龙江省,伊春市,翠峦区,翠峦,cuiluanqu,cuiluan,153000,CLQ,local_county,1,1
2600215,26,26002,230000,黑龙江省,伊春市,西林区,西,xilinqu,xi,153000,XLQ,local_county,1,1
2600216,26,26002,230000,黑龙江省,伊春市,金山屯区,金山屯,jinshantunqu,jinshantun,153000,JSTQ,local_county,1,1
2600217,26,26002,230000,黑龙江省,伊春市,铁力市,铁力,tielishi,tieli,152500,TLS,local_county,1,1
2600301,26,26003,230000,黑龙江省,佳木斯市,东风区,东风,dongfengqu,dongfeng,154000,DFQ,local_county,1,1
2600302,26,26003,230000,黑龙江省,佳木斯市,前进区,前进,qianjinqu,qianjin,154000,QJQ,local_county,1,1
2600303,26,26003,230000,黑龙江省,佳木斯市,同江市,同江,tongjiangshi,tongjiang,156400,TJS,local_county,1,1
2600304,26,26003,230000,黑龙江省,佳木斯市,向阳区,向阳,xiangyangqu,xiangyang,154000,XYQ,local_county,1,1
2600305,26,26003,230000,黑龙江省,佳木斯市,富锦市,富锦,fujinshi,fujin,156100,FJS,local_county,1,1
2600306,26,26003,230000,黑龙江省,佳木斯市,抚远县,抚远,fuyuanxian,fuyuan,156500,FYX,local_county,0,0
2600307,26,26003,230000,黑龙江省,佳木斯市,桦南县,桦南,huananxian,huanan,154400,NX,local_county,1,1
2600308,26,26003,230000,黑龙江省,佳木斯市,桦川县,桦川,huachuanxian,huachuan,154300,CX,local_county,1,1
2600309,26,26003,230000,黑龙江省,佳木斯市,永红区,永红,yonghongqu,yonghong,154300,YHQ,local_county,0,0
2600310,26,26003,230000,黑龙江省,佳木斯市,汤原县,汤原,tangyuanxian,tangyuan,154700,TYX,local_county,1,1
2600311,26,26003,230000,黑龙江省,佳木斯市,郊区,郊,jiaoqu,jiao,045000,JQ,local_county,1,1
2600401,26,26004,230000,黑龙江省,双鸭山市,友谊县,友谊,youyixian,youyi,155800,YYX,local_county,1,1
2600402,26,26004,230000,黑龙江省,双鸭山市,四方台区,四方台,sifangtaiqu,sifangtai,155100,SFTQ,local_county,1,1
2600403,26,26004,230000,黑龙江省,双鸭山市,宝山区,宝山,baoshanqu,baoshan,155100,BSQ,local_county,1,1
2600404,26,26004,230000,黑龙江省,双鸭山市,宝清县,宝清,baoqingxian,baoqing,155600,BQX,local_county,1,1
2600405,26,26004,230000,黑龙江省,双鸭山市,尖山区,尖山,jianshanqu,jianshan,155100,JSQ,local_county,1,1
2600406,26,26004,230000,黑龙江省,双鸭山市,岭东区,岭东,lingdongqu,lingdong,155100,LDQ,local_county,1,1
2600407,26,26004,230000,黑龙江省,双鸭山市,集贤县,集贤,jixianxian,jixian,155900,JXX,local_county,1,1
2600408,26,26004,230000,黑龙江省,双鸭山市,饶河县,饶河,raohexian,raohe,155700,RHX,local_county,1,1
2600501,26,26005,230000,黑龙江省,哈尔滨市,五常市,五常,wuchangshi,wuchang,150200,WCS,local_county,1,1
2600502,26,26005,230000,黑龙江省,哈尔滨市,依兰县,依兰,yilanxian,yilan,154800,YLX,local_county,1,1
2600503,26,26005,230000,黑龙江省,哈尔滨市,动力区,动力,dongliqu,dongli,154800,DLQ,local_county,0,0
2600504,26,26005,230000,黑龙江省,哈尔滨市,南岗区,南岗,nangangqu,nangang,150000,NGQ,local_county,1,1
2600505,26,26005,230000,黑龙江省,哈尔滨市,双城市,双城,shuangchengshi,shuangcheng,150100,SCS,local_county,1,1
2600506,26,26005,230000,黑龙江省,哈尔滨市,呼兰区,呼兰,hulanqu,hulan,150500,HLQ,local_county,1,1
2600507,26,26005,230000,黑龙江省,哈尔滨市,太平区,太平,taipingqu,taiping,123000,TPQ,local_county,0,0
2600508,26,26005,230000,黑龙江省,哈尔滨市,宾县,宾,binxian,bin,150400,BX,local_county,1,1
2600509,26,26005,230000,黑龙江省,哈尔滨市,尚志市,尚志,shangzhishi,shangzhi,150600,SZS,local_county,1,1
2600510,26,26005,230000,黑龙江省,哈尔滨市,巴彦县,巴彦,bayanxian,bayan,151800,BYX,local_county,1,1
2600511,26,26005,230000,黑龙江省,哈尔滨市,平房区,平房,pingfangqu,pingfang,150000,PFQ,local_county,1,1
2600512,26,26005,230000,黑龙江省,哈尔滨市,延寿县,延寿,yanshouxian,yanshou,150700,YSX,local_county,1,1
2600513,26,26005,230000,黑龙江省,哈尔滨市,方正县,方正,fangzhengxian,fangzheng,150800,FZX,local_county,1,1
2600514,26,26005,230000,黑龙江省,哈尔滨市,木兰县,木兰,mulanxian,mulan,151900,MLX,local_county,1,1
2600515,26,26005,230000,黑龙江省,哈尔滨市,松北区,松北,songbeiqu,songbei,150000,SBQ,local_county,1,1
2600516,26,26005,230000,黑龙江省,哈尔滨市,通河县,通河,tonghexian,tonghe,150900,THX,local_county,1,1
2600517,26,26005,230000,黑龙江省,哈尔滨市,道外区,道外,daowaiqu,daowai,150000,DWQ,local_county,1,1
2600518,26,26005,230000,黑龙江省,哈尔滨市,道里区,道里,daoliqu,daoli,150000,DLQ,local_county,1,1
2600519,26,26005,230000,黑龙江省,哈尔滨市,阿城区,阿城,achengqu,acheng,150000,ACQ,local_county,1,1
2600520,26,26005,230000,黑龙江省,哈尔滨市,香坊区,香坊,xiangfangqu,xiangfang,150000,XFQ,local_county,1,1
2600601,26,26006,230000,黑龙江省,大兴安岭地区,加格达奇区,加格达奇,jiagedaqiqu,jiagedaqi,165000,JGDQQ,local_county,0,0
2600602,26,26006,230000,黑龙江省,大兴安岭地区,呼中区,呼中,huzhongqu,huzhong,165000,HZQ,local_county,0,0
2600603,26,26006,230000,黑龙江省,大兴安岭地区,呼玛县,呼玛,humaxian,huma,165100,HMX,local_county,1,1
2600604,26,26006,230000,黑龙江省,大兴安岭地区,塔河县,塔河,tahexian,tahe,165200,THX,local_county,1,1
2600605,26,26006,230000,黑龙江省,大兴安岭地区,新林区,新,xinlinqu,xin,165000,XLQ,local_county,0,0
2600606,26,26006,230000,黑龙江省,大兴安岭地区,松岭区,松岭,songlingqu,songling,165000,SLQ,local_county,0,0
2600607,26,26006,230000,黑龙江省,大兴安岭地区,漠河县,漠河,mohexian,mohe,165300,MHX,local_county,1,1
2600701,26,26007,230000,黑龙江省,大庆市,大同区,大同,datongqu,datong,163000,DTQ,local_county,1,1
2600702,26,26007,230000,黑龙江省,大庆市,杜尔伯特蒙古族自治县,杜尔伯特蒙古族,duerbotemengguzuzizhixian,duerbotemengguzu,166200,DEBTMGZZZX,local_county,1,1
2600703,26,26007,230000,黑龙江省,大庆市,林甸县,林甸,lindianxian,lindian,166300,LDX,local_county,1,1
2600704,26,26007,230000,黑龙江省,大庆市,红岗区,红岗,honggangqu,honggang,163000,HGQ,local_county,1,1
2600705,26,26007,230000,黑龙江省,大庆市,肇州县,肇州,zhaozhouxian,zhaozhou,166400,ZZX,local_county,1,1
2600706,26,26007,230000,黑龙江省,大庆市,肇源县,肇源,zhaoyuanxian,zhaoyuan,166500,ZYX,local_county,1,1
2600707,26,26007,230000,黑龙江省,大庆市,萨尔图区,萨尔图,saertuqu,saertu,163000,SETQ,local_county,1,1
2600708,26,26007,230000,黑龙江省,大庆市,让胡路区,让胡路,ranghuluqu,ranghulu,163000,RHLQ,local_county,1,1
2600709,26,26007,230000,黑龙江省,大庆市,龙凤区,龙凤,longfengqu,longfeng,163000,LFQ,local_county,1,1
2600801,26,26008,230000,黑龙江省,牡丹江市,东宁县,东宁,dongningxian,dongning,157200,DNX,local_county,1,1
2600802,26,26008,230000,黑龙江省,牡丹江市,东安区,东安,donganqu,dongan,157000,DAQ,local_county,1,1
2600803,26,26008,230000,黑龙江省,牡丹江市,宁安市,宁安,ninganshi,ningan,157400,NAS,local_county,1,1
2600804,26,26008,230000,黑龙江省,牡丹江市,林口县,林口,linkouxian,linkou,157600,LKX,local_county,1,1
2600805,26,26008,230000,黑龙江省,牡丹江市,海林市,海林,hailinshi,hailin,157100,HLS,local_county,1,1
2600806,26,26008,230000,黑龙江省,牡丹江市,爱民区,爱民,aiminqu,aimin,157000,AMQ,local_county,1,1
2600807,26,26008,230000,黑龙江省,牡丹江市,穆棱市,穆棱,mulengshi,muleng,157500,MLS,local_county,1,1
2600808,26,26008,230000,黑龙江省,牡丹江市,绥芬河市,绥芬河,suifenheshi,suifenhe,157300,SFHS,local_county,1,1
2600809,26,26008,230000,黑龙江省,牡丹江市,西安区,西安,xianqu,xian,136200,XAQ,local_county,1,1
2600810,26,26008,230000,黑龙江省,牡丹江市,阳明区,阳明,yangmingqu,yangming,157000,YMQ,local_county,1,1
2600901,26,26009,230000,黑龙江省,绥化市,兰西县,兰西,lanxixian,lanxi,151500,LXX,local_county,1,1
2600902,26,26009,230000,黑龙江省,绥化市,北林区,北,beilinqu,bei,152000,BLQ,local_county,1,1
2600903,26,26009,230000,黑龙江省,绥化市,安达市,安达,andashi,anda,151400,ADS,local_county,1,1
2600904,26,26009,230000,黑龙江省,绥化市,庆安县,庆安,qinganxian,qingan,152400,QAX,local_county,1,1
2600905,26,26009,230000,黑龙江省,绥化市,明水县,明水,mingshuixian,mingshui,151700,MSX,local_county,1,1
2600906,26,26009,230000,黑龙江省,绥化市,望奎县,望奎,wangkuixian,wangkui,152100,WKX,local_county,1,1
2600907,26,26009,230000,黑龙江省,绥化市,海伦市,海伦,hailunshi,hailun,152300,HLS,local_county,1,1
2600908,26,26009,230000,黑龙江省,绥化市,绥棱县,绥棱,suilengxian,suileng,152200,SLX,local_county,1,1
2600909,26,26009,230000,黑龙江省,绥化市,肇东市,肇东,zhaodongshi,zhaodong,151100,ZDS,local_county,1,1
2600910,26,26009,230000,黑龙江省,绥化市,青冈县,青冈,qinggangxian,qinggang,151600,QGX,local_county,1,1
2601001,26,26010,230000,黑龙江省,鸡西市,城子河区,城子河,chengzihequ,chengzihe,158100,CZHQ,local_county,1,1
2601002,26,26010,230000,黑龙江省,鸡西市,密山市,密山,mishanshi,mishan,158300,MSS,local_county,1,1
2601003,26,26010,230000,黑龙江省,鸡西市,恒山区,恒山,hengshanqu,hengshan,158100,HSQ,local_county,1,1
2601004,26,26010,230000,黑龙江省,鸡西市,梨树区,梨树,lishuqu,lishu,158100,LSQ,local_county,1,1
2601005,26,26010,230000,黑龙江省,鸡西市,滴道区,滴道,didaoqu,didao,158100,DDQ,local_county,1,1
2601006,26,26010,230000,黑龙江省,鸡西市,虎林市,虎林,hulinshi,hulin,158400,HLS,local_county,1,1
2601007,26,26010,230000,黑龙江省,鸡西市,鸡东县,鸡东,jidongxian,jidong,158200,JDX,local_county,1,1
2601008,26,26010,230000,黑龙江省,鸡西市,鸡冠区,鸡冠,jiguanqu,jiguan,158100,JGQ,local_county,1,1
2601009,26,26010,230000,黑龙江省,鸡西市,麻山区,麻山,mashanqu,mashan,158100,MSQ,local_county,1,1
2601101,26,26011,230000,黑龙江省,鹤岗市,东山区,东山,dongshanqu,dongshan,154100,DSQ,local_county,1,1
2601102,26,26011,230000,黑龙江省,鹤岗市,兴安区,兴安,xinganqu,xingan,154100,XAQ,local_county,1,1
2601103,26,26011,230000,黑龙江省,鹤岗市,兴山区,兴山,xingshanqu,xingshan,154100,XSQ,local_county,1,1
2601104,26,26011,230000,黑龙江省,鹤岗市,南山区,南山,nanshanqu,nanshan,154100,NSQ,local_county,1,1
2601105,26,26011,230000,黑龙江省,鹤岗市,向阳区,向阳,xiangyangqu,xiangyang,154000,XYQ,local_county,1,1
2601106,26,26011,230000,黑龙江省,鹤岗市,工农区,工农,gongnongqu,gongnong,154100,GNQ,local_county,1,1
2601107,26,26011,230000,黑龙江省,鹤岗市,绥滨县,绥滨,suibinxian,suibin,156200,SBX,local_county,1,1
2601108,26,26011,230000,黑龙江省,鹤岗市,萝北县,萝北,luobeixian,luobei,154200,LBX,local_county,1,1
2601201,26,26012,230000,黑龙江省,黑河市,五大连池市,五大连池,wudalianchishi,wudalianchi,164100,WDLCS,local_county,1,1
2601202,26,26012,230000,黑龙江省,黑河市,北安市,北安,beianshi,beian,164000,BAS,local_county,1,1
2601203,26,26012,230000,黑龙江省,黑河市,嫩江县,嫩江,nenjiangxian,nenjiang,161400,NJX,local_county,1,1
2601204,26,26012,230000,黑龙江省,黑河市,孙吴县,孙吴,sunwuxian,sunwu,164200,SWX,local_county,1,1
2601205,26,26012,230000,黑龙江省,黑河市,爱辉区,爱辉,aihuiqu,aihui,164300,AHQ,local_county,1,1
2601206,26,26012,230000,黑龙江省,黑河市,逊克县,逊克,xunkexian,xunke,164400,XKX,local_county,1,1
2601301,26,26013,230000,黑龙江省,齐齐哈尔市,依安县,依安,yianxian,yian,161500,YAX,local_county,1,1
2601302,26,26013,230000,黑龙江省,齐齐哈尔市,克东县,克东,kedongxian,kedong,164800,KDX,local_county,1,1
2601303,26,26013,230000,黑龙江省,齐齐哈尔市,克山县,克山,keshanxian,keshan,161600,KSX,local_county,1,1
2601304,26,26013,230000,黑龙江省,齐齐哈尔市,富拉尔基区,富拉尔基,fulaerjiqu,fulaerji,161000,FLEJQ,local_county,1,1
2601305,26,26013,230000,黑龙江省,齐齐哈尔市,富裕县,富裕,fuyuxian,fuyu,161200,FYX,local_county,1,1
2601306,26,26013,230000,黑龙江省,齐齐哈尔市,建华区,建华,jianhuaqu,jianhua,161000,JHQ,local_county,1,1
2601307,26,26013,230000,黑龙江省,齐齐哈尔市,拜泉县,拜泉,baiquanxian,baiquan,164700,BQX,local_county,1,1
2601308,26,26013,230000,黑龙江省,齐齐哈尔市,昂昂溪区,昂昂溪,angangxiqu,angangxi,161000,AAXQ,local_county,1,1
2601309,26,26013,230000,黑龙江省,齐齐哈尔市,梅里斯达斡尔族区,梅里斯达斡尔族,meilisidawoerzuqu,meilisidawoerzu,161000,LSDWEZQ,local_county,1,1
2601310,26,26013,230000,黑龙江省,齐齐哈尔市,泰来县,泰来,tailaixian,tailai,162400,TLX,local_county,1,1
2601311,26,26013,230000,黑龙江省,齐齐哈尔市,甘南县,甘南,gannanxian,gannan,162100,GNX,local_county,1,1
2601312,26,26013,230000,黑龙江省,齐齐哈尔市,碾子山区,碾子山,nianzishanqu,nianzishan,161000,NZSQ,local_county,1,1
2601313,26,26013,230000,黑龙江省,齐齐哈尔市,讷河市,讷河,neheshi,nehe,161300,HS,local_county,1,1
2601314,26,26013,230000,黑龙江省,齐齐哈尔市,铁锋区,铁锋,tiefengqu,tiefeng,161000,TFQ,local_county,1,1
2601315,26,26013,230000,黑龙江省,齐齐哈尔市,龙江县,龙江,longjiangxian,longjiang,161100,LJX,local_county,1,1
2601316,26,26013,230000,黑龙江省,齐齐哈尔市,龙沙区,龙沙,longshaqu,longsha,161000,LSQ,local_county,1,1
